{
	"format_version": "1.8.0",
	"animations": {
		"static_idle": {
			"loop": true,
			"bones": {
				"righthand": {
					"rotation": [109.60235, -353.79091, -178.07103],
					"position": [-6.5625, -15.0625, 7.5],
					"scale": [0.7, 1.2, 0.7]
				},
				"lefthand": {
					"rotation": [78.20965, -29.95759, -107.0432],
					"position": [6.73438, -13.4375, -4],
					"scale": [0.75, 1.35, 0.75]
				},
				"constraint": {
					"rotation": [0.15, 0.15, 0.15],
					"position": [0.15, 0.15, 0.15]
				},
				"bullet2": {
					"scale": 0
				}
			}
		},
		"inspect": {
			"loop": "hold_on_last_frame",
			"animation_length": 6.7333,
			"bones": {
				"righthand": {
					"rotation": {
						"0.0": [109.60235, -353.79091, -178.07103],
						"2.0333": {
							"pre": [119.6, -353.79, -178.07],
							"post": [119.6, -353.79, -178.07],
							"lerp_mode": "catmullrom"
						},
						"2.3": {
							"post": [109.60235, -353.79091, -178.07103],
							"lerp_mode": "catmullrom"
						},
						"5.2667": {
							"post": [109.60235, -353.79091, -178.07103],
							"lerp_mode": "catmullrom"
						},
						"5.5333": {
							"post": [124.44126, -351.31242, -176.36383],
							"lerp_mode": "catmullrom"
						},
						"5.7333": {
							"post": [135.22353, -349.53983, -173.79058],
							"lerp_mode": "catmullrom"
						},
						"6.2333": {
							"post": [124.44126, -351.31242, -176.36383],
							"lerp_mode": "catmullrom"
						},
						"6.3667": {
							"post": [112.32032, -352.08216, -176.99342],
							"lerp_mode": "catmullrom"
						},
						"6.5667": [109.60235, -353.79091, -178.07103]
					},
					"position": {
						"0.0": [-6.5625, -15.0625, 7.5],
						"1.9": [-6.5625, -15.0625, 7.5],
						"1.9667": {
							"pre": [-6.56, -16.19, 6.75],
							"post": [-6.56, -16.19, 6.75],
							"lerp_mode": "catmullrom"
						},
						"2.0333": {
							"post": [-6.56, -16.06, 5.5],
							"lerp_mode": "catmullrom"
						},
						"2.2": {
							"post": [-6.56, -16.19, 6.75],
							"lerp_mode": "catmullrom"
						},
						"2.3": {
							"post": [-6.5625, -15.0625, 7.5],
							"lerp_mode": "catmullrom"
						},
						"5.2667": {
							"post": [-6.5625, -15.0625, 7.5],
							"lerp_mode": "catmullrom"
						},
						"5.4667": {
							"post": [-6.8725, -17.31, 5.75],
							"lerp_mode": "catmullrom"
						},
						"5.7": {
							"post": [-7.17, -15.08, 0.6],
							"lerp_mode": "catmullrom"
						},
						"5.9333": {
							"post": [-7.1, -14.22, 3.09],
							"lerp_mode": "catmullrom"
						},
						"6.1": {
							"post": [-7.11, -14.11, 4.92],
							"lerp_mode": "catmullrom"
						},
						"6.3667": {
							"post": [-7.01791, -16.89504, 4.43059],
							"lerp_mode": "catmullrom"
						},
						"6.5667": [-6.5625, -15.0625, 7.5]
					},
					"scale": {
						"0.0": [0.7, 1.2, 0.7],
						"5.3": [0.7, 1.2, 0.7]
					}
				},
				"lefthand": {
					"rotation": {
						"0.0": [78.20965, -29.95759, -107.0432],
						"6.7333": [78.20965, -29.95759, -107.0432]
					},
					"position": {
						"0.0": [6.73438, -13.4375, -4],
						"3.8667": [6.73, -13.44, -4],
						"4.4667": [10.45491, -17.92215, 5.32928],
						"5.0": [102.13239, -145.49259, 197.48768],
						"6.0667": [102.13239, -145.49259, 197.48768],
						"6.4667": [8.6429, -18.69107, 5.68334],
						"6.7333": [6.73438, -13.4375, -4]
					},
					"scale": {
						"0.0": [0.75, 1.35, 0.75],
						"5.3": [0.75, 1.35, 0.75]
					}
				},
				"constraint": {
					"rotation": {
						"0.0": [0.15, 0.15, 0.15],
						"1.9": [0.15, 0.15, 0.15],
						"5.3": [0.15, 0.15, 0.15]
					},
					"position": {
						"0.0": [0.15, 0.15, 0.15],
						"1.9": [0.15, 0.15, 0.15],
						"5.3": [0.15, 0.15, 0.15]
					}
				},
				"bullet2": {
					"scale": {
						"0.0": [0, 0, 0],
						"1.9": [0, 0, 0],
						"5.3": [0, 0, 0]
					}
				},
				"root": {
					"rotation": {
						"0.0": [0, 0, 0],
						"0.5": [14.46375, -48.4076, -19.02909],
						"0.7667": [13.63482, -48.48044, -18.5899],
						"1.1667": [12.84257, -48.7225, -17.06311],
						"1.3333": [14.46375, -48.4076, -19.02909],
						"1.8": [-45.90469, -22.52101, 69.63943],
						"2.5333": {
							"pre": [-45.90469, -22.52101, 69.63943],
							"post": [-45.90469, -22.52101, 69.63943],
							"lerp_mode": "catmullrom"
						},
						"2.7333": {
							"post": [0, 0, 0],
							"lerp_mode": "catmullrom"
						},
						"3.3333": [-60, 20, 0],
						"3.8333": [-57.5, 20, 0],
						"4.8": [-47.5, 20, 0],
						"5.4": [0, 0, 0]
					},
					"position": {
						"0.0": {
							"post": [0, 0, 0],
							"lerp_mode": "catmullrom"
						},
						"0.2667": {
							"post": [-1.18988, -0.49769, 1.06469],
							"lerp_mode": "catmullrom"
						},
						"0.5": [-3.06418, 0, 2.57115],
						"1.3333": [-3.06418, 0, 2.57115],
						"2.6333": [-3.06418, 0, 2.57115],
						"3.3333": [2.94, 0, 2.57],
						"3.8667": [4.11797, -9.31494, 5.80644],
						"4.9333": [4.11797, -9.31494, 5.80644],
						"5.4": [0, -1, 0],
						"6.7333": [0, 0, 0]
					}
				},
				"gun": {
					"rotation": {
						"5.4667": {
							"pre": [0, 0, 0],
							"post": [0, 0, 0],
							"lerp_mode": "catmullrom"
						},
						"5.6333": {
							"post": [-37.5, 0, 0],
							"lerp_mode": "catmullrom"
						},
						"5.8667": {
							"post": [-155, 0, 0],
							"lerp_mode": "catmullrom"
						},
						"6.0333": {
							"post": [-260, 0, 0],
							"lerp_mode": "catmullrom"
						},
						"6.2333": {
							"post": [-330, 0, 0],
							"lerp_mode": "catmullrom"
						},
						"6.5": {
							"post": [-360, 0, 0],
							"lerp_mode": "catmullrom"
						},
						"6.7333": [-360, 0, 0]
					},
					"position": {
						"5.4333": {
							"pre": [0, 0, 0],
							"post": [0, 0, 0],
							"lerp_mode": "catmullrom"
						},
						"5.5667": {
							"post": [0, 2, -4],
							"lerp_mode": "catmullrom"
						},
						"5.7333": {
							"post": [0, 4, -7],
							"lerp_mode": "catmullrom"
						},
						"5.9333": {
							"post": [0, 5, -5],
							"lerp_mode": "catmullrom"
						},
						"6.1": {
							"post": [0, 5, -2],
							"lerp_mode": "catmullrom"
						},
						"6.4": {
							"post": [0, -0.47976, -2.68256],
							"lerp_mode": "catmullrom"
						},
						"6.6333": {
							"post": [0, 0, 0],
							"lerp_mode": "catmullrom"
						}
					}
				},
				"ro": {
					"rotation": {
						"1.9": {
							"pre": [0, 0, 0],
							"post": [0, 0, 0],
							"lerp_mode": "catmullrom"
						},
						"2.0333": {
							"post": [-70, 0, 0],
							"lerp_mode": "catmullrom"
						},
						"2.3": {
							"post": [0, 0, 0],
							"lerp_mode": "catmullrom"
						},
						"5.3": {
							"post": [0, 0, 0],
							"lerp_mode": "catmullrom"
						},
						"5.4667": {
							"post": [-70, 0, 0],
							"lerp_mode": "catmullrom"
						},
						"6.2": {
							"post": [-70, 0, 0],
							"lerp_mode": "catmullrom"
						},
						"6.5333": {
							"post": [0, 0, 0],
							"lerp_mode": "catmullrom"
						}
					}
				},
				"relo": {
					"rotation": {
						"1.9": [0, 0, 0],
						"2.0333": [-105, 0, 0],
						"2.2333": [0, 0, 0]
					}
				},
				"rb": {
					"position": {
						"1.9": [0, 0, 0],
						"2.0333": [0, 0, 1.0625],
						"2.2333": [0, 0, 0]
					}
				},
				"bullet": {
					"position": {
						"1.9": [0, -2, 0],
						"2.0333": [0, -0.28125, 0]
					}
				},
				"camera": {
					"rotation": {
						"0.0": [0, 0, 0],
						"0.3667": {
							"pre": [5, 0, 0],
							"post": [5, 0, 0],
							"lerp_mode": "catmullrom"
						},
						"0.9": {
							"post": [4.74, 6, 0],
							"lerp_mode": "catmullrom"
						},
						"1.6": [20, 10, 0],
						"2.4667": [20, 10, 0],
						"3.1667": {
							"pre": [7, 0, 0],
							"post": [7, 0, 0],
							"lerp_mode": "catmullrom"
						},
						"3.8667": {
							"post": [-20, 0, 0],
							"lerp_mode": "catmullrom"
						},
						"4.4667": {
							"post": [-20, 0, 0],
							"lerp_mode": "catmullrom"
						},
						"5.2333": [1.63, 0, 0],
						"5.5333": {
							"pre": [10, 0, 0],
							"post": [10, 0, 0],
							"lerp_mode": "catmullrom"
						},
						"6.0": {
							"post": [-10, 0, 0],
							"lerp_mode": "catmullrom"
						},
						"6.5667": [0, 0, 0]
					}
				}
			}
		},
		"inspect_empty": {
			"loop": "hold_on_last_frame",
			"animation_length": 6.7333,
			"bones": {
				"righthand": {
					"rotation": {
						"0.0": [109.60235, -353.79091, -178.07103],
						"2.0333": {
							"pre": [119.6, -353.79, -178.07],
							"post": [119.6, -353.79, -178.07],
							"lerp_mode": "catmullrom"
						},
						"2.3": {
							"post": [109.60235, -353.79091, -178.07103],
							"lerp_mode": "catmullrom"
						},
						"5.2667": {
							"post": [109.60235, -353.79091, -178.07103],
							"lerp_mode": "catmullrom"
						},
						"5.5333": {
							"post": [124.44126, -351.31242, -176.36383],
							"lerp_mode": "catmullrom"
						},
						"5.7333": {
							"post": [135.22353, -349.53983, -173.79058],
							"lerp_mode": "catmullrom"
						},
						"6.2333": {
							"post": [124.44126, -351.31242, -176.36383],
							"lerp_mode": "catmullrom"
						},
						"6.3667": {
							"post": [112.32032, -352.08216, -176.99342],
							"lerp_mode": "catmullrom"
						},
						"6.5667": [109.60235, -353.79091, -178.07103]
					},
					"position": {
						"0.0": [-6.5625, -15.0625, 7.5],
						"1.9": [-6.5625, -15.0625, 7.5],
						"1.9667": {
							"pre": [-6.56, -16.19, 6.75],
							"post": [-6.56, -16.19, 6.75],
							"lerp_mode": "catmullrom"
						},
						"2.0333": {
							"post": [-6.56, -16.06, 5.5],
							"lerp_mode": "catmullrom"
						},
						"2.2": {
							"post": [-6.56, -16.19, 6.75],
							"lerp_mode": "catmullrom"
						},
						"2.3": {
							"post": [-6.5625, -15.0625, 7.5],
							"lerp_mode": "catmullrom"
						},
						"5.2667": {
							"post": [-6.5625, -15.0625, 7.5],
							"lerp_mode": "catmullrom"
						},
						"5.4667": {
							"post": [-6.8725, -17.31, 5.75],
							"lerp_mode": "catmullrom"
						},
						"5.7": {
							"post": [-7.17, -15.08, 0.6],
							"lerp_mode": "catmullrom"
						},
						"5.9333": {
							"post": [-7.1, -14.22, 3.09],
							"lerp_mode": "catmullrom"
						},
						"6.1": {
							"post": [-7.11, -14.11, 4.92],
							"lerp_mode": "catmullrom"
						},
						"6.3667": {
							"post": [-7.01791, -16.89504, 4.43059],
							"lerp_mode": "catmullrom"
						},
						"6.5667": [-6.5625, -15.0625, 7.5]
					},
					"scale": {
						"0.0": [0.7, 1.2, 0.7],
						"5.3": [0.7, 1.2, 0.7]
					}
				},
				"lefthand": {
					"rotation": {
						"0.0": [78.20965, -29.95759, -107.0432],
						"6.7333": [78.20965, -29.95759, -107.0432]
					},
					"position": {
						"0.0": [6.73438, -13.4375, -4],
						"3.8667": [6.73, -13.44, -4],
						"4.4667": [10.45491, -17.92215, 5.32928],
						"5.0": [102.13239, -145.49259, 197.48768],
						"6.0667": [102.13239, -145.49259, 197.48768],
						"6.4667": [8.6429, -18.69107, 5.68334],
						"6.7333": [6.73438, -13.4375, -4]
					},
					"scale": {
						"0.0": [0.75, 1.35, 0.75],
						"5.3": [0.75, 1.35, 0.75]
					}
				},
				"constraint": {
					"rotation": {
						"0.0": [0.15, 0.15, 0.15],
						"1.9": [0.15, 0.15, 0.15],
						"5.3": [0.15, 0.15, 0.15]
					},
					"position": {
						"0.0": [0.15, 0.15, 0.15],
						"1.9": [0.15, 0.15, 0.15],
						"5.3": [0.15, 0.15, 0.15]
					}
				},
				"bullet2": {
					"scale": {
						"0.0": [0, 0, 0],
						"1.9": [0, 0, 0],
						"5.3": [0, 0, 0]
					}
				},
				"root": {
					"rotation": {
						"0.0": [0, 0, 0],
						"0.5": [14.46375, -48.4076, -19.02909],
						"0.7667": [13.63482, -48.48044, -18.5899],
						"1.1667": [12.84257, -48.7225, -17.06311],
						"1.3333": [14.46375, -48.4076, -19.02909],
						"1.8": [-45.90469, -22.52101, 69.63943],
						"2.5333": {
							"pre": [-45.90469, -22.52101, 69.63943],
							"post": [-45.90469, -22.52101, 69.63943],
							"lerp_mode": "catmullrom"
						},
						"2.7333": {
							"post": [0, 0, 0],
							"lerp_mode": "catmullrom"
						},
						"3.3333": [-60, 20, 0],
						"3.8333": [-57.5, 20, 0],
						"4.8": [-47.5, 20, 0],
						"5.4": [0, 0, 0]
					},
					"position": {
						"0.0": {
							"post": [0, 0, 0],
							"lerp_mode": "catmullrom"
						},
						"0.2667": {
							"post": [-1.18988, -0.49769, 1.06469],
							"lerp_mode": "catmullrom"
						},
						"0.5": [-3.06418, 0, 2.57115],
						"1.3333": [-3.06418, 0, 2.57115],
						"2.6333": [-3.06418, 0, 2.57115],
						"3.3333": [2.94, 0, 2.57],
						"3.8667": [4.11797, -9.31494, 5.80644],
						"4.9333": [4.11797, -9.31494, 5.80644],
						"5.4": [0, -1, 0]
					}
				},
				"gun": {
					"rotation": {
						"5.4667": {
							"pre": [0, 0, 0],
							"post": [0, 0, 0],
							"lerp_mode": "catmullrom"
						},
						"5.6333": {
							"post": [-37.5, 0, 0],
							"lerp_mode": "catmullrom"
						},
						"5.8667": {
							"post": [-155, 0, 0],
							"lerp_mode": "catmullrom"
						},
						"6.0333": {
							"post": [-260, 0, 0],
							"lerp_mode": "catmullrom"
						},
						"6.2333": {
							"post": [-330, 0, 0],
							"lerp_mode": "catmullrom"
						},
						"6.5": {
							"post": [-360, 0, 0],
							"lerp_mode": "catmullrom"
						},
						"6.7333": [-360, 0, 0]
					},
					"position": {
						"5.4333": {
							"pre": [0, 0, 0],
							"post": [0, 0, 0],
							"lerp_mode": "catmullrom"
						},
						"5.5667": {
							"post": [0, 2, -4],
							"lerp_mode": "catmullrom"
						},
						"5.7333": {
							"post": [0, 4, -7],
							"lerp_mode": "catmullrom"
						},
						"5.9333": {
							"post": [0, 5, -5],
							"lerp_mode": "catmullrom"
						},
						"6.1": {
							"post": [0, 5, -2],
							"lerp_mode": "catmullrom"
						},
						"6.4": {
							"post": [0, -0.47976, -2.68256],
							"lerp_mode": "catmullrom"
						},
						"6.6333": {
							"post": [0, 0, 0],
							"lerp_mode": "catmullrom"
						}
					}
				},
				"ro": {
					"rotation": {
						"1.9": {
							"pre": [0, 0, 0],
							"post": [0, 0, 0],
							"lerp_mode": "catmullrom"
						},
						"2.0333": {
							"post": [-70, 0, 0],
							"lerp_mode": "catmullrom"
						},
						"2.3": {
							"post": [0, 0, 0],
							"lerp_mode": "catmullrom"
						},
						"5.3": {
							"post": [0, 0, 0],
							"lerp_mode": "catmullrom"
						},
						"5.4667": {
							"post": [-70, 0, 0],
							"lerp_mode": "catmullrom"
						},
						"6.2": {
							"post": [-70, 0, 0],
							"lerp_mode": "catmullrom"
						},
						"6.5333": {
							"post": [0, 0, 0],
							"lerp_mode": "catmullrom"
						}
					}
				},
				"relo": {
					"rotation": {
						"1.9": [0, 0, 0],
						"2.0333": [-105, 0, 0],
						"2.2333": [0, 0, 0]
					}
				},
				"rb": {
					"position": {
						"1.9": [0, 0, 0],
						"2.0333": [0, 0, 1.0625],
						"2.2333": [0, 0, 0]
					}
				},
				"bullet": {
					"scale": 0
				},
				"camera": {
					"rotation": {
						"0.0": [0, 0, 0],
						"0.3667": {
							"pre": [5, 0, 0],
							"post": [5, 0, 0],
							"lerp_mode": "catmullrom"
						},
						"0.9": {
							"post": [4.74, 6, 0],
							"lerp_mode": "catmullrom"
						},
						"1.6": [20, 10, 0],
						"2.4667": [20, 10, 0],
						"3.1667": {
							"pre": [7, 0, 0],
							"post": [7, 0, 0],
							"lerp_mode": "catmullrom"
						},
						"3.8667": {
							"post": [-20, 0, 0],
							"lerp_mode": "catmullrom"
						},
						"4.4667": {
							"post": [-20, 0, 0],
							"lerp_mode": "catmullrom"
						},
						"5.2333": [1.63, 0, 0],
						"5.5333": {
							"pre": [10, 0, 0],
							"post": [10, 0, 0],
							"lerp_mode": "catmullrom"
						},
						"6.0": {
							"post": [-10, 0, 0],
							"lerp_mode": "catmullrom"
						},
						"6.5667": [0, 0, 0]
					}
				}
			}
		},
		"reload_tactical_old": {
			"loop": "hold_on_last_frame",
			"animation_length": 4.0667,
			"bones": {
				"righthand": {
					"rotation": {
						"0.0": [109.60235, -353.79091, -178.07103],
						"0.2333": [109.6, -353.79, -178.07],
						"0.3": [109.6, -353.79, -178.07],
						"0.4667": [104.39695, -345.46807, -205.50483],
						"0.6667": [99.93573, -362.91484, -143.81654],
						"0.8": [107.47187, -360.10985, -124.19246],
						"1.2": [104.39695, -345.46807, -205.50483],
						"1.4": [99.93573, -362.91484, -143.81654],
						"1.5333": [107.47187, -360.10985, -124.19246],
						"1.9333": [104.39695, -345.46807, -205.50483],
						"2.1333": [99.93573, -362.91484, -143.81654],
						"2.2667": [107.47187, -360.10985, -124.19246],
						"2.6667": [104.39695, -345.46807, -205.50483],
						"2.8667": [99.93573, -362.91484, -143.81654],
						"3.0": [107.47187, -360.10985, -124.19246],
						"3.4": [104.39695, -345.46807, -205.50483],
						"3.6667": {
							"pre": [109.60235, -353.79091, -178.07103],
							"post": [109.60235, -353.79091, -178.07103],
							"lerp_mode": "catmullrom"
						},
						"3.8333": {
							"post": [119.6, -353.79, -178.07],
							"lerp_mode": "catmullrom"
						},
						"4.0667": [109.60235, -353.79091, -178.07103]
					},
					"position": {
						"0.0": [-6.5625, -15.0625, 7.5],
						"0.2333": [-6.56, -15.06, 7.5],
						"0.4667": [-6.56, -18.06, 7.5],
						"0.6667": [-8.1766, -13.89948, 4.50037],
						"0.8": [-7.91651, -12.89641, 4.30692],
						"1.2": [-6.56, -18.06, 7.5],
						"1.4": [-8.1766, -13.89948, 4.50037],
						"1.5333": [-7.91651, -12.89641, 4.30692],
						"1.9333": [-6.56, -18.06, 7.5],
						"2.1333": [-8.1766, -13.89948, 4.50037],
						"2.2667": [-7.91651, -12.89641, 4.30692],
						"2.6667": [-6.56, -18.06, 7.5],
						"2.8667": [-8.1766, -13.89948, 4.50037],
						"3.0": [-7.91651, -12.89641, 4.30692],
						"3.4": [-6.56, -18.06, 7.5],
						"3.6667": {
							"pre": [-6.5625, -15.0625, 7.5],
							"post": [-6.5625, -15.0625, 7.5],
							"lerp_mode": "catmullrom"
						},
						"3.7333": {
							"post": [-6.56, -16.19, 6.75],
							"lerp_mode": "catmullrom"
						},
						"3.8333": {
							"post": [-6.56, -16.06, 5.5],
							"lerp_mode": "catmullrom"
						},
						"3.9667": {
							"post": [-6.56, -16.19, 6.75],
							"lerp_mode": "catmullrom"
						},
						"4.0667": [-6.5625, -15.0625, 7.5]
					},
					"scale": {
						"0.0": [0.7, 1.2, 0.7],
						"3.6667": [0.7, 1.2, 0.7]
					}
				},
				"lefthand": {
					"rotation": {
						"0.0": [78.20965, -29.95759, -107.0432],
						"0.3667": [106.37578, -17.60092, -161.33343],
						"3.2333": [106.37578, -17.60092, -161.33343],
						"3.6667": [78.20965, -29.95759, -107.0432]
					},
					"position": {
						"0.0": [6.73438, -13.4375, -4],
						"0.3667": [7.855, -13.0025, -4],
						"3.2333": [7.855, -13.0025, -4],
						"3.6667": [6.73438, -13.4375, -4]
					},
					"scale": {
						"0.0": [0.75, 1.35, 0.75],
						"3.6667": [0.75, 1.35, 0.75]
					}
				},
				"constraint": {
					"rotation": {
						"0.0": [0.15, 0.15, 0.15],
						"3.6667": [0.15, 0.15, 0.15]
					},
					"position": {
						"0.0": [0.15, 0.15, 0.15],
						"3.6667": [0.15, 0.15, 0.15]
					}
				},
				"root": {
					"rotation": {
						"0.0": [0, 0, 0],
						"0.3667": [4.50432, 19.50645, 13.27463],
						"3.2333": [4.50432, 19.50645, 13.27463],
						"3.6667": [0, 0, 0],
						"3.8": [-1, 0, 0],
						"4.0": [0, 0, 0]
					},
					"position": {
						"0.0": [0, 0, 0],
						"0.3667": [4, 0, 0],
						"3.2333": [4, 0, 0],
						"3.6667": [0, 0, 0]
					}
				},
				"righthand_pos": {
					"rotation": {
						"0.8": [0, 0, 0],
						"0.8667": [1, 0, 0],
						"0.9333": [0, 0, 0],
						"1.5333": [0, 0, 0],
						"1.6": [1, 0, 0],
						"1.6667": [0, 0, 0],
						"2.2667": [0, 0, 0],
						"2.3333": [1, 0, 0],
						"2.4": [0, 0, 0],
						"3.0": [0, 0, 0],
						"3.0667": [1, 0, 0],
						"3.1333": [0, 0, 0]
					},
					"position": {
						"0.8": [0, 0, 0],
						"0.8667": [0, 0, -0.3125],
						"0.9333": [0, 0, 0],
						"1.5333": [0, 0, 0],
						"1.6": [0, 0, -0.3125],
						"1.6667": [0, 0, 0],
						"2.2667": [0, 0, 0],
						"2.3333": [0, 0, -0.3125],
						"2.4": [0, 0, 0],
						"3.0": [0, 0, 0],
						"3.0667": [0, 0, -0.3125],
						"3.1333": [0, 0, 0]
					}
				},
				"ro": {
					"rotation": {
						"3.6667": {
							"pre": [0, 0, 0],
							"post": [0, 0, 0],
							"lerp_mode": "catmullrom"
						},
						"3.8333": {
							"post": [-70, 0, 0],
							"lerp_mode": "catmullrom"
						},
						"4.0667": [0, 0, 0]
					}
				},
				"bullet": {
					"scale": 0
				},
				"relo": {
					"rotation": {
						"3.6667": [0, 0, 0],
						"3.8": [-105, 0, 0],
						"4.0": [0, 0, 0]
					}
				},
				"rb": {
					"position": {
						"3.6667": [0, 0, 0],
						"3.8": [0, 0, 1.0625],
						"4.0": [0, 0, 0]
					}
				},
				"relad": {
					"rotation": {
						"0.8": [0, 0, 0],
						"0.8667": [0, -10, 0],
						"0.9333": [0, 0, 0],
						"1.5333": [0, 0, 0],
						"1.6": [0, -10, 0],
						"1.6667": [0, 0, 0],
						"2.2667": [0, 0, 0],
						"2.3333": [0, -10, 0],
						"2.4": [0, 0, 0],
						"3.0": [0, 0, 0],
						"3.0667": [0, -10, 0],
						"3.1333": [0, 0, 0]
					}
				},
				"bullet2": {
					"rotation": {
						"0.4": [-90, 0, 0],
						"0.8667": [-90, 0, 0],
						"1.1333": [-90, 0, 0],
						"1.6": [-90, 0, 0],
						"1.8667": [-90, 0, 0],
						"2.3333": [-90, 0, 0],
						"2.6": [-90, 0, 0],
						"3.0667": [-90, 0, 0]
					},
					"position": {
						"0.4": [5, 10, -6],
						"0.4667": [6.5625, 11.375, -6.9375],
						"0.8": [6.5625, 11.375, -6.9375],
						"0.8667": [6.56, 13.1925, -7.315],
						"1.1333": [5, 10, -6],
						"1.2": [6.5625, 11.375, -6.9375],
						"1.5333": [6.5625, 11.375, -6.9375],
						"1.6": [6.56, 11.38, -6.94],
						"1.8667": [5, 10, -6],
						"1.9333": [6.5625, 11.375, -6.9375],
						"2.2667": [6.5625, 11.375, -6.9375],
						"2.3333": [6.56, 13.1925, -7.315],
						"2.6": [5, 10, -6],
						"2.6667": [6.5625, 11.375, -6.9375],
						"3.0": [6.5625, 11.375, -6.9375],
						"3.0667": [6.56, 11.38, -6.94]
					},
					"scale": {
						"0.4": {
							"pre": [0, 0, 0],
							"post": [1, 1, 1]
						},
						"0.8333": {
							"pre": [1, 1, 1],
							"post": [0, 0, 0]
						},
						"1.1333": {
							"pre": [0, 0, 0],
							"post": [1, 1, 1]
						},
						"1.5667": {
							"pre": [1, 1, 1],
							"post": [0, 0, 0]
						},
						"1.8667": {
							"pre": [0, 0, 0],
							"post": [1, 1, 1]
						},
						"2.3": {
							"pre": [1, 1, 1],
							"post": [0, 0, 0]
						},
						"2.6": {
							"pre": [0, 0, 0],
							"post": [1, 1, 1]
						},
						"3.0333": {
							"pre": [1, 1, 1],
							"post": [0, 0, 0]
						}
					}
				}
			}
		},
		"reload_end": {
			"loop": "hold_on_last_frame",
			"animation_length": 0.8333,
			"bones": {
				"righthand": {
					"rotation": {
						"0.1667": [104.39695, -345.46807, -205.50483],
						"0.4333": {
							"pre": [109.60235, -353.79091, -178.07103],
							"post": [109.60235, -353.79091, -178.07103],
							"lerp_mode": "catmullrom"
						},
						"0.6": {
							"post": [119.6, -353.79, -178.07],
							"lerp_mode": "catmullrom"
						},
						"0.8333": [109.60235, -353.79091, -178.07103]
					},
					"position": {
						"0.1667": [-6.56, -18.06, 7.5],
						"0.4333": {
							"pre": [-6.5625, -15.0625, 7.5],
							"post": [-6.5625, -15.0625, 7.5],
							"lerp_mode": "catmullrom"
						},
						"0.5": {
							"post": [-6.56, -16.19, 6.75],
							"lerp_mode": "catmullrom"
						},
						"0.6": {
							"post": [-6.56, -16.06, 5.5],
							"lerp_mode": "catmullrom"
						},
						"0.7333": {
							"post": [-6.56, -16.19, 6.75],
							"lerp_mode": "catmullrom"
						},
						"0.8333": [-6.5625, -15.0625, 7.5]
					},
					"scale": [0.7, 1.2, 0.7]
				},
				"lefthand": {
					"rotation": {
						"0.0": [106.37578, -17.60092, -161.33343],
						"0.4333": [78.20965, -29.95759, -107.0432]
					},
					"position": {
						"0.0": [7.855, -13.0025, -4],
						"0.4333": [6.73438, -13.4375, -4]
					},
					"scale": [0.75, 1.35, 0.75]
				},
				"constraint": {
					"rotation": [0.15, 0.15, 0.15],
					"position": [0.15, 0.15, 0.15]
				},
				"root": {
					"rotation": {
						"0.0": [4.50432, 19.50645, 13.27463],
						"0.4333": [0, 0, 0],
						"0.5667": [-1, 0, 0],
						"0.7667": [0, 0, 0]
					},
					"position": {
						"0.0": [4, 0, 0],
						"0.4333": [0, 0, 0]
					}
				},
				"ro": {
					"rotation": {
						"0.4333": {
							"pre": [0, 0, 0],
							"post": [0, 0, 0],
							"lerp_mode": "catmullrom"
						},
						"0.6": {
							"post": [-70, 0, 0],
							"lerp_mode": "catmullrom"
						},
						"0.8333": [0, 0, 0]
					}
				},
				"relo": {
					"rotation": {
						"0.4333": [0, 0, 0],
						"0.5667": [-105, 0, 0],
						"0.7667": [0, 0, 0]
					}
				},
				"rb": {
					"position": {
						"0.4333": [0, 0, 0],
						"0.5667": [0, 0, 1.0625],
						"0.7667": [0, 0, 0]
					}
				},
				"bullet2": {
					"scale": {
						"0.0": {
							"pre": [1, 1, 1],
							"post": [0, 0, 0]
						}
					}
				}
			},
			"sound_effects": {
				"0.0333": {
					"effect": "tacz:m870/m870_reload_end_turnover"
				},
				"0.4333": {
					"effect": "hlm:annabelle/bolt"
				}
			}
		},
		"reload_loop": {
			"loop": "hold_on_last_frame",
			"animation_length": 0.8333,
			"bones": {
				"righthand": {
					"rotation": {
						"0.1": [104.39695, -345.46807, -205.50483],
						"0.3": [99.93573, -362.91484, -143.81654],
						"0.4333": [107.47187, -360.10985, -124.19246],
						"0.8333": [104.39695, -345.46807, -205.50483]
					},
					"position": {
						"0.1": [-6.56, -18.06, 7.5],
						"0.3": [-8.1766, -13.89948, 4.50037],
						"0.4333": [-7.91651, -12.89641, 4.30692],
						"0.8333": [-6.56, -18.06, 7.5]
					}
				},
				"lefthand": {
					"rotation": [106.37578, -17.60092, -161.33343],
					"position": [7.855, -13.0025, -4]
				},
				"root": {
					"rotation": [4.50432, 19.50645, 13.27463],
					"position": [4, 0, 0]
				},
				"righthand_pos": {
					"rotation": {
						"0.4333": [0, 0, 0],
						"0.5": [1, 0, 0],
						"0.5667": [0, 0, 0]
					},
					"position": {
						"0.4333": [0, 0, 0],
						"0.5": [0, 0, -0.3125],
						"0.5667": [0, 0, 0]
					}
				},
				"relad": {
					"rotation": {
						"0.4333": [0, 0, 0],
						"0.5": [0, -10, 0],
						"0.5667": [0, 0, 0]
					}
				},
				"bullet2": {
					"rotation": {
						"0.0": [-90, 0, 0],
						"0.4667": [-90, 0, 0],
						"0.7333": [-90, 0, 0]
					},
					"position": {
						"0.0": [5, 10, -6],
						"0.0667": [6.5625, 11.375, -6.9375],
						"0.4": [6.5625, 11.375, -6.9375],
						"0.4667": [6.56, 13.1925, -7.315],
						"0.7333": [5, 10, -6],
						"0.8": [6.5625, 11.375, -6.9375]
					},
					"scale": {
						"0.0": {
							"pre": [0, 0, 0],
							"post": [1, 1, 1]
						},
						"0.4333": {
							"pre": [1, 1, 1],
							"post": [0, 0, 0]
						},
						"0.7333": {
							"pre": [0, 0, 0],
							"post": [1, 1, 1]
						}
					}
				}
			},
			"sound_effects": {
				"0.4": {
					"effect": "hlm:annabelle/reload"
				}
			}
		},
		"reload_intro": {
			"loop": "hold_on_last_frame",
			"animation_length": 0.4333,
			"bones": {
				"righthand": {
					"rotation": {
						"0.0": [109.60235, -353.79091, -178.07103],
						"0.2333": [109.6, -353.79, -178.07],
						"0.3": [109.6, -353.79, -178.07]
					},
					"position": {
						"0.0": [-6.5625, -15.0625, 7.5],
						"0.2333": [-6.56, -15.06, 7.5]
					},
					"scale": [0.7, 1.2, 0.7]
				},
				"lefthand": {
					"rotation": {
						"0.0": [78.20965, -29.95759, -107.0432],
						"0.3667": [106.37578, -17.60092, -161.33343],
						"0.4": [106.37578, -17.60092, -161.33343]
					},
					"position": {
						"0.0": [6.73438, -13.4375, -4],
						"0.3667": [7.855, -13.0025, -4],
						"0.4": [7.855, -13.0025, -4]
					},
					"scale": [0.75, 1.35, 0.75]
				},
				"constraint": {
					"rotation": [0.15, 0.15, 0.15],
					"position": [0.15, 0.15, 0.15]
				},
				"root": {
					"rotation": {
						"0.0": [0, 0, 0],
						"0.3667": [4.50432, 19.50645, 13.27463],
						"0.4": [4.50432, 19.50645, 13.27463]
					},
					"position": {
						"0.0": [0, 0, 0],
						"0.3667": [4, 0, 0],
						"0.4": [4, 0, 0]
					}
				},
				"bullet": {
					"scale": 0
				},
				"bullet2": {
					"rotation": [-90, 0, 0],
					"position": [5, 10, -6],
					"scale": {
						"0.4333": {
							"pre": [0, 0, 0],
							"post": [1, 1, 1]
						}
					}
				}
			},
			"sound_effects": {
				"0.0": {
					"effect": "tacz:m870/m870_reload_start_twist"
				}
			}
		},
		"reload_intro_empty": {
			"loop": "hold_on_last_frame",
			"animation_length": 1.2667,
			"bones": {
				"righthand": {
					"rotation": {
						"0.0": [109.60235, -353.79091, -178.07103],
						"0.2333": [109.6, -353.79, -178.07],
						"0.3": [109.6, -353.79, -178.07],
						"0.5333": [104.39695, -345.46807, -205.50483],
						"0.7333": [99.93573, -362.91484, -143.81654],
						"0.8667": [107.47187, -360.10985, -124.19246],
						"1.2667": [104.39695, -345.46807, -205.50483]
					},
					"position": {
						"0.0": [-6.5625, -15.0625, 7.5],
						"0.2333": [-6.56, -15.06, 7.5],
						"0.5333": [-6.56, -18.06, 7.5],
						"0.7333": [-8.1766, -13.89948, 4.50037],
						"0.8667": [-7.91651, -12.89641, 4.30692],
						"1.2667": [-6.56, -18.06, 7.5]
					},
					"scale": [0.7, 1.2, 0.7]
				},
				"lefthand": {
					"rotation": {
						"0.0": [78.20965, -29.95759, -107.0432],
						"0.3667": [106.37578, -17.60092, -161.33343],
						"0.4": [106.37578, -17.60092, -161.33343],
						"0.4333": [106.37578, -17.60092, -161.33343]
					},
					"position": {
						"0.0": [6.73438, -13.4375, -4],
						"0.3667": [7.855, -13.0025, -4],
						"0.4": [7.855, -13.0025, -4],
						"0.4333": [7.855, -13.0025, -4]
					},
					"scale": [0.75, 1.35, 0.75]
				},
				"constraint": {
					"rotation": [0.15, 0.15, 0.15],
					"position": [0.15, 0.15, 0.15]
				},
				"root": {
					"rotation": {
						"0.0": [0, 0, 0],
						"0.3667": [4.50432, 19.50645, 13.27463],
						"0.4": [4.50432, 19.50645, 13.27463],
						"0.4333": [4.50432, 19.50645, 13.27463]
					},
					"position": {
						"0.0": [0, 0, 0],
						"0.3667": [4, 0, 0],
						"0.4": [4, 0, 0],
						"0.4333": [4, 0, 0]
					}
				},
				"bullet": {
					"scale": 0
				},
				"bullet2": {
					"rotation": {
						"0.4333": [-90, 0, 0],
						"0.9": [-90, 0, 0],
						"1.1667": [-90, 0, 0]
					},
					"position": {
						"0.4333": [5, 10, -6],
						"0.5": [6.5625, 11.375, -6.9375],
						"0.8333": [6.5625, 11.375, -6.9375],
						"0.9": [6.56, 13.1925, -7.315],
						"1.1667": [5, 10, -6],
						"1.2333": [6.5625, 11.375, -6.9375]
					},
					"scale": {
						"0.4333": {"pre": [0, 0, 0], "post": [1, 1, 1]},
						"0.8667": {"pre": [1, 1, 1], "post": [0, 0, 0]},
						"1.1667": {"pre": [0, 0, 0], "post": [1, 1, 1]}
					}
				},
				"righthand_pos": {
					"rotation": {
						"0.8667": [0, 0, 0],
						"0.9333": [1, 0, 0],
						"1.0": [0, 0, 0]
					},
					"position": {
						"0.8667": [0, 0, 0],
						"0.9333": [0, 0, -0.3125],
						"1.0": [0, 0, 0]
					}
				},
				"relad": {
					"rotation": {
						"0.8667": [0, 0, 0],
						"0.9333": [0, -10, 0],
						"1.0": [0, 0, 0]
					}
				}
			},
			"sound_effects": {
				"0.0": {
					"effect": "tacz:m870/m870_reload_start_twist"
				},
				"0.8": {
					"effect": "hlm:annabelle/reload"
				}
			}
		},
		"reload_empty_old": {
			"loop": "hold_on_last_frame",
			"animation_length": 5.8,
			"bones": {
				"righthand": {
					"rotation": {
						"0.0": [109.60235, -353.79091, -178.07103],
						"0.2333": [109.6, -353.79, -178.07],
						"0.3": [109.6, -353.79, -178.07],
						"0.4667": [104.39695, -345.46807, -205.50483],
						"0.6667": [99.93573, -362.91484, -143.81654],
						"0.8": [107.47187, -360.10985, -124.19246],
						"1.2": [104.39695, -345.46807, -205.50483],
						"1.4": [99.93573, -362.91484, -143.81654],
						"1.5333": [107.47187, -360.10985, -124.19246],
						"1.9333": [104.39695, -345.46807, -205.50483],
						"2.1333": [99.93573, -362.91484, -143.81654],
						"2.2667": [107.47187, -360.10985, -124.19246],
						"2.6667": [104.39695, -345.46807, -205.50483],
						"2.8667": [99.93573, -362.91484, -143.81654],
						"3.0": [107.47187, -360.10985, -124.19246],
						"3.4": [104.39695, -345.46807, -205.50483],
						"3.6": [99.93573, -362.91484, -143.81654],
						"3.7333": [107.47187, -360.10985, -124.19246],
						"4.1333": [104.39695, -345.46807, -205.50483],
						"4.3333": [99.93573, -362.91484, -143.81654],
						"4.4667": [107.47187, -360.10985, -124.19246],
						"4.8667": [104.39695, -345.46807, -205.50483],
						"5.0667": [99.93573, -362.91484, -143.81654],
						"5.2": [107.47187, -360.10985, -124.19246],
						"5.4": {
							"pre": [109.60235, -353.79091, -178.07103],
							"post": [109.60235, -353.79091, -178.07103],
							"lerp_mode": "catmullrom"
						},
						"5.5667": {
							"post": [119.6, -353.79, -178.07],
							"lerp_mode": "catmullrom"
						},
						"5.8": [109.60235, -353.79091, -178.07103]
					},
					"position": {
						"0.0": [-6.5625, -15.0625, 7.5],
						"0.2333": [-6.56, -15.06, 7.5],
						"0.4667": [-6.56, -18.06, 7.5],
						"0.6667": [-8.1766, -13.89948, 4.50037],
						"0.8": [-7.91651, -12.89641, 4.30692],
						"1.2": [-6.56, -18.06, 7.5],
						"1.4": [-8.1766, -13.89948, 4.50037],
						"1.5333": [-7.91651, -12.89641, 4.30692],
						"1.9333": [-6.56, -18.06, 7.5],
						"2.1333": [-8.1766, -13.89948, 4.50037],
						"2.2667": [-7.91651, -12.89641, 4.30692],
						"2.6667": [-6.56, -18.06, 7.5],
						"2.8667": [-8.1766, -13.89948, 4.50037],
						"3.0": [-7.91651, -12.89641, 4.30692],
						"3.4": [-6.56, -18.06, 7.5],
						"3.6": [-8.1766, -13.89948, 4.50037],
						"3.7333": [-7.91651, -12.89641, 4.30692],
						"4.1333": [-6.56, -18.06, 7.5],
						"4.3333": [-8.1766, -13.89948, 4.50037],
						"4.4667": [-7.91651, -12.89641, 4.30692],
						"4.8667": [-6.56, -18.06, 7.5],
						"5.0667": [-8.1766, -13.89948, 4.50037],
						"5.2": [-7.91651, -12.89641, 4.30692],
						"5.4": {
							"pre": [-6.5625, -15.0625, 7.5],
							"post": [-6.5625, -15.0625, 7.5],
							"lerp_mode": "catmullrom"
						},
						"5.4667": {
							"post": [-6.56, -16.19, 6.75],
							"lerp_mode": "catmullrom"
						},
						"5.5667": {
							"post": [-6.56, -16.06, 5.5],
							"lerp_mode": "catmullrom"
						},
						"5.7": {
							"post": [-6.56, -16.19, 6.75],
							"lerp_mode": "catmullrom"
						},
						"5.8": [-6.5625, -15.0625, 7.5]
					},
					"scale": {
						"0.0": [0.7, 1.2, 0.7],
						"5.4": [0.7, 1.2, 0.7]
					}
				},
				"lefthand": {
					"rotation": {
						"0.0": [78.20965, -29.95759, -107.0432],
						"0.3667": [106.37578, -17.60092, -161.33343],
						"4.9333": [106.37578, -17.60092, -161.33343],
						"5.4": [78.20965, -29.95759, -107.0432]
					},
					"position": {
						"0.0": [6.73438, -13.4375, -4],
						"0.3667": [7.855, -13.0025, -4],
						"4.9333": [7.855, -13.0025, -4],
						"5.4": [6.73438, -13.4375, -4]
					},
					"scale": {
						"0.0": [0.75, 1.35, 0.75],
						"5.4": [0.75, 1.35, 0.75]
					}
				},
				"constraint": {
					"rotation": {
						"0.0": [0.15, 0.15, 0.15],
						"5.4": [0.15, 0.15, 0.15]
					},
					"position": {
						"0.0": [0.15, 0.15, 0.15],
						"5.4": [0.15, 0.15, 0.15]
					}
				},
				"root": {
					"rotation": {
						"0.0": [0, 0, 0],
						"0.3667": [4.50432, 19.50645, 13.27463],
						"4.9333": [4.50432, 19.50645, 13.27463],
						"5.4": [0, 0, 0],
						"5.5333": [-1, 0, 0],
						"5.7333": [0, 0, 0]
					},
					"position": {
						"0.0": [0, 0, 0],
						"0.3667": [4, 0, 0],
						"4.9333": [4, 0, 0],
						"5.4": [0, 0, 0]
					}
				},
				"righthand_pos": {
					"rotation": {
						"0.8": [0, 0, 0],
						"0.8667": [1, 0, 0],
						"0.9333": [0, 0, 0],
						"1.5333": [0, 0, 0],
						"1.6": [1, 0, 0],
						"1.6667": [0, 0, 0],
						"2.2667": [0, 0, 0],
						"2.3333": [1, 0, 0],
						"2.4": [0, 0, 0],
						"3.0": [0, 0, 0],
						"3.0667": [1, 0, 0],
						"3.1333": [0, 0, 0],
						"3.7333": [0, 0, 0],
						"3.8": [1, 0, 0],
						"3.8667": [0, 0, 0],
						"4.4667": [0, 0, 0],
						"4.5333": [1, 0, 0],
						"4.6": [0, 0, 0],
						"5.2": [0, 0, 0],
						"5.2667": [1, 0, 0],
						"5.3333": [0, 0, 0]
					},
					"position": {
						"0.8": [0, 0, 0],
						"0.8667": [0, 0, -0.3125],
						"0.9333": [0, 0, 0],
						"1.5333": [0, 0, 0],
						"1.6": [0, 0, -0.3125],
						"1.6667": [0, 0, 0],
						"2.2667": [0, 0, 0],
						"2.3333": [0, 0, -0.3125],
						"2.4": [0, 0, 0],
						"3.0": [0, 0, 0],
						"3.0667": [0, 0, -0.3125],
						"3.1333": [0, 0, 0],
						"3.7333": [0, 0, 0],
						"3.8": [0, 0, -0.3125],
						"3.8667": [0, 0, 0],
						"4.4667": [0, 0, 0],
						"4.5333": [0, 0, -0.3125],
						"4.6": [0, 0, 0],
						"5.2": [0, 0, 0],
						"5.2667": [0, 0, -0.3125],
						"5.3333": [0, 0, 0]
					}
				},
				"ro": {
					"rotation": {
						"5.4": {
							"pre": [0, 0, 0],
							"post": [0, 0, 0],
							"lerp_mode": "catmullrom"
						},
						"5.5667": {
							"post": [-70, 0, 0],
							"lerp_mode": "catmullrom"
						},
						"5.8": {
							"post": [0, 0, 0],
							"lerp_mode": "catmullrom"
						}
					}
				},
				"bullet": {
					"scale": 0
				},
				"relo": {
					"rotation": {
						"5.4": [0, 0, 0],
						"5.5333": [-105, 0, 0],
						"5.7333": [0, 0, 0]
					}
				},
				"rb": {
					"position": {
						"5.4": [0, 0, 0],
						"5.5333": [0, 0, 1.0625],
						"5.7333": [0, 0, 0]
					}
				},
				"relad": {
					"rotation": {
						"0.8": [0, 0, 0],
						"0.8667": [0, -10, 0],
						"0.9333": [0, 0, 0],
						"1.5333": [0, 0, 0],
						"1.6": [0, -10, 0],
						"1.6667": [0, 0, 0],
						"2.2667": [0, 0, 0],
						"2.3333": [0, -10, 0],
						"2.4": [0, 0, 0],
						"3.0": [0, 0, 0],
						"3.0667": [0, -10, 0],
						"3.1333": [0, 0, 0],
						"3.7333": [0, 0, 0],
						"3.8": [0, -10, 0],
						"3.8667": [0, 0, 0],
						"4.4667": [0, 0, 0],
						"4.5333": [0, -10, 0],
						"4.6": [0, 0, 0],
						"5.2": [0, 0, 0],
						"5.2667": [0, -10, 0],
						"5.3333": [0, 0, 0]
					}
				},
				"bullet2": {
					"rotation": {
						"0.4": [-90, 0, 0],
						"0.8667": [-90, 0, 0],
						"1.1333": [-90, 0, 0],
						"1.6": [-90, 0, 0],
						"1.8667": [-90, 0, 0],
						"2.3333": [-90, 0, 0],
						"2.6": [-90, 0, 0],
						"3.0667": [-90, 0, 0],
						"3.3333": [-90, 0, 0],
						"3.8": [-90, 0, 0],
						"4.0667": [-90, 0, 0],
						"4.5333": [-90, 0, 0],
						"4.8": [-90, 0, 0],
						"5.2667": [-90, 0, 0]
					},
					"position": {
						"0.4": [5, 10, -6],
						"0.4667": [6.5625, 11.375, -6.9375],
						"0.8": [6.5625, 11.375, -6.9375],
						"0.8667": [6.56, 13.1925, -7.315],
						"1.1333": [5, 10, -6],
						"1.2": [6.5625, 11.375, -6.9375],
						"1.5333": [6.5625, 11.375, -6.9375],
						"1.6": [6.56, 11.38, -6.94],
						"1.8667": [5, 10, -6],
						"1.9333": [6.5625, 11.375, -6.9375],
						"2.2667": [6.5625, 11.375, -6.9375],
						"2.3333": [6.56, 13.1925, -7.315],
						"2.6": [5, 10, -6],
						"2.6667": [6.5625, 11.375, -6.9375],
						"3.0": [6.5625, 11.375, -6.9375],
						"3.0667": [6.56, 11.38, -6.94],
						"3.3333": [5, 10, -6],
						"3.4": [6.5625, 11.375, -6.9375],
						"3.7333": [6.5625, 11.375, -6.9375],
						"3.8": [6.56, 13.1925, -7.315],
						"4.0667": [5, 10, -6],
						"4.1333": [6.5625, 11.375, -6.9375],
						"4.4667": [6.5625, 11.375, -6.9375],
						"4.5333": [6.56, 11.38, -6.94],
						"4.8": [5, 10, -6],
						"4.8667": [6.5625, 11.375, -6.9375],
						"5.2": [6.5625, 11.375, -6.9375],
						"5.2667": [6.56, 11.38, -6.94]
					},
					"scale": {
						"0.4": {
							"pre": [0, 0, 0],
							"post": [1, 1, 1]
						},
						"0.8333": {
							"pre": [1, 1, 1],
							"post": [0, 0, 0]
						},
						"1.1333": {
							"pre": [0, 0, 0],
							"post": [1, 1, 1]
						},
						"1.5667": {
							"pre": [1, 1, 1],
							"post": [0, 0, 0]
						},
						"1.8667": {
							"pre": [0, 0, 0],
							"post": [1, 1, 1]
						},
						"2.3": {
							"pre": [1, 1, 1],
							"post": [0, 0, 0]
						},
						"2.6": {
							"pre": [0, 0, 0],
							"post": [1, 1, 1]
						},
						"3.0333": {
							"pre": [1, 1, 1],
							"post": [0, 0, 0]
						},
						"3.3333": {
							"pre": [0, 0, 0],
							"post": [1, 1, 1]
						},
						"3.7667": {
							"pre": [1, 1, 1],
							"post": [0, 0, 0]
						},
						"4.0667": {
							"pre": [0, 0, 0],
							"post": [1, 1, 1]
						},
						"4.5": {
							"pre": [1, 1, 1],
							"post": [0, 0, 0]
						},
						"4.8": {
							"pre": [0, 0, 0],
							"post": [1, 1, 1]
						},
						"5.2333": {
							"pre": [1, 1, 1],
							"post": [0, 0, 0]
						}
					}
				}
			}
		},
		"reload_empty_all": {
			"loop": "hold_on_last_frame",
			"animation_length": 5.8,
			"bones": {
				"righthand": {
					"rotation": {
						"0.0": [109.60235, -353.79091, -178.07103],
						"0.2333": [109.6, -353.79, -178.07],
						"0.3": [109.6, -353.79, -178.07],
						"0.4667": [104.39695, -345.46807, -205.50483],
						"0.6667": [99.93573, -362.91484, -143.81654],
						"0.8": [107.47187, -360.10985, -124.19246],
						"1.2": [104.39695, -345.46807, -205.50483],
						"1.4": [99.93573, -362.91484, -143.81654],
						"1.5333": [107.47187, -360.10985, -124.19246],
						"1.9333": [104.39695, -345.46807, -205.50483],
						"2.1333": [99.93573, -362.91484, -143.81654],
						"2.2667": [107.47187, -360.10985, -124.19246],
						"2.6667": [104.39695, -345.46807, -205.50483],
						"2.8667": [99.93573, -362.91484, -143.81654],
						"3.0": [107.47187, -360.10985, -124.19246],
						"3.4": [104.39695, -345.46807, -205.50483],
						"3.6": [99.93573, -362.91484, -143.81654],
						"3.7333": [107.47187, -360.10985, -124.19246],
						"4.1333": [104.39695, -345.46807, -205.50483],
						"4.3333": [99.93573, -362.91484, -143.81654],
						"4.4667": [107.47187, -360.10985, -124.19246],
						"4.8667": [104.39695, -345.46807, -205.50483],
						"5.0667": [99.93573, -362.91484, -143.81654],
						"5.2": [107.47187, -360.10985, -124.19246],
						"5.4": {
							"pre": [109.60235, -353.79091, -178.07103],
							"post": [109.60235, -353.79091, -178.07103],
							"lerp_mode": "catmullrom"
						},
						"5.5667": {
							"post": [119.6, -353.79, -178.07],
							"lerp_mode": "catmullrom"
						},
						"5.8": [109.60235, -353.79091, -178.07103]
					},
					"position": {
						"0.0": [-6.5625, -15.0625, 7.5],
						"0.2333": [-6.56, -15.06, 7.5],
						"0.4667": [-6.56, -18.06, 7.5],
						"0.6667": [-8.1766, -13.89948, 4.50037],
						"0.8": [-7.91651, -12.89641, 4.30692],
						"1.2": [-6.56, -18.06, 7.5],
						"1.4": [-8.1766, -13.89948, 4.50037],
						"1.5333": [-7.91651, -12.89641, 4.30692],
						"1.9333": [-6.56, -18.06, 7.5],
						"2.1333": [-8.1766, -13.89948, 4.50037],
						"2.2667": [-7.91651, -12.89641, 4.30692],
						"2.6667": [-6.56, -18.06, 7.5],
						"2.8667": [-8.1766, -13.89948, 4.50037],
						"3.0": [-7.91651, -12.89641, 4.30692],
						"3.4": [-6.56, -18.06, 7.5],
						"3.6": [-8.1766, -13.89948, 4.50037],
						"3.7333": [-7.91651, -12.89641, 4.30692],
						"4.1333": [-6.56, -18.06, 7.5],
						"4.3333": [-8.1766, -13.89948, 4.50037],
						"4.4667": [-7.91651, -12.89641, 4.30692],
						"4.8667": [-6.56, -18.06, 7.5],
						"5.0667": [-8.1766, -13.89948, 4.50037],
						"5.2": [-7.91651, -12.89641, 4.30692],
						"5.4": {
							"pre": [-6.5625, -15.0625, 7.5],
							"post": [-6.5625, -15.0625, 7.5],
							"lerp_mode": "catmullrom"
						},
						"5.4667": {
							"post": [-6.56, -16.19, 6.75],
							"lerp_mode": "catmullrom"
						},
						"5.5667": {
							"post": [-6.56, -16.06, 5.5],
							"lerp_mode": "catmullrom"
						},
						"5.7": {
							"post": [-6.56, -16.19, 6.75],
							"lerp_mode": "catmullrom"
						},
						"5.8": [-6.5625, -15.0625, 7.5]
					},
					"scale": {
						"0.0": [0.7, 1.2, 0.7],
						"5.4": [0.7, 1.2, 0.7]
					}
				},
				"lefthand": {
					"rotation": {
						"0.0": [78.20965, -29.95759, -107.0432],
						"0.3667": [106.37578, -17.60092, -161.33343],
						"4.9333": [106.37578, -17.60092, -161.33343],
						"5.4": [78.20965, -29.95759, -107.0432]
					},
					"position": {
						"0.0": [6.73438, -13.4375, -4],
						"0.3667": [7.855, -13.0025, -4],
						"4.9333": [7.855, -13.0025, -4],
						"5.4": [6.73438, -13.4375, -4]
					},
					"scale": {
						"0.0": [0.75, 1.35, 0.75],
						"5.4": [0.75, 1.35, 0.75]
					}
				},
				"constraint": {
					"rotation": {
						"0.0": [0.15, 0.15, 0.15],
						"5.4": [0.15, 0.15, 0.15]
					},
					"position": {
						"0.0": [0.15, 0.15, 0.15],
						"5.4": [0.15, 0.15, 0.15]
					}
				},
				"root": {
					"rotation": {
						"0.0": [0, 0, 0],
						"0.3667": [4.50432, 19.50645, 13.27463],
						"4.9333": [4.50432, 19.50645, 13.27463],
						"5.4": [0, 0, 0],
						"5.5333": [-1, 0, 0],
						"5.7333": [0, 0, 0]
					},
					"position": {
						"0.0": [0, 0, 0],
						"0.3667": [4, 0, 0],
						"4.9333": [4, 0, 0],
						"5.4": [0, 0, 0]
					}
				},
				"righthand_pos": {
					"rotation": {
						"0.8": [0, 0, 0],
						"0.8667": [1, 0, 0],
						"0.9333": [0, 0, 0],
						"1.5333": [0, 0, 0],
						"1.6": [1, 0, 0],
						"1.6667": [0, 0, 0],
						"2.2667": [0, 0, 0],
						"2.3333": [1, 0, 0],
						"2.4": [0, 0, 0],
						"3.0": [0, 0, 0],
						"3.0667": [1, 0, 0],
						"3.1333": [0, 0, 0],
						"3.7333": [0, 0, 0],
						"3.8": [1, 0, 0],
						"3.8667": [0, 0, 0],
						"4.4667": [0, 0, 0],
						"4.5333": [1, 0, 0],
						"4.6": [0, 0, 0],
						"5.2": [0, 0, 0],
						"5.2667": [1, 0, 0],
						"5.3333": [0, 0, 0]
					},
					"position": {
						"0.8": [0, 0, 0],
						"0.8667": [0, 0, -0.3125],
						"0.9333": [0, 0, 0],
						"1.5333": [0, 0, 0],
						"1.6": [0, 0, -0.3125],
						"1.6667": [0, 0, 0],
						"2.2667": [0, 0, 0],
						"2.3333": [0, 0, -0.3125],
						"2.4": [0, 0, 0],
						"3.0": [0, 0, 0],
						"3.0667": [0, 0, -0.3125],
						"3.1333": [0, 0, 0],
						"3.7333": [0, 0, 0],
						"3.8": [0, 0, -0.3125],
						"3.8667": [0, 0, 0],
						"4.4667": [0, 0, 0],
						"4.5333": [0, 0, -0.3125],
						"4.6": [0, 0, 0],
						"5.2": [0, 0, 0],
						"5.2667": [0, 0, -0.3125],
						"5.3333": [0, 0, 0]
					}
				},
				"ro": {
					"rotation": {
						"5.4": {
							"pre": [0, 0, 0],
							"post": [0, 0, 0],
							"lerp_mode": "catmullrom"
						},
						"5.5667": {
							"post": [-70, 0, 0],
							"lerp_mode": "catmullrom"
						},
						"5.8": {
							"post": [0, 0, 0],
							"lerp_mode": "catmullrom"
						}
					}
				},
				"bullet": {
					"scale": 0
				},
				"relo": {
					"rotation": {
						"5.4": [0, 0, 0],
						"5.5333": [-105, 0, 0],
						"5.7333": [0, 0, 0]
					}
				},
				"rb": {
					"position": {
						"5.4": [0, 0, 0],
						"5.5333": [0, 0, 1.0625],
						"5.7333": [0, 0, 0]
					}
				},
				"relad": {
					"rotation": {
						"0.8": [0, 0, 0],
						"0.8667": [0, -10, 0],
						"0.9333": [0, 0, 0],
						"1.5333": [0, 0, 0],
						"1.6": [0, -10, 0],
						"1.6667": [0, 0, 0],
						"2.2667": [0, 0, 0],
						"2.3333": [0, -10, 0],
						"2.4": [0, 0, 0],
						"3.0": [0, 0, 0],
						"3.0667": [0, -10, 0],
						"3.1333": [0, 0, 0],
						"3.7333": [0, 0, 0],
						"3.8": [0, -10, 0],
						"3.8667": [0, 0, 0],
						"4.4667": [0, 0, 0],
						"4.5333": [0, -10, 0],
						"4.6": [0, 0, 0],
						"5.2": [0, 0, 0],
						"5.2667": [0, -10, 0],
						"5.3333": [0, 0, 0]
					}
				},
				"bullet2": {
					"rotation": {
						"0.4": [-90, 0, 0],
						"0.8667": [-90, 0, 0],
						"1.1333": [-90, 0, 0],
						"1.6": [-90, 0, 0],
						"1.8667": [-90, 0, 0],
						"2.3333": [-90, 0, 0],
						"2.6": [-90, 0, 0],
						"3.0667": [-90, 0, 0],
						"3.3333": [-90, 0, 0],
						"3.8": [-90, 0, 0],
						"4.0667": [-90, 0, 0],
						"4.5333": [-90, 0, 0],
						"4.8": [-90, 0, 0],
						"5.2667": [-90, 0, 0]
					},
					"position": {
						"0.4": [5, 10, -6],
						"0.4667": [6.5625, 11.375, -6.9375],
						"0.8": [6.5625, 11.375, -6.9375],
						"0.8667": [6.56, 13.1925, -7.315],
						"1.1333": [5, 10, -6],
						"1.2": [6.5625, 11.375, -6.9375],
						"1.5333": [6.5625, 11.375, -6.9375],
						"1.6": [6.56, 11.38, -6.94],
						"1.8667": [5, 10, -6],
						"1.9333": [6.5625, 11.375, -6.9375],
						"2.2667": [6.5625, 11.375, -6.9375],
						"2.3333": [6.56, 13.1925, -7.315],
						"2.6": [5, 10, -6],
						"2.6667": [6.5625, 11.375, -6.9375],
						"3.0": [6.5625, 11.375, -6.9375],
						"3.0667": [6.56, 11.38, -6.94],
						"3.3333": [5, 10, -6],
						"3.4": [6.5625, 11.375, -6.9375],
						"3.7333": [6.5625, 11.375, -6.9375],
						"3.8": [6.56, 13.1925, -7.315],
						"4.0667": [5, 10, -6],
						"4.1333": [6.5625, 11.375, -6.9375],
						"4.4667": [6.5625, 11.375, -6.9375],
						"4.5333": [6.56, 11.38, -6.94],
						"4.8": [5, 10, -6],
						"4.8667": [6.5625, 11.375, -6.9375],
						"5.2": [6.5625, 11.375, -6.9375],
						"5.2667": [6.56, 11.38, -6.94]
					},
					"scale": {
						"0.4": {
							"pre": [0, 0, 0],
							"post": [1, 1, 1]
						},
						"0.8333": {
							"pre": [1, 1, 1],
							"post": [0, 0, 0]
						},
						"1.1333": {
							"pre": [0, 0, 0],
							"post": [1, 1, 1]
						},
						"1.5667": {
							"pre": [1, 1, 1],
							"post": [0, 0, 0]
						},
						"1.8667": {
							"pre": [0, 0, 0],
							"post": [1, 1, 1]
						},
						"2.3": {
							"pre": [1, 1, 1],
							"post": [0, 0, 0]
						},
						"2.6": {
							"pre": [0, 0, 0],
							"post": [1, 1, 1]
						},
						"3.0333": {
							"pre": [1, 1, 1],
							"post": [0, 0, 0]
						},
						"3.3333": {
							"pre": [0, 0, 0],
							"post": [1, 1, 1]
						},
						"3.7667": {
							"pre": [1, 1, 1],
							"post": [0, 0, 0]
						},
						"4.0667": {
							"pre": [0, 0, 0],
							"post": [1, 1, 1]
						},
						"4.5": {
							"pre": [1, 1, 1],
							"post": [0, 0, 0]
						},
						"4.8": {
							"pre": [0, 0, 0],
							"post": [1, 1, 1]
						},
						"5.2333": {
							"pre": [1, 1, 1],
							"post": [0, 0, 0]
						}
					}
				}
			}
		},
		"rrr": {
			"animation_length": 1.4333,
			"bones": {
				"righthand": {
					"rotation": {
						"0.0": {
							"post": [109.60235, -353.79091, -178.07103],
							"lerp_mode": "catmullrom"
						},
						"0.2333": {
							"post": [124.44126, -351.31242, -176.36383],
							"lerp_mode": "catmullrom"
						},
						"0.4333": {
							"post": [135.22353, -349.53983, -173.79058],
							"lerp_mode": "catmullrom"
						},
						"0.9333": {
							"post": [124.44126, -351.31242, -176.36383],
							"lerp_mode": "catmullrom"
						},
						"1.0667": {
							"post": [112.32032, -352.08216, -176.99342],
							"lerp_mode": "catmullrom"
						},
						"1.2667": [109.60235, -353.79091, -178.07103]
					},
					"position": {
						"0.0": {
							"post": [-6.5625, -15.0625, 7.5],
							"lerp_mode": "catmullrom"
						},
						"0.1667": {
							"post": [-6.8725, -17.31, 5.75],
							"lerp_mode": "catmullrom"
						},
						"0.4": {
							"post": [-7.17, -15.08, 0.6],
							"lerp_mode": "catmullrom"
						},
						"0.6333": {
							"post": [-7.1, -14.22, 3.09],
							"lerp_mode": "catmullrom"
						},
						"0.8": {
							"post": [-7.11, -14.11, 4.92],
							"lerp_mode": "catmullrom"
						},
						"1.0667": {
							"post": [-7.01791, -16.89504, 4.43059],
							"lerp_mode": "catmullrom"
						},
						"1.2667": [-6.5625, -15.0625, 7.5]
					},
					"scale": [0.7, 1.2, 0.7]
				},
				"lefthand": {
					"rotation": {
						"0.0": {
							"post": [78.20965, -29.95759, -107.0432],
							"lerp_mode": "catmullrom"
						},
						"0.3667": {
							"post": [79.70579, -7.86437, -111.56731],
							"lerp_mode": "catmullrom"
						},
						"1.0333": {
							"post": [79.70579, -7.86437, -111.56731],
							"lerp_mode": "catmullrom"
						},
						"1.4333": {
							"post": [78.20965, -29.95759, -107.0432],
							"lerp_mode": "catmullrom"
						}
					},
					"position": {
						"0.0": {
							"post": [6.73438, -13.4375, -4],
							"lerp_mode": "catmullrom"
						},
						"0.3667": {
							"post": [8.73, -31.44, -4],
							"lerp_mode": "catmullrom"
						},
						"1.0333": {
							"post": [8.73, -31.44, -4],
							"lerp_mode": "catmullrom"
						},
						"1.4333": {
							"post": [6.73438, -13.4375, -4],
							"lerp_mode": "catmullrom"
						}
					},
					"scale": [0.75, 1.35, 0.75]
				},
				"constraint": {
					"rotation": [0.15, 0.15, 0.15],
					"position": [0.15, 0.15, 0.15]
				},
				"gun": {
					"rotation": {
						"0.1667": {
							"pre": [0, 0, 0],
							"post": [0, 0, 0],
							"lerp_mode": "catmullrom"
						},
						"0.3333": {
							"post": [-37.5, 0, 0],
							"lerp_mode": "catmullrom"
						},
						"0.5667": {
							"post": [-155, 0, 0],
							"lerp_mode": "catmullrom"
						},
						"0.7333": {
							"post": [-260, 0, 0],
							"lerp_mode": "catmullrom"
						},
						"0.9333": {
							"post": [-330, 0, 0],
							"lerp_mode": "catmullrom"
						},
						"1.2": {
							"post": [-360, 0, 0],
							"lerp_mode": "catmullrom"
						},
						"1.4333": {
							"post": [-360, 0, 0],
							"lerp_mode": "catmullrom"
						}
					},
					"position": {
						"0.1333": {
							"pre": [0, 0, 0],
							"post": [0, 0, 0],
							"lerp_mode": "catmullrom"
						},
						"0.2667": {
							"post": [0, 2, -4],
							"lerp_mode": "catmullrom"
						},
						"0.4333": {
							"post": [0, 4, -7],
							"lerp_mode": "catmullrom"
						},
						"0.6333": {
							"post": [0, 5, -5],
							"lerp_mode": "catmullrom"
						},
						"0.8": {
							"post": [0, 5, -2],
							"lerp_mode": "catmullrom"
						},
						"1.1": {
							"post": [0, -0.47976, -2.68256],
							"lerp_mode": "catmullrom"
						},
						"1.3333": {
							"post": [0, 0, 0],
							"lerp_mode": "catmullrom"
						}
					}
				},
				"ro": {
					"rotation": {
						"0.0": {
							"post": [0, 0, 0],
							"lerp_mode": "catmullrom"
						},
						"0.1667": {
							"post": [-70, 0, 0],
							"lerp_mode": "catmullrom"
						},
						"0.9": {
							"post": [-70, 0, 0],
							"lerp_mode": "catmullrom"
						},
						"1.2333": {
							"post": [0, 0, 0],
							"lerp_mode": "catmullrom"
						}
					}
				},
				"bullet2": {
					"scale": 0
				}
			}
		},
		"bolt": {
			"animation_length": 0.4,
			"bones": {
				"righthand": {
					"rotation": {
						"0.0": {
							"post": [109.60235, -353.79091, -178.07103],
							"lerp_mode": "catmullrom"
						},
						"0.1667": {
							"post": [119.6, -353.79, -178.07],
							"lerp_mode": "catmullrom"
						},
						"0.4": {
							"post": [109.60235, -353.79091, -178.07103],
							"lerp_mode": "catmullrom"
						}
					},
					"position": {
						"0.0": {
							"post": [-6.5625, -15.0625, 7.5],
							"lerp_mode": "catmullrom"
						},
						"0.0667": {
							"post": [-6.56, -16.19, 6.75],
							"lerp_mode": "catmullrom"
						},
						"0.1667": {
							"post": [-6.56, -16.06, 5.5],
							"lerp_mode": "catmullrom"
						},
						"0.3": {
							"post": [-6.56, -16.19, 6.75],
							"lerp_mode": "catmullrom"
						},
						"0.4": {
							"post": [-6.5625, -15.0625, 7.5],
							"lerp_mode": "catmullrom"
						}
					},
					"scale": [0.7, 1.2, 0.7]
				},
				"lefthand": {
					"rotation": [78.20965, -29.95759, -107.0432],
					"position": [6.73438, -13.4375, -4],
					"scale": [0.75, 1.35, 0.75]
				},
				"constraint": {
					"rotation": [0.15, 0.15, 0.15],
					"position": [0.15, 0.15, 0.15]
				},
				"ro": {
					"rotation": {
						"0.0": {
							"post": [0, 0, 0],
							"lerp_mode": "catmullrom"
						},
						"0.1667": {
							"post": [-70, 0, 0],
							"lerp_mode": "catmullrom"
						},
						"0.4": {
							"post": [0, 0, 0],
							"lerp_mode": "catmullrom"
						}
					}
				},
				"root": {
					"rotation": {
						"0.0": [0, 0, 0],
						"0.1333": [-1, 0, 0],
						"0.3333": [0, 0, 0]
					}
				},
				"bullet": {
					"position": {
						"0.1": {
							"pre": [0, 0, 0],
							"post": [0, 0, 0],
							"lerp_mode": "catmullrom"
						},
						"0.1333": {
							"post": [-3, 3, 0],
							"lerp_mode": "catmullrom"
						},
						"0.2": {
							"post": [-10, 3, 2],
							"lerp_mode": "catmullrom"
						},
						"0.2667": {
							"post": [-19.63, -0.78, 0],
							"lerp_mode": "catmullrom"
						},
						"0.3": {
							"post": [-18, -10, 0],
							"lerp_mode": "catmullrom"
						},
						"0.3667": [0, -10, 0]
					}
				},
				"relo": {
					"rotation": {
						"0.0": [0, 0, 0],
						"0.1333": [-105, 0, 0],
						"0.3333": [0, 0, 0]
					}
				},
				"rb": {
					"position": {
						"0.0": [0, 0, 0],
						"0.1333": [0, 0, 1.0625],
						"0.3333": [0, 0, 0]
					}
				},
				"bullet2": {
					"scale": 0
				}
			}
		},
		"shoot": {
			"loop": true,
			"animation_length": 0.36,
			"bones": {
				"root": {
					"rotation": {
						"0.0": [0, 0, 0],
						"0.02": [-1.2537, 0, 0],
						"0.04": [-1.97144, 0, 0],
						"0.06": [-3.81245, 0, 0],
						"0.08": [-7.07798, 0, 0],
						"0.1": [-10.5, 0, 0],
						"0.12": [-13.06885, 0, 0],
						"0.14": [-14.16073, 0, 0],
						"0.16": [-14.12409, 0, 0],
						"0.18": [-13.25298, 0, 0],
						"0.2": [-11.7995, 0, 0],
						"0.22": [-9.97946, 0, 0],
						"0.26": [-5.96117, 0, 0],
						"0.28": [-4.06695, 0, 0],
						"0.3": [-2.42048, 0, 0],
						"0.32": [-1.13135, 0, 0],
						"0.34": [-0.29621, 0, 0],
						"0.36": [0, 0, 0]
					},
					"position": {
						"0.0": {
							"post": [0, 0, 0],
							"lerp_mode": "catmullrom"
						},
						"0.1": {
							"post": [0, 0, 1],
							"lerp_mode": "catmullrom"
						},
						"0.36": {
							"post": [0, 0, 0],
							"lerp_mode": "catmullrom"
						}
					}
				}
			}
		}
	}
}