{
	"format_version": "1.8.0",
	"animations": {
		"static_idle": {
			"loop": true,
			"bones": {
				"constraint": {
					"rotation": [0.15, 0.15, 0.15],
					"position": [0.15, 0.15, 0.15]
				},
				"gun": {
					"scale": 0.75
				},
				"lefthand": {
					"position": [0, -68, 0]
				},
				"righthand": {
					"rotation": [106.93839, -364.46375, -165.66499],
					"position": [-7.5, -21.25, 0],
					"scale": [1.2, 1.4, 1.2]
				},
				"scope_pos": {
					"scale": 1
				},
				"ammo_count_text_show_pos": {
					"scale": 0
				}
			}
		},
		"inspect": {
			"loop": true,
			"animation_length": 8.5,
			"bones": {
				"constraint": {
					"rotation": [0.15, 0.15, 0.15],
					"position": [0.15, 0.15, 0.15]
				},
				"gun": {
					"scale": 0.75
				},
				"lefthand": {
					"position": [0, -68, 0]
				},
				"righthand": {
					"rotation": [106.93839, -364.46375, -165.66499],
					"position": {
						"0.0": [-7.5, -21.25, 0],
						"5.9333": [-7.5, -21.25, 0],
						"6.3333": [-9.43185, -20.75632, 0.15566],
						"7.7": [-9.43185, -20.75632, 0.15566],
						"8.0667": [-7.5, -21.25, 0]
					},
					"scale": [1.2, 1.4, 1.2]
				},
				"scope_pos": {
					"scale": 1
				},
				"rg": {
					"rotation": {
						"0.0": [0, 0, 0],
						"0.4": [5.72511, -29.4987, -11.50839],
						"0.8": [5.78298, -30.49367, -11.62416],
						"1.1333": [5.72511, -29.4987, -11.50839],
						"1.6667": [-25.96295, -15.58394, 61.11364],
						"1.8": [-25.31123, -16.66577, 58.76748],
						"2.8333": [-70.55787, -19.7426, 51.56568],
						"3.3667": [-70.55787, -19.7426, 51.56568],
						"4.2": [-57.10757, 31.3547, 25.02762],
						"5.6333": [-57.10757, 31.3547, 25.02762],
						"6.5": [86.52365, -52.50429, -96.16736],
						"7.6333": [86.52365, -52.50429, -96.16736],
						"8.5": [0, 0, 0]
					},
					"position": {
						"0.0": [0, 0, 0],
						"0.1333": [0, -2, 0],
						"0.4": [0, 0, 0],
						"1.0667": [0, 0, 0],
						"2.8": [2.19648, 5.2699, 5.17382],
						"3.5": [2.19648, 4.2699, 5.17382],
						"4.4333": [1.15743, 8.2909, 5.37412],
						"5.0333": [1.15743, 8.2909, 5.37412],
						"5.5667": [-0.38023, 4.8441, 5.19613],
						"6.6": [2.91181, 4.2642, 11.76757],
						"7.6": [2.91181, 4.3642, 11.76757],
						"8.4": [0, 0, 0]
					}
				},
				"camera": {
					"rotation": {
						"0.1": [0, 0, 0],
						"0.4333": [0, 10, 0],
						"0.9333": [1, 10, 0],
						"1.1": [1, 10, 0],
						"1.6667": [20, 10, 0],
						"1.8333": [25, 10, 0],
						"3.0333": [-5, -10, 10],
						"3.2333": [0, -10, 10],
						"3.8667": [35.2, -1.2, 1.2],
						"4.0667": [40, 0, 0],
						"4.3": [37.59, -0.54, 0.54],
						"5.0": [-20, -4.59, 4.59],
						"6.0667": [-11.23, -2.22, 2.22],
						"7.1": [-15, 10, 0],
						"8.0667": [0, 0, 0]
					}
				}
			}
		},
		"inspect_empty": {
			"loop": true,
			"animation_length": 8.5,
			"bones": {
				"constraint": {
					"rotation": [0.15, 0.15, 0.15],
					"position": [0.15, 0.15, 0.15]
				},
				"gun": {
					"scale": 0.75
				},
				"lefthand": {
					"position": [0, -57, 0]
				},
				"righthand": {
					"rotation": [106.93839, -364.46375, -165.66499],
					"position": {
						"0.0": [-7.5, -21.25, 0],
						"5.9333": [-7.5, -21.25, 0],
						"6.3333": [-9.43185, -20.75632, 0.15566],
						"7.7": [-9.43185, -20.75632, 0.15566],
						"8.0667": [-7.5, -21.25, 0]
					},
					"scale": [1.2, 1.4, 1.2]
				},
				"scope_pos": {
					"scale": 1
				},
				"rg": {
					"rotation": {
						"0.0": [0, 0, 0],
						"0.4": [5.72511, -29.4987, -11.50839],
						"0.8": [5.78298, -30.49367, -11.62416],
						"1.1333": [5.72511, -29.4987, -11.50839],
						"1.6667": [-25.96295, -15.58394, 61.11364],
						"1.8": [-25.31123, -16.66577, 58.76748],
						"2.8333": [-70.55787, -19.7426, 51.56568],
						"3.3667": [-70.55787, -19.7426, 51.56568],
						"4.2": [-57.10757, 31.3547, 25.02762],
						"5.6333": [-57.10757, 31.3547, 25.02762],
						"6.5": [86.52365, -52.50429, -96.16736],
						"7.6333": [86.52365, -52.50429, -96.16736],
						"8.5": [0, 0, 0]
					},
					"position": {
						"0.0": [0, 0, 0],
						"0.1333": [0, -2, 0],
						"0.4": [0, 0, 0],
						"1.0667": [0, 0, 0],
						"2.8": [2.19648, 5.2699, 5.17382],
						"3.5": [2.19648, 4.2699, 5.17382],
						"4.4333": [1.15743, 8.2909, 5.37412],
						"5.0333": [1.15743, 8.2909, 5.37412],
						"5.5667": [-0.38023, 4.8441, 5.19613],
						"6.6": [2.91181, 4.2642, 11.76757],
						"7.6": [2.91181, 4.3642, 11.76757],
						"8.4": [0, 0, 0]
					}
				},
				"using_illuminated": {
					"position": [0, 0, -5]
				},
				"used_illuminated": {
					"position": [0, 0, 5]
				},
				"ammo_count_text_show_pos": {
					"position": [0, -3, 6]
				},
				"camera": {
					"rotation": {
						"0.1": [0, 0, 0],
						"0.4333": [0, 10, 0],
						"0.9333": [1, 10, 0],
						"1.1": [1, 10, 0],
						"1.6667": [20, 10, 0],
						"1.8333": [25, 10, 0],
						"3.0333": [-5, -10, 10],
						"3.2333": [0, -10, 10],
						"3.8667": [35.2, -1.2, 1.2],
						"4.0667": [40, 0, 0],
						"4.3": [37.59, -0.54, 0.54],
						"5.0": [-20, -4.59, 4.59],
						"6.1": [-11.23, -2.22, 2.22],
						"7.1333": [-15, 10, 0],
						"8.0667": [0, 0, 0]
					}
				}
			}
		},
		"shoot": {
			"loop": true,
			"animation_length": 0.1123,
			"bones": {
				"pin": {
					"position": {
						"0.0": [0, 0, 0],
						"0.05": [0, 0, -4.75],
						"0.1083": [0, 0, 0]
					}
				},
				"root": {
					"rotation": {
						"0.0": [0, 0, 0],
						"0.05": [-2, 0, 0],
						"0.1083": [0, 0, 0]
					},
					"position": {
						"0.0": [0, 0, 0],
						"0.05": [0, 0, 2.5],
						"0.1083": [0, 0, 0]
					}
				},
				"f": {
					"position": {
						"0.0": [0, 0, 0],
						"0.05": [0, 0, -0.4375],
						"0.1083": [0, 0, 0]
					}
				},
				"shoot_illuminated": {
					"position": {
						"0.0": {
							"post": [0, 0, 0],
							"lerp_mode": "catmullrom"
						},
						"0.0083": {
							"post": [-0.75, 0.25, 1],
							"lerp_mode": "catmullrom"
						},
						"0.0167": {
							"post": [-1.12, 2.375, 1.25],
							"lerp_mode": "catmullrom"
						},
						"0.025": {
							"post": [-0.12, 2.88, 1.125],
							"lerp_mode": "catmullrom"
						},
						"0.0333": {
							"post": [0.6275, 4.44, 1.32],
							"lerp_mode": "catmullrom"
						},
						"0.0417": {
							"post": [0.13, 5.0025, 1.695],
							"lerp_mode": "catmullrom"
						},
						"0.05": {
							"post": [-0.0575, 5.3425, 2.51],
							"lerp_mode": "catmullrom"
						},
						"0.0583": [-0.9275, 3.68, 5.145],
						"0.0667": [-0.93, 3.305, 6.4],
						"0.075": [-0.8675, 3.4975, 8.335],
						"0.0833": [-0.8075, 3.755, 10.15],
						"0.0917": [-0.935, 3.3225, 10.9625],
						"0.1": [-1.68, 2.635, 12.5225],
						"0.1083": [-1.8, 2.64, 13.525]
					},
					"scale": 1
				}
			}
		},
		"static_bolt_caught": {
			"loop": true,
			"bones": {
				"using_illuminated": {
					"position": [0, 0, -5]
				},
				"used_illuminated": {
					"position": [0, 0, 5]
				},
				"ammo_count_text_show_pos": {
					"position": [0, -3, 6]
				},
				"lefthand": {
					"position": [0, -57, 0]
				},
				"righthand": {
					"rotation": [106.93839, -364.46375, -165.66499],
					"position": [-7.5, -21.25, 0],
					"scale": [1.2, 1.4, 1.2]
				}
			}
		},
		"reload_tactical": {
			"animation_length": 1.4,
			"bones": {
				"DHook": {
					"rotation": {
						"0.0": [0, 0, 0],
						"0.2": [0, 0, -200],
						"0.3": [0, 0, -207],
						"1.0": [0, 0, -207],
						"1.1": [0, 0, -200],
						"1.2": [0, 0, 0]
					}
				},
				"C2": {
					"rotation": {
						"0.0": [0, 0, 0],
						"0.3": [0, 0, -6],
						"1.1": [0, 0, -6],
						"1.2": [0, 0, 0]
					},
					"position": {
						"0.0": [0, 0, 0],
						"0.3": [-1.17249, 0.70703, 0],
						"1.1": [-1.17249, 0.70703, 0],
						"1.2": [0, 0, 0]
					}
				},
				"C1": {
					"rotation": {
						"0.0": [0, 0, 0],
						"0.3": [0, 0, 77.5],
						"1.1": [0, 0, 77.5],
						"1.2": [0, 0, 0]
					}
				},
				"bullg": {
					"position": {
						"0.0": {
							"post": [0, 0, 0],
							"lerp_mode": "catmullrom"
						},
						"0.1": {
							"post": [0, 0, 3.75],
							"lerp_mode": "catmullrom"
						},
						"0.2": {
							"post": [-1, -1, 3.75],
							"lerp_mode": "catmullrom"
						},
						"0.3": {
							"post": [-7, -1.875, 3.75],
							"lerp_mode": "catmullrom"
						},
						"0.4": {
							"post": [-13.1275, -10.22, 10.75],
							"lerp_mode": "catmullrom"
						},
						"0.5": [-18.76, -37.12, 3.75],
						"0.7": [-3.75, -55.25, 3.75],
						"0.8": [0, 0, 3.75],
						"0.9": [0, 0, 0]
					},
					"scale": {
						"0.6": [1, 1, 1],
						"0.7": [0, 0, 0],
						"0.8": [0, 0, 0],
						"0.9": [1, 1, 1]
					}
				},
				"using_illuminated": {
					"position": {
						"0.0": [0, 0, 0],
						"0.8": [0, 0, -2],
						"0.9": [0, 0, 0]
					}
				},
				"used_illuminated": {
					"position": {
						"0.0": [0, 0, 3],
						"0.8": [0, 0, 5],
						"0.9": [0, 0, 3.75]
					}
				},
				"ammo_count_text_show_pos": {
					"position": {
						"1.19": [0, -3, 6],
						"1.2": [0, 0, 0]
					}
				},
				"mag": {
					"rotation": {
						"0.0": [0, 0, 0],
						"0.4": [0, 0, -32.5],
						"0.7": [0, 0, -42.5],
						"0.9": [0, 0, -42.5],
						"1.1": [0, 0, -32.5],
						"1.2": [0, 0, 0]
					},
					"position": {
						"0.0": [7, 603, 0],
						"0.2": [12, 620, 0],
						"0.5": [12, 629, -5],
						"0.7": [12, 630, -4],
						"0.8": [11, 630.4375, -4],
						"0.9": [12, 630, -4],
						"1.1": [12, 629, -6],
						"1.2": [7, 603, 0]
					}
				},
				"ani": {
					"rotation": {
						"0.0": [0, 0, 0],
						"0.2": [0, 0, -47.5],
						"0.37": [0, 0, -62.5],
						"0.6": [0, 0, -75],
						"0.77": [0, 0, -66]
					},
					"position": {
						"0.0": [6, 602, 0],
						"0.2": [10.78705, 615.64882, -1.5],
						"0.27": [10.53613, 617.7687, -1.6],
						"0.37": [9.17402, 620.9165, -4.01],
						"0.43": [8.56227, 624.04573, -4.28],
						"0.5": [7.91573, 626.91501, -6.175],
						"0.6": [7.73314, 628.02937, -6.15],
						"0.77": [4.52306, 630.53588, -6.15]
					},
					"scale": 0.75
				},
				"pin": {
					"position": {
						"0.0": {
							"post": [0, 0, -5],
							"lerp_mode": "catmullrom"
						},
						"0.1": {
							"post": [0, 0, 0],
							"lerp_mode": "catmullrom"
						},
						"0.7": {
							"post": [0, 0, 0],
							"lerp_mode": "catmullrom"
						},
						"0.8": {
							"post": [0, 0, -1],
							"lerp_mode": "catmullrom"
						},
						"0.9": {
							"post": [0, 0, -5],
							"lerp_mode": "catmullrom"
						},
						"1.0": {
							"post": [0, 0, 0],
							"lerp_mode": "catmullrom"
						}
					}
				},
				"hok3": {
					"rotation": {
						"0.0": [0, 0, 0],
						"0.2": [-20, 80, 0],
						"0.7": [-20, 80, 0],
						"0.9": [0, 0, 0]
					}
				},
				"hok4": {
					"rotation": {
						"0.0": [0, 0, 0],
						"0.2": [20, 80, 0],
						"0.7": [20, 80, 0],
						"0.9": [0, 0, 0]
					}
				},
				"bullg2": {
					"position": {
						"0.0": [0, 0, 0],
						"0.7": [0, 0, 0],
						"0.8": [-1.375, 1.625, 0],
						"0.9": [-2.19, 2, -4.75]
					},
					"scale": {
						"0.8": [1, 1, 1],
						"0.9": [0, 0, 0]
					}
				},
				"lefthand": {
					"rotation": [90, -65, -90],
					"position": [10, -655, 0],
					"scale": [1.2, 1.5, 1.2]
				},
				"righthand": {
					"rotation": [106.93839, -364.46375, -165.66499],
					"position": [-7.5, -21.25, 0],
					"scale": [1.2, 1.4, 1.2]
				},
				"rg": {
					"rotation": {
						"0.0": {
							"post": [0, 0, 0],
							"lerp_mode": "catmullrom"
						},
						"0.2": {
							"post": [0, 0, 0],
							"lerp_mode": "catmullrom"
						},
						"0.7": [0, 0, 22.5],
						"1.0": {
							"pre": [0, 0, 22.5],
							"post": [0, 0, 22.5],
							"lerp_mode": "catmullrom"
						},
						"1.2": {
							"post": [0, 0, 0],
							"lerp_mode": "catmullrom"
						}
					}
				},
				"mhok": {
					"rotation": {
						"0.0": [0, 0, 0],
						"0.17": [0, 0, 12.5],
						"0.23": [0, 0, 40],
						"0.37": [0, 0, -72.5],
						"0.47": [0, 0, 0]
					}
				},
				"mhok1": {
					"rotation": {
						"0.0": [0, 0, 0],
						"0.03": [0, 0, -124],
						"0.17": [0, 0, -107.5],
						"0.23": [0, 0, -97.5],
						"0.37": [0, 0, -97.5],
						"0.47": [0, 0, 0]
					}
				},
				"mhok2": {
					"rotation": {
						"0.0": [0, 0, 0],
						"0.17": [0, 0, 262.5],
						"0.37": [0, 0, 262.5],
						"0.47": [0, 0, 0]
					}
				},
				"rollpart": {
					"rotation": {
						"0.4": [0, 0, 0],
						"0.53": [0, 0, 22.5],
						"0.97": [0, 0, 22.5],
						"1.1": [0, 0, 0]
					}
				},
				"bullgmag3": {
					"position": {
						"0.23": [0, 0, 0],
						"0.27": [-0.27886, 0.80305, 0],
						"0.3": [-0.61431, 1.15569, 0],
						"0.33": [-1.19747, 1.42256, 0],
						"0.37": [-1.19194, 2.42775, 0],
						"0.4": [-0.90409, 3.86199, 0],
						"0.77": [-0.9, 3.86, 0],
						"0.8": [-0.9, 3.86, -0.25],
						"0.9": [-0.9, 3.86, -4],
						"0.91": [0, 0, 0]
					},
					"scale": {
						"0.9": [1, 1, 1],
						"0.91": [0, 0, 0],
						"1.08": {
							"pre": [0, 0, 0],
							"post": [1, 1, 1]
						}
					}
				},
				"f1": {
					"rotation": {
						"0.45": [0, 0, 0],
						"0.5": [0, 90, 0],
						"0.94": [0, 90, 0],
						"0.99": [0, 0, 0]
					}
				},
				"f2": {
					"rotation": {
						"0.5": [0, 0, 0],
						"0.55": [0, -90, 0],
						"0.94": [0, -90, 0],
						"0.99": [0, 0, 0]
					}
				},
				"ani2": {
					"rotation": {
						"0.0": [0, 0, 0],
						"0.37": [0, 0, -45],
						"0.5": [0, 0, -70],
						"0.8": [0, 0, -82.5],
						"0.83": [0, 0, -85.94],
						"0.97": [0, 0, -84.33],
						"1.07": [0, 0, -70],
						"1.15": [0, 0, -25]
					},
					"position": {
						"0.0": [6, 602, 0],
						"0.13": [15.54788, 610.47458, -1.82],
						"0.27": [15.09745, 619.24285, -3.64],
						"0.37": [13.01115, 625.51627, -5.01],
						"0.4": [12.23012, 626.14592, -5.01],
						"0.43": [11.38661, 626.6873, -5.01],
						"0.47": [10.49313, 627.13229, -5.26],
						"0.5": [9.55031, 627.47202, -6.01],
						"1.07": [12.36939, 626.44596, -6.1975],
						"1.1": [13.83897, 624.75969, -6.2],
						"1.15": [13.39357, 614.79014, -6.2],
						"1.18": [31.13997, 576.72507, -6.2]
					},
					"scale": 0.75
				},
				"bullg3": {
					"position": {
						"0.5": [0, 0, 0],
						"0.63": [-1, 1.5625, 0],
						"0.74": [-1, 3, -0.5625],
						"0.9": [-2.625, 5.625, 0],
						"0.94": [-2.775, 5.9975, 0],
						"1.0": [-2.815, 6.5825, 0],
						"1.04": [-3.0625, 7, 0],
						"1.08": [-3.7475, 8.6925, 0]
					},
					"scale": {
						"1.08": {
							"pre": [1.2, 1.2, 1.2],
							"post": [0, 0, 0]
						}
					}
				},
				"eiixti": {
					"position": {
						"0.43": [0, 0, 0],
						"0.63": [0.5, 1, 0],
						"0.8": [0.5, 1, 0],
						"0.91": [0, 0, 0]
					}
				},
				"ani3": {
					"rotation": {
						"0.0": [0, 0, 0],
						"0.37": [0, 0, -45],
						"0.5": [0, 0, -70],
						"0.8": [0, 0, -82.5],
						"0.83": [0, 0, -85.94],
						"0.97": [0, 0, -84.33],
						"1.07": [0, 0, -70],
						"1.15": [0, 0, -25]
					},
					"position": {
						"0.0": [6, 602, 0],
						"0.13": [15.54788, 610.47458, -1.82],
						"0.27": [15.09745, 619.24285, -3.64],
						"0.37": [13.01115, 625.51627, -5.01],
						"0.4": [12.23012, 626.14592, -5.01],
						"0.43": [11.38661, 626.6873, -5.01],
						"0.47": [10.49313, 627.13229, -5.26],
						"0.5": [9.55031, 627.47202, -6.01],
						"1.07": [12.36939, 626.44596, -6.1975],
						"1.1": [13.83897, 624.75969, -6.2],
						"1.15": [13.39357, 614.79014, -6.2],
						"1.18": [31.13997, 576.72507, -6.2]
					},
					"scale": 0.75
				},
				"bullg4": {
					"position": {
						"0.5": [0, 0, 0],
						"0.63": [-1, 1.5625, 0],
						"0.74": [-1, 3, -0.5625],
						"0.9": [-2.625, 5.625, 0],
						"0.94": [-2.775, 5.9975, 0],
						"1.0": [-2.815, 6.5825, 0],
						"1.04": [-3.0625, 7, 0],
						"1.08": [-3.7475, 8.6925, 0]
					},
					"scale": {
						"1.08": {
							"pre": [1.2, 1.2, 1.2],
							"post": [0, 0, 0]
						}
					}
				},
				"mhok3": {
					"rotation": {
						"0.0": [0, 0, 0],
						"0.17": [0, 0, 12.5],
						"0.23": [0, 0, 40],
						"0.37": [0, 0, -72.5],
						"0.47": [0, 0, 0]
					}
				},
				"mhok4": {
					"rotation": {
						"0.0": [0, 0, 0],
						"0.03": [0, 0, -124],
						"0.17": [0, 0, -107.5],
						"0.23": [0, 0, -97.5],
						"0.37": [0, 0, -97.5],
						"0.47": [0, 0, 0]
					}
				},
				"mhok5": {
					"rotation": {
						"0.0": [0, 0, 0],
						"0.17": [0, 0, 262.5],
						"0.37": [0, 0, 262.5],
						"0.47": [0, 0, 0]
					}
				},
				"bullgmag4": {
					"position": {
						"0.23": [0, 0, 0],
						"0.27": [-0.27886, 0.80305, 0],
						"0.3": [-0.61431, 1.15569, 0],
						"0.33": [-1.19747, 1.42256, 0],
						"0.37": [-1.19194, 2.42775, 0],
						"0.4": [-0.90409, 3.86199, 0],
						"0.77": [-0.9, 3.86, 0],
						"0.8": [-0.9, 3.86, -0.25],
						"0.9": [-0.9, 3.86, -4],
						"0.91": [0, 0, 0]
					},
					"scale": {
						"0.9": [1, 1, 1],
						"0.91": [0, 0, 0],
						"1.08": {
							"pre": [0, 0, 0],
							"post": [1, 1, 1]
						}
					}
				},
				"rollpart2": {
					"rotation": {
						"0.4": [0, 0, 0],
						"0.53": [0, 0, 22.5],
						"0.97": [0, 0, 22.5],
						"1.1": [0, 0, 0]
					}
				},
				"eiixti2": {
					"position": {
						"0.43": [0, 0, 0],
						"0.63": [0.5, 1, 0],
						"0.8": [0.5, 1, 0],
						"0.91": [0, 0, 0]
					}
				},
				"f3": {
					"rotation": {
						"0.5": [0, 0, 0],
						"0.55": [0, -90, 0],
						"0.94": [0, -90, 0],
						"0.99": [0, 0, 0]
					}
				},
				"f4": {
					"rotation": {
						"0.45": [0, 0, 0],
						"0.5": [0, 90, 0],
						"0.94": [0, 90, 0],
						"0.99": [0, 0, 0]
					}
				},
				"ani4": {
					"rotation": {
						"0.0": [0, 0, 0],
						"0.37": [0, 0, -45],
						"0.5": [0, 0, -70],
						"0.8": [0, 0, -82.5],
						"0.83": [0, 0, -85.94],
						"0.97": [0, 0, -84.33],
						"1.07": [0, 0, -70],
						"1.15": [0, 0, -25]
					},
					"position": {
						"0.0": [6, 602, 0],
						"0.13": [15.54788, 610.47458, -1.82],
						"0.27": [15.09745, 619.24285, -3.64],
						"0.37": [13.01115, 625.51627, -5.01],
						"0.4": [12.23012, 626.14592, -5.01],
						"0.43": [11.38661, 626.6873, -5.01],
						"0.47": [10.49313, 627.13229, -5.26],
						"0.5": [9.55031, 627.47202, -6.01],
						"1.07": [12.36939, 626.44596, -6.1975],
						"1.1": [13.83897, 624.75969, -6.2],
						"1.15": [13.39357, 614.79014, -6.2],
						"1.18": [31.13997, 576.72507, -6.2]
					},
					"scale": 0.75
				},
				"bullg5": {
					"position": {
						"0.5": [0, 0, 0],
						"0.63": [-1, 1.5625, 0],
						"0.74": [-1, 3, -0.5625],
						"0.9": [-2.625, 5.625, 0],
						"0.94": [-2.775, 5.9975, 0],
						"1.0": [-2.815, 6.5825, 0],
						"1.04": [-3.0625, 7, 0],
						"1.08": [-3.7475, 8.6925, 0]
					},
					"scale": {
						"1.08": {
							"pre": [1.2, 1.2, 1.2],
							"post": [0, 0, 0]
						}
					}
				},
				"mhok6": {
					"rotation": {
						"0.0": [0, 0, 0],
						"0.17": [0, 0, 12.5],
						"0.23": [0, 0, 40],
						"0.37": [0, 0, -72.5],
						"0.47": [0, 0, 0]
					}
				},
				"mhok7": {
					"rotation": {
						"0.0": [0, 0, 0],
						"0.03": [0, 0, -124],
						"0.17": [0, 0, -107.5],
						"0.23": [0, 0, -97.5],
						"0.37": [0, 0, -97.5],
						"0.47": [0, 0, 0]
					}
				},
				"mhok8": {
					"rotation": {
						"0.0": [0, 0, 0],
						"0.17": [0, 0, 262.5],
						"0.37": [0, 0, 262.5],
						"0.47": [0, 0, 0]
					}
				},
				"bullgmag7": {
					"position": {
						"0.23": [0, 0, 0],
						"0.27": [-0.27886, 0.80305, 0],
						"0.3": [-0.61431, 1.15569, 0],
						"0.33": [-1.19747, 1.42256, 0],
						"0.37": [-1.19194, 2.42775, 0],
						"0.4": [-0.90409, 3.86199, 0],
						"0.77": [-0.9, 3.86, 0],
						"0.8": [-0.9, 3.86, -0.25],
						"0.9": [-0.9, 3.86, -4],
						"0.91": [0, 0, 0]
					},
					"scale": {
						"0.9": [1, 1, 1],
						"0.91": [0, 0, 0],
						"1.08": {
							"pre": [0, 0, 0],
							"post": [1, 1, 1]
						}
					}
				},
				"rollpart3": {
					"rotation": {
						"0.4": [0, 0, 0],
						"0.53": [0, 0, 22.5],
						"0.97": [0, 0, 22.5],
						"1.1": [0, 0, 0]
					}
				},
				"eiixti3": {
					"position": {
						"0.43": [0, 0, 0],
						"0.63": [0.5, 1, 0],
						"0.8": [0.5, 1, 0],
						"0.91": [0, 0, 0]
					}
				},
				"f5": {
					"rotation": {
						"0.5": [0, 0, 0],
						"0.55": [0, -90, 0],
						"0.94": [0, -90, 0],
						"0.99": [0, 0, 0]
					}
				},
				"f6": {
					"rotation": {
						"0.45": [0, 0, 0],
						"0.5": [0, 90, 0],
						"0.94": [0, 90, 0],
						"0.99": [0, 0, 0]
					}
				},
				"newmag": {
					"rotation": {
						"1.1": [0, 0, 0],
						"1.29": [87.5, 0, 0]
					},
					"position": {
						"0.0": [0, 0, 0],
						"0.72": [0, 0, 0],
						"0.81": [-1, 1, 0],
						"1.1": [-1, 1, 0],
						"1.4": [-29, -10, 4]
					},
					"scale": 1
				},
				"newmag2": {
					"position": {
						"0.0": [0, 0, 0],
						"0.5": [0, 0, 0],
						"0.69": [0, 2.25, 0],
						"1.18": [0, 2.25, -2]
					}
				},
				"newmag3": {
					"position": {
						"0.0": [0, 0, 0],
						"0.5": [0, 0, 0],
						"0.69": [0, 2.25, 0],
						"1.18": [0, 2.25, -2]
					}
				},
				"newmag4": {
					"position": {
						"0.0": [0, 0, 0],
						"0.5": [0, 0, 0],
						"0.69": [0, 2.25, 0],
						"1.18": [0, 2.25, -2]
					}
				}
			}
		},
		"reload_empty": {
			"animation_length": 1.4,
			"bones": {
				"DHook": {
					"rotation": {
						"0.0": [0, 0, 0],
						"0.2": [0, 0, -200],
						"0.3": [0, 0, -207],
						"0.9": [0, 0, -207],
						"1.0": [0, 0, -200],
						"1.2": [0, 0, 0]
					}
				},
				"C2": {
					"rotation": {
						"0.0": [0, 0, 0],
						"0.3": [0, 0, -6],
						"0.9": [0, 0, -6],
						"1.2": [0, 0, 0]
					},
					"position": {
						"0.0": [0, 0, 0],
						"0.3": [-1.17249, 0.70703, 0],
						"0.9": [-1.17249, 0.70703, 0],
						"1.2": [0, 0, 0]
					}
				},
				"C1": {
					"rotation": {
						"0.0": [0, 0, 0],
						"0.3": [0, 0, 77.5],
						"0.9": [0, 0, 77.5],
						"1.2": [0, 0, 0]
					}
				},
				"bullg": {
					"position": {
						"0.0": {
							"post": [0, 0, 0],
							"lerp_mode": "catmullrom"
						},
						"0.1": {
							"post": [0, 0, 3.75],
							"lerp_mode": "catmullrom"
						},
						"0.2": {
							"post": [-1, -1, 3.75],
							"lerp_mode": "catmullrom"
						},
						"0.3": {
							"post": [-7, -1.875, 3.75],
							"lerp_mode": "catmullrom"
						},
						"0.4": {
							"post": [-13.1275, -10.22, 10.75],
							"lerp_mode": "catmullrom"
						},
						"0.5": [-18.76, -37.12, 3.75],
						"0.7": [-3.75, -55.25, 3.75],
						"0.8": [0, 0, 3.75],
						"0.9": [0, 0, 0]
					},
					"scale": {
						"0.6": [1, 1, 1],
						"0.7": [0, 0, 0],
						"0.8": [0, 0, 0],
						"0.9": [1, 1, 1]
					}
				},
				"using_illuminated": {
					"position": {
						"0.8": [0, 0, -2],
						"0.9": [0, 0, 0]
					}
				},
				"used_illuminated": {
					"position": {
						"0.8": [0, 0, 5],
						"0.9": [0, 0, 3.75]
					}
				},
				"ammo_count_text_show_pos": {
					"position": {
						"0.0": [0, -3, 6],
						"1.2": [0, 0, 0]
					}
				},
				"mag": {
					"rotation": {
						"0.0": [0, 0, 0],
						"0.4": [0, 0, -32.5],
						"0.7": [0, 0, -42.5],
						"0.9": [0, 0, -42.5],
						"1.1": [0, 0, -32.5],
						"1.2": [0, 0, 0]
					},
					"position": {
						"0.0": [7, 603, 0],
						"0.2": [12, 620, 0],
						"0.5": [12, 629, -5],
						"0.7": [12, 630, -4],
						"0.8": [11, 630.4375, -4],
						"0.9": [12, 630, -4],
						"1.1": [12, 629, -6],
						"1.2": [7, 603, 0]
					}
				},
				"ani": {
					"rotation": {
						"0.0": [0, 0, 0],
						"0.2": [0, 0, -47.5],
						"0.37": [0, 0, -62.5],
						"0.6": [0, 0, -75],
						"0.77": [0, 0, -66]
					},
					"position": {
						"0.0": [6, 602, 0],
						"0.2": [10.78705, 615.64882, -1.5],
						"0.27": [10.53613, 617.7687, -1.6],
						"0.37": [9.17402, 620.9165, -4.01],
						"0.43": [8.56227, 624.04573, -4.28],
						"0.5": [7.91573, 626.91501, -6.175],
						"0.6": [7.73314, 628.02937, -6.15],
						"0.77": [4.52306, 630.53588, -6.15]
					},
					"scale": 0.75
				},
				"pin": {
					"position": {
						"0.0": {
							"post": [0, 0, -5],
							"lerp_mode": "catmullrom"
						},
						"0.1": {
							"post": [0, 0, 0],
							"lerp_mode": "catmullrom"
						},
						"0.7": {
							"post": [0, 0, 0],
							"lerp_mode": "catmullrom"
						},
						"0.8": {
							"post": [0, 0, -1],
							"lerp_mode": "catmullrom"
						},
						"0.9": {
							"post": [0, 0, -5],
							"lerp_mode": "catmullrom"
						},
						"1.0": {
							"post": [0, 0, 0],
							"lerp_mode": "catmullrom"
						}
					}
				},
				"hok3": {
					"rotation": {
						"0.0": [0, 0, 0],
						"0.2": [-20, 80, 0],
						"0.7": [-20, 80, 0],
						"0.9": [0, 0, 0]
					}
				},
				"hok4": {
					"rotation": {
						"0.0": [0, 0, 0],
						"0.2": [20, 80, 0],
						"0.7": [20, 80, 0],
						"0.9": [0, 0, 0]
					}
				},
				"bullg2": {
					"position": {
						"0.0": [0, 0, 0],
						"0.7": [0, 0, 0],
						"0.8": [-1.375, 1.625, 0],
						"0.9": [-2.19, 2, -4.75]
					},
					"scale": {
						"0.8": [1, 1, 1],
						"0.9": [0, 0, 0]
					}
				},
				"lefthand": {
					"rotation": [90, -65, -90],
					"position": [10, -655, 0],
					"scale": [1.2, 1.5, 1.2]
				},
				"righthand": {
					"rotation": [106.93839, -364.46375, -165.66499],
					"position": [-7.5, -21.25, 0],
					"scale": [1.2, 1.4, 1.2]
				},
				"rg": {
					"rotation": {
						"0.0": {
							"post": [0, 0, 0],
							"lerp_mode": "catmullrom"
						},
						"0.2": {
							"post": [0, 0, 0],
							"lerp_mode": "catmullrom"
						},
						"0.7": [0, 0, 22.5],
						"1.0": {
							"pre": [0, 0, 22.5],
							"post": [0, 0, 22.5],
							"lerp_mode": "catmullrom"
						},
						"1.2": {
							"post": [0, 0, 0],
							"lerp_mode": "catmullrom"
						}
					}
				},
				"mhok": {
					"rotation": {
						"0.0": [0, 0, 0],
						"0.17": [0, 0, 12.5],
						"0.23": [0, 0, 40],
						"0.37": [0, 0, -72.5],
						"0.47": [0, 0, 0]
					}
				},
				"mhok1": {
					"rotation": {
						"0.0": [0, 0, 0],
						"0.03": [0, 0, -124],
						"0.17": [0, 0, -107.5],
						"0.23": [0, 0, -97.5],
						"0.37": [0, 0, -97.5],
						"0.47": [0, 0, 0]
					}
				},
				"mhok2": {
					"rotation": {
						"0.0": [0, 0, 0],
						"0.17": [0, 0, 262.5],
						"0.37": [0, 0, 262.5],
						"0.47": [0, 0, 0]
					}
				},
				"rollpart": {
					"rotation": {
						"0.4": [0, 0, 0],
						"0.53": [0, 0, 22.5],
						"0.97": [0, 0, 22.5],
						"1.1": [0, 0, 0]
					}
				},
				"bullgmag3": {
					"position": {
						"0.23": [0, 0, 0],
						"0.27": [-0.27886, 0.80305, 0],
						"0.3": [-0.61431, 1.15569, 0],
						"0.33": [-1.19747, 1.42256, 0],
						"0.37": [-1.19194, 2.42775, 0],
						"0.4": [-0.90409, 3.86199, 0],
						"0.77": [-0.9, 3.86, 0],
						"0.8": [-0.9, 3.86, -0.25],
						"0.9": [-0.9, 3.86, -4],
						"0.91": [0, 0, 0]
					},
					"scale": {
						"0.9": [1, 1, 1],
						"0.91": [0, 0, 0],
						"1.08": {
							"pre": [0, 0, 0],
							"post": [1, 1, 1]
						}
					}
				},
				"f1": {
					"rotation": {
						"0.45": [0, 0, 0],
						"0.5": [0, 90, 0],
						"0.94": [0, 90, 0],
						"0.99": [0, 0, 0]
					}
				},
				"f2": {
					"rotation": {
						"0.5": [0, 0, 0],
						"0.55": [0, -90, 0],
						"0.94": [0, -90, 0],
						"0.99": [0, 0, 0]
					}
				},
				"ani2": {
					"rotation": {
						"0.0": [0, 0, 0],
						"0.37": [0, 0, -45],
						"0.5": [0, 0, -70],
						"0.8": [0, 0, -82.5],
						"0.83": [0, 0, -85.94],
						"0.97": [0, 0, -84.33],
						"1.07": [0, 0, -70],
						"1.15": [0, 0, -25]
					},
					"position": {
						"0.0": [6, 602, 0],
						"0.13": [15.54788, 610.47458, -1.82],
						"0.27": [15.09745, 619.24285, -3.64],
						"0.37": [13.01115, 625.51627, -5.01],
						"0.4": [12.23012, 626.14592, -5.01],
						"0.43": [11.38661, 626.6873, -5.01],
						"0.47": [10.49313, 627.13229, -5.26],
						"0.5": [9.55031, 627.47202, -6.01],
						"1.07": [12.36939, 626.44596, -6.1975],
						"1.1": [13.83897, 624.75969, -6.2],
						"1.15": [13.39357, 614.79014, -6.2],
						"1.18": [31.13997, 576.72507, -6.2]
					},
					"scale": 0.75
				},
				"bullg3": {
					"position": {
						"0.5": [0, 0, 0],
						"0.63": [-1, 1.5625, 0],
						"0.74": [-1, 3, -0.5625],
						"0.9": [-2.625, 5.625, 0],
						"0.94": [-2.775, 5.9975, 0],
						"1.0": [-2.815, 6.5825, 0],
						"1.04": [-3.0625, 7, 0],
						"1.08": [-3.7475, 8.6925, 0]
					},
					"scale": {
						"1.08": {
							"pre": [1.2, 1.2, 1.2],
							"post": [0, 0, 0]
						}
					}
				},
				"eiixti": {
					"position": {
						"0.43": [0, 0, 0],
						"0.63": [0.5, 1, 0],
						"0.8": [0.5, 1, 0],
						"0.91": [0, 0, 0]
					}
				},
				"ani3": {
					"rotation": {
						"0.0": [0, 0, 0],
						"0.37": [0, 0, -45],
						"0.5": [0, 0, -70],
						"0.8": [0, 0, -82.5],
						"0.83": [0, 0, -85.94],
						"0.97": [0, 0, -84.33],
						"1.07": [0, 0, -70],
						"1.15": [0, 0, -25]
					},
					"position": {
						"0.0": [6, 602, 0],
						"0.13": [15.54788, 610.47458, -1.82],
						"0.27": [15.09745, 619.24285, -3.64],
						"0.37": [13.01115, 625.51627, -5.01],
						"0.4": [12.23012, 626.14592, -5.01],
						"0.43": [11.38661, 626.6873, -5.01],
						"0.47": [10.49313, 627.13229, -5.26],
						"0.5": [9.55031, 627.47202, -6.01],
						"1.07": [12.36939, 626.44596, -6.1975],
						"1.1": [13.83897, 624.75969, -6.2],
						"1.15": [13.39357, 614.79014, -6.2],
						"1.18": [31.13997, 576.72507, -6.2]
					},
					"scale": 0.75
				},
				"bullg4": {
					"position": {
						"0.5": [0, 0, 0],
						"0.63": [-1, 1.5625, 0],
						"0.74": [-1, 3, -0.5625],
						"0.9": [-2.625, 5.625, 0],
						"0.94": [-2.775, 5.9975, 0],
						"1.0": [-2.815, 6.5825, 0],
						"1.04": [-3.0625, 7, 0],
						"1.08": [-3.7475, 8.6925, 0]
					},
					"scale": {
						"1.08": {
							"pre": [1.2, 1.2, 1.2],
							"post": [0, 0, 0]
						}
					}
				},
				"mhok3": {
					"rotation": {
						"0.0": [0, 0, 0],
						"0.17": [0, 0, 12.5],
						"0.23": [0, 0, 40],
						"0.37": [0, 0, -72.5],
						"0.47": [0, 0, 0]
					}
				},
				"mhok4": {
					"rotation": {
						"0.0": [0, 0, 0],
						"0.03": [0, 0, -124],
						"0.17": [0, 0, -107.5],
						"0.23": [0, 0, -97.5],
						"0.37": [0, 0, -97.5],
						"0.47": [0, 0, 0]
					}
				},
				"mhok5": {
					"rotation": {
						"0.0": [0, 0, 0],
						"0.17": [0, 0, 262.5],
						"0.37": [0, 0, 262.5],
						"0.47": [0, 0, 0]
					}
				},
				"bullgmag4": {
					"position": {
						"0.23": [0, 0, 0],
						"0.27": [-0.27886, 0.80305, 0],
						"0.3": [-0.61431, 1.15569, 0],
						"0.33": [-1.19747, 1.42256, 0],
						"0.37": [-1.19194, 2.42775, 0],
						"0.4": [-0.90409, 3.86199, 0],
						"0.77": [-0.9, 3.86, 0],
						"0.8": [-0.9, 3.86, -0.25],
						"0.9": [-0.9, 3.86, -4],
						"0.91": [0, 0, 0]
					},
					"scale": {
						"0.9": [1, 1, 1],
						"0.91": [0, 0, 0],
						"1.08": {
							"pre": [0, 0, 0],
							"post": [1, 1, 1]
						}
					}
				},
				"rollpart2": {
					"rotation": {
						"0.4": [0, 0, 0],
						"0.53": [0, 0, 22.5],
						"0.97": [0, 0, 22.5],
						"1.1": [0, 0, 0]
					}
				},
				"eiixti2": {
					"position": {
						"0.43": [0, 0, 0],
						"0.63": [0.5, 1, 0],
						"0.8": [0.5, 1, 0],
						"0.91": [0, 0, 0]
					}
				},
				"f3": {
					"rotation": {
						"0.5": [0, 0, 0],
						"0.55": [0, -90, 0],
						"0.94": [0, -90, 0],
						"0.99": [0, 0, 0]
					}
				},
				"f4": {
					"rotation": {
						"0.45": [0, 0, 0],
						"0.5": [0, 90, 0],
						"0.94": [0, 90, 0],
						"0.99": [0, 0, 0]
					}
				},
				"ani4": {
					"rotation": {
						"0.0": [0, 0, 0],
						"0.37": [0, 0, -45],
						"0.5": [0, 0, -70],
						"0.8": [0, 0, -82.5],
						"0.83": [0, 0, -85.94],
						"0.97": [0, 0, -84.33],
						"1.07": [0, 0, -70],
						"1.15": [0, 0, -25]
					},
					"position": {
						"0.0": [6, 602, 0],
						"0.13": [15.54788, 610.47458, -1.82],
						"0.27": [15.09745, 619.24285, -3.64],
						"0.37": [13.01115, 625.51627, -5.01],
						"0.4": [12.23012, 626.14592, -5.01],
						"0.43": [11.38661, 626.6873, -5.01],
						"0.47": [10.49313, 627.13229, -5.26],
						"0.5": [9.55031, 627.47202, -6.01],
						"1.07": [12.36939, 626.44596, -6.1975],
						"1.1": [13.83897, 624.75969, -6.2],
						"1.15": [13.39357, 614.79014, -6.2],
						"1.18": [31.13997, 576.72507, -6.2]
					},
					"scale": 0.75
				},
				"bullg5": {
					"position": {
						"0.5": [0, 0, 0],
						"0.63": [-1, 1.5625, 0],
						"0.74": [-1, 3, -0.5625],
						"0.9": [-2.625, 5.625, 0],
						"0.94": [-2.775, 5.9975, 0],
						"1.0": [-2.815, 6.5825, 0],
						"1.04": [-3.0625, 7, 0],
						"1.08": [-3.7475, 8.6925, 0]
					},
					"scale": {
						"1.08": {
							"pre": [1.2, 1.2, 1.2],
							"post": [0, 0, 0]
						}
					}
				},
				"mhok6": {
					"rotation": {
						"0.0": [0, 0, 0],
						"0.17": [0, 0, 12.5],
						"0.23": [0, 0, 40],
						"0.37": [0, 0, -72.5],
						"0.47": [0, 0, 0]
					}
				},
				"mhok7": {
					"rotation": {
						"0.0": [0, 0, 0],
						"0.03": [0, 0, -124],
						"0.17": [0, 0, -107.5],
						"0.23": [0, 0, -97.5],
						"0.37": [0, 0, -97.5],
						"0.47": [0, 0, 0]
					}
				},
				"mhok8": {
					"rotation": {
						"0.0": [0, 0, 0],
						"0.17": [0, 0, 262.5],
						"0.37": [0, 0, 262.5],
						"0.47": [0, 0, 0]
					}
				},
				"bullgmag7": {
					"position": {
						"0.23": [0, 0, 0],
						"0.27": [-0.27886, 0.80305, 0],
						"0.3": [-0.61431, 1.15569, 0],
						"0.33": [-1.19747, 1.42256, 0],
						"0.37": [-1.19194, 2.42775, 0],
						"0.4": [-0.90409, 3.86199, 0],
						"0.77": [-0.9, 3.86, 0],
						"0.8": [-0.9, 3.86, -0.25],
						"0.9": [-0.9, 3.86, -4],
						"0.91": [0, 0, 0]
					},
					"scale": {
						"0.9": [1, 1, 1],
						"0.91": [0, 0, 0],
						"1.08": {
							"pre": [0, 0, 0],
							"post": [1, 1, 1]
						}
					}
				},
				"rollpart3": {
					"rotation": {
						"0.4": [0, 0, 0],
						"0.53": [0, 0, 22.5],
						"0.97": [0, 0, 22.5],
						"1.1": [0, 0, 0]
					}
				},
				"eiixti3": {
					"position": {
						"0.43": [0, 0, 0],
						"0.63": [0.5, 1, 0],
						"0.8": [0.5, 1, 0],
						"0.91": [0, 0, 0]
					}
				},
				"f5": {
					"rotation": {
						"0.5": [0, 0, 0],
						"0.55": [0, -90, 0],
						"0.94": [0, -90, 0],
						"0.99": [0, 0, 0]
					}
				},
				"f6": {
					"rotation": {
						"0.45": [0, 0, 0],
						"0.5": [0, 90, 0],
						"0.94": [0, 90, 0],
						"0.99": [0, 0, 0]
					}
				},
				"newmag": {
					"rotation": {
						"1.1": [0, 0, 0],
						"1.29": [87.5, 0, 0]
					},
					"position": {
						"0.0": [0, 0, 0],
						"0.72": [0, 0, 0],
						"0.81": [-1, 1, 0],
						"1.1": [-1, 1, 0],
						"1.4": [-29, -10, 4]
					},
					"scale": 1
				},
				"newmag2": {
					"position": {
						"0.0": [0, 0, 0],
						"0.5": [0, 0, 0],
						"0.69": [0, 2.25, 0],
						"1.18": [0, 2.25, -2]
					}
				},
				"newmag3": {
					"position": {
						"0.0": [0, 0, 0],
						"0.5": [0, 0, 0],
						"0.69": [0, 2.25, 0],
						"1.18": [0, 2.25, -2]
					}
				},
				"newmag4": {
					"position": {
						"0.0": [0, 0, 0],
						"0.5": [0, 0, 0],
						"0.69": [0, 2.25, 0],
						"1.18": [0, 2.25, -2]
					}
				}
			}
		},
		"static_ammo_display": {
			"animation_length": 12,
			"bones": {
				"0": {
					"scale": {
						"0.0": [1, 1, 1],
						"9.2": {
							"pre": [1, 1, 1],
							"post": [0, 0, 0]
						}
					}
				},
				"1": {
					"scale": {
						"0.0": [1, 1, 1],
						"9.4": {
							"pre": [1, 1, 1],
							"post": [0, 0, 0]
						}
					}
				},
				"2": {
					"scale": {
						"0.0": [1, 1, 1],
						"9.6": {
							"pre": [1, 1, 1],
							"post": [0, 0, 0]
						}
					}
				},
				"3": {
					"scale": {
						"0.0": [1, 1, 1],
						"9.8": {
							"pre": [1, 1, 1],
							"post": [0, 0, 0]
						}
					}
				},
				"4": {
					"scale": {
						"0.0": [1, 1, 1],
						"10.0": {
							"pre": [1, 1, 1],
							"post": [0, 0, 0]
						}
					}
				},
				"5": {
					"scale": {
						"0.0": [1, 1, 1],
						"10.2": {
							"pre": [1, 1, 1],
							"post": [0, 0, 0]
						}
					}
				},
				"6": {
					"scale": {
						"0.0": [1, 1, 1],
						"10.4": {
							"pre": [1, 1, 1],
							"post": [0, 0, 0]
						}
					}
				},
				"7": {
					"scale": {
						"0.0": [1, 1, 1],
						"10.6": {
							"pre": [1, 1, 1],
							"post": [0, 0, 0]
						}
					}
				},
				"8": {
					"scale": {
						"0.0": [1, 1, 1],
						"10.8": {
							"pre": [1, 1, 1],
							"post": [0, 0, 0]
						}
					}
				},
				"9": {
					"scale": {
						"0.0": [1, 1, 1],
						"11.0": {
							"pre": [1, 1, 1],
							"post": [0, 0, 0]
						}
					}
				},
				"10": {
					"scale": {
						"0.0": [1, 1, 1],
						"11.2": {
							"pre": [1, 1, 1],
							"post": [0, 0, 0]
						}
					}
				},
				"11": {
					"scale": {
						"0.0": [1, 1, 1],
						"11.4": {
							"pre": [1, 1, 1],
							"post": [0, 0, 0]
						}
					}
				},
				"12": {
					"scale": {
						"0.0": [1, 1, 1],
						"11.6": {
							"pre": [1, 1, 1],
							"post": [0, 0, 0]
						}
					}
				},
				"13": {
					"scale": {
						"0.0": [1, 1, 1],
						"11.8": {
							"pre": [1, 1, 1],
							"post": [0, 0, 0]
						}
					}
				},
				"14": {
					"scale": {
						"0.0": [1, 1, 1],
						"11.9": {
							"pre": [1, 1, 1],
							"post": [0, 0, 0]
						}
					}
				},
				"15": {
					"scale": {
						"0.0": [1, 1, 1],
						"12.0": {
							"pre": [1, 1, 1],
							"post": [0, 0, 0]
						}
					}
				},
				"constraint": {
					"rotation": [0.15, 0.15, 0.15],
					"position": [0.15, 0.15, 0.15]
				},
				"gun": {
					"scale": 0.75
				},
				"lefthand": {
					"position": [0, -68, 0]
				},
				"righthand": {
					"rotation": [106.93839, -364.46375, -165.66499],
					"position": [-7.5, -21.25, 0],
					"scale": [1.2, 1.4, 1.2]
				},
				"scope_pos": {
					"scale": {
						"0.0": [1, 1, 1],
						"12.0": [1, 1, 1]
					}
				},
				"bullgmag3": {
					"scale": {
						"0.0": [1, 1, 1],
						"9.0": {
							"pre": [1, 1, 1],
							"post": [0, 0, 0]
						}
					}
				},
				"bullgmag": {
					"scale": {
						"0.0": [1, 1, 1],
						"3.0": {
							"pre": [1, 1, 1],
							"post": [0, 0, 0]
						}
					}
				},
				"bullgmag2": {
					"scale": {
						"0.0": [1, 1, 1],
						"6.0": {
							"pre": [1, 1, 1],
							"post": [0, 0, 0]
						},
						"9.0": {
							"pre": [0, 0, 0],
							"post": [0, 0, 0]
						}
					}
				},
				"bullgmag4": {
					"scale": {
						"0.0": [1, 1, 1],
						"6.0": {
							"pre": [1, 1, 1],
							"post": [0, 0, 0]
						}
					}
				},
				"bullgmag6": {
					"scale": {
						"0.0": [1, 1, 1],
						"3.0": {
							"pre": [1, 1, 1],
							"post": [0, 0, 0]
						}
					}
				},
				"bullgmag7": {
					"scale": {
						"0.0": [1, 1, 1],
						"3.0": {
							"pre": [1, 1, 1],
							"post": [0, 0, 0]
						}
					}
				},
				"a0": {
					"position": {
						"0.0": [0, 0, 0],
						"9.2": {
							"pre": [0, 0, 0],
							"post": [0, 0, 5]
						}
					}
				},
				"a1": {
					"position": {
						"0.0": [0, 0, 0],
						"9.4": {
							"pre": [0, 0, 0],
							"post": [0, 0, 5]
						}
					}
				},
				"a2": {
					"position": {
						"0.0": [0, 0, 0],
						"9.6": {
							"pre": [0, 0, 0],
							"post": [0, 0, 5]
						}
					}
				},
				"a3": {
					"position": {
						"0.0": [0, 0, 0],
						"9.8": {
							"pre": [0, 0, 0],
							"post": [0, 0, 5]
						}
					}
				},
				"a4": {
					"position": {
						"0.0": [0, 0, 0],
						"10.0": {
							"pre": [0, 0, 0],
							"post": [0, 0, 5]
						}
					}
				},
				"a5": {
					"position": {
						"0.0": [0, 0, 0],
						"10.2": {
							"pre": [0, 0, 0],
							"post": [0, 0, 5]
						}
					}
				},
				"a6": {
					"position": {
						"0.0": [0, 0, 0],
						"10.4": {
							"pre": [0, 0, 0],
							"post": [0, 0, 5]
						}
					}
				},
				"a7": {
					"position": {
						"0.0": [0, 0, 0],
						"10.6": {
							"pre": [0, 0, 0],
							"post": [0, 0, 5]
						}
					}
				},
				"a8": {
					"position": {
						"0.0": [0, 0, 0],
						"10.8": {
							"pre": [0, 0, 0],
							"post": [0, 0, 5]
						}
					}
				},
				"a9": {
					"position": {
						"0.0": [0, 0, 0],
						"11.0": {
							"pre": [0, 0, 0],
							"post": [0, 0, 5]
						}
					}
				},
				"a10": {
					"position": {
						"0.0": [0, 0, 0],
						"11.2": {
							"pre": [0, 0, 0],
							"post": [0, 0, 5]
						}
					}
				},
				"a11": {
					"position": {
						"0.0": [0, 0, 0],
						"11.4": {
							"pre": [0, 0, 0],
							"post": [0, 0, 5]
						}
					}
				},
				"a12": {
					"position": {
						"0.0": [0, 0, 0],
						"11.6": {
							"pre": [0, 0, 0],
							"post": [0, 0, 5]
						}
					}
				},
				"a13": {
					"position": {
						"0.0": [0, 0, 0],
						"11.8": {
							"pre": [0, 0, 0],
							"post": [0, 0, 5]
						}
					}
				},
				"a14": {
					"position": {
						"0.0": [0, 0, 0],
						"11.9": {
							"pre": [0, 0, 0],
							"post": [0, 0, 5]
						}
					}
				},
				"a15": {
					"position": {
						"0.0": [0, 0, 0],
						"12.0": {
							"pre": [0, 0, 0],
							"post": [0, 0, 5]
						}
					}
				}
			}
		}
	}
}