{
	"format_version": "1.8.0",
	"animations": {
		"melee_bayonet_1": {
			"loop": true,
			"animation_length": 2.1,
			"bones": {
				"constraint": {
					"rotation": [0.2, 0.2, 0.2],
					"position": [0.2, 0.2, 0.2]
				},
				"l": {
					"scale": 1
				},
				"r": {
					"scale": 1
				},
				"root": {
					"rotation": {
						"0.0": {
							"post": [0, 0, 0],
							"lerp_mode": "catmullrom"
						},
						"0.1": {
							"post": [0, 0, -1.5],
							"lerp_mode": "catmullrom"
						},
						"0.2": {
							"post": [0, 0, 0.25],
							"lerp_mode": "catmullrom"
						},
						"0.3": {
							"post": [0, 0, 1.6],
							"lerp_mode": "catmullrom"
						},
						"0.5": {
							"post": [0, 0, -1.2],
							"lerp_mode": "catmullrom"
						},
						"0.7": {
							"post": [0, 0, 3],
							"lerp_mode": "catmullrom"
						},
						"0.8": {
							"post": [0, 0, -2],
							"lerp_mode": "catmullrom"
						},
						"0.9": {
							"post": [0, 0, 0],
							"lerp_mode": "catmullrom"
						},
						"1.0": {
							"post": [-2.5, 0, 0],
							"lerp_mode": "catmullrom"
						},
						"1.3": {
							"post": [0, 0, 0],
							"lerp_mode": "catmullrom"
						}
					},
					"position": {
						"0.9": {
							"pre": [0, 0, 0],
							"post": [0, 0, 0],
							"lerp_mode": "catmullrom"
						},
						"1.0": {
							"post": [0, 0, 4],
							"lerp_mode": "catmullrom"
						},
						"1.2": {
							"post": [0, 0, 0],
							"lerp_mode": "catmullrom"
						}
					}
				},
				"p": {
					"position": {
						"0.0": {
							"post": [0, 0, 0],
							"lerp_mode": "catmullrom"
						},
						"0.9": {
							"post": [2, 0, 0],
							"lerp_mode": "catmullrom"
						},
						"1.0": {
							"post": [-9, 0, 0],
							"lerp_mode": "catmullrom"
						},
						"1.3": {
							"post": [0, 0, 0],
							"lerp_mode": "catmullrom"
						},
						"1.9": {
							"post": [2.44, 0, 0],
							"lerp_mode": "catmullrom"
						},
						"2.1": {
							"post": [0, 0, 0],
							"lerp_mode": "catmullrom"
						}
					}
				},
				"melee_illuminated": {
					"position": {
						"0.8": [0, -25, 25],
						"0.9": [0, 52, -15],
						"1.0": [0, 52, -20],
						"2.1": [0, 52, -9119]
					},
					"scale": {
						"0.9": [0, 0, 0],
						"1.1": [3, 3, 3],
						"2.1": [1, 1, 1]
					}
				},
				"bullmRE_illuminated": {
					"position": {
						"0.0": [0, 0, 0],
						"0.1": [0, 30, -190],
						"0.8": [0, 29.99273, -190.17182],
						"0.9": {
							"pre": [0, 30.00273, -189.93756],
							"post": [0, 30.00273, -189.93756],
							"lerp_mode": "catmullrom"
						},
						"1.2": {
							"post": [0, 30.00273, -189.93756],
							"lerp_mode": "catmullrom"
						},
						"2.0": [0, 29.99273, -190.49995],
						"2.1": [0, 0, 0]
					},
					"scale": {
						"0.8": [0, 0, 0],
						"0.9": [1, 1, 1],
						"1.2": [1, 1, 1],
						"1.3": [0, 0, 0]
					}
				},
				"bullgRE_illuminated": {
					"position": {
						"0.0": [0, 0, 0],
						"0.8": [0, 30.02573, -195.18274],
						"0.9": {
							"pre": [0, 30.02573, -194.93274],
							"post": [0, 30.02573, -194.93274],
							"lerp_mode": "catmullrom"
						},
						"1.2": {
							"post": [0, 30.02573, -194.93274],
							"lerp_mode": "catmullrom"
						},
						"2.0": [0, 30.02581, -195.43274],
						"2.1": [0, 0, 0]
					},
					"scale": {
						"0.8": [0, 0, 0],
						"0.9": [1, 1, 1],
						"1.2": [1, 1, 1],
						"1.3": [0, 0, 0]
					}
				},
				"hok": {
					"rotation": {
						"0.0": {
							"post": [0, 0, 0],
							"lerp_mode": "catmullrom"
						},
						"0.9": {
							"post": [0, 0, -8],
							"lerp_mode": "catmullrom"
						},
						"1.0": {
							"post": [0, 0, -8],
							"lerp_mode": "catmullrom"
						},
						"1.5": {
							"post": [0, 0, 0],
							"lerp_mode": "catmullrom"
						}
					},
					"position": {
						"0.0": {
							"post": [0, 0, 0],
							"lerp_mode": "catmullrom"
						},
						"1.0": {
							"post": [0, 0.25, 0],
							"lerp_mode": "catmullrom"
						},
						"1.5": {
							"post": [0, 0, 0],
							"lerp_mode": "catmullrom"
						}
					}
				},
				"bullm": {
					"position": {
						"0.0": {
							"post": [0, 0, 0],
							"lerp_mode": "catmullrom"
						},
						"0.9": {
							"post": [-0.25, 0.5, 0],
							"lerp_mode": "catmullrom"
						},
						"1.0": {
							"post": [-0.25, 0.5, 0],
							"lerp_mode": "catmullrom"
						},
						"1.5": {
							"post": [0, 0, 0],
							"lerp_mode": "catmullrom"
						}
					}
				},
				"hok2": {
					"rotation": {
						"0.0": {
							"post": [0, 0, 0],
							"lerp_mode": "catmullrom"
						},
						"0.9": {
							"post": [0, 0, 17.5],
							"lerp_mode": "catmullrom"
						},
						"1.0": {
							"post": [0, 0, 17.5],
							"lerp_mode": "catmullrom"
						},
						"1.5": {
							"post": [0, 0, 0],
							"lerp_mode": "catmullrom"
						}
					}
				},
				"camera": {
					"rotation": {
						"0.0": {
							"post": [0, 0, 0],
							"lerp_mode": "catmullrom"
						},
						"0.2": {
							"post": [0, 0, 0.5],
							"lerp_mode": "catmullrom"
						},
						"0.5": {
							"post": [0, 0, -0.25],
							"lerp_mode": "catmullrom"
						},
						"0.7": {
							"post": [0, 0, 0],
							"lerp_mode": "catmullrom"
						}
					}
				},
				"mele": {
					"rotation": {
						"0.7": [0, 0, 0],
						"0.8": [88.93, -38.5, -1000],
						"1.1": [355.71, -154, 0],
						"1.7": [889.28, 666, 0],
						"2.1": [1245, 0, 0]
					}
				}
			}
		},
		"melee_bayonet_2": {
			"loop": true,
			"animation_length": 2.1,
			"bones": {
				"constraint": {
					"rotation": [0.2, 0.2, 0.2],
					"position": [0.2, 0.2, 0.2]
				},
				"l": {
					"scale": 1
				},
				"r": {
					"scale": 1
				},
				"root": {
					"rotation": {
						"0.0": {
							"post": [0, 0, 0],
							"lerp_mode": "catmullrom"
						},
						"0.1": {
							"post": [0, 0, -1.5],
							"lerp_mode": "catmullrom"
						},
						"0.2": {
							"post": [0, 0, 0.25],
							"lerp_mode": "catmullrom"
						},
						"0.3": {
							"post": [0, 0, 1.6],
							"lerp_mode": "catmullrom"
						},
						"0.5": {
							"post": [0, 0, -1.2],
							"lerp_mode": "catmullrom"
						},
						"0.7": {
							"post": [0, 0, 3],
							"lerp_mode": "catmullrom"
						},
						"0.8": {
							"post": [0, 0, -2],
							"lerp_mode": "catmullrom"
						},
						"0.9": {
							"post": [0, 0, 0],
							"lerp_mode": "catmullrom"
						},
						"1.0": {
							"post": [-2.5, 0, 0],
							"lerp_mode": "catmullrom"
						},
						"1.3": {
							"post": [0, 0, 0],
							"lerp_mode": "catmullrom"
						}
					},
					"position": {
						"0.9": {
							"pre": [0, 0, 0],
							"post": [0, 0, 0],
							"lerp_mode": "catmullrom"
						},
						"1.0": {
							"post": [0, 0, 4],
							"lerp_mode": "catmullrom"
						},
						"1.2": {
							"post": [0, 0, 0],
							"lerp_mode": "catmullrom"
						}
					}
				},
				"p": {
					"position": {
						"0.0": {
							"post": [0, 0, 0],
							"lerp_mode": "catmullrom"
						},
						"0.9": {
							"post": [2, 0, 0],
							"lerp_mode": "catmullrom"
						},
						"1.0": {
							"post": [-9, 0, 0],
							"lerp_mode": "catmullrom"
						},
						"1.3": {
							"post": [0, 0, 0],
							"lerp_mode": "catmullrom"
						},
						"1.9": {
							"post": [2.44, 0, 0],
							"lerp_mode": "catmullrom"
						},
						"2.1": {
							"post": [0, 0, 0],
							"lerp_mode": "catmullrom"
						}
					}
				},
				"melee_illuminated": {
					"position": {
						"0.8": [0, -25, 25],
						"0.9": [0, 52, -15],
						"1.0": [0, 52, -20],
						"2.1": [0, 52, -9119]
					},
					"scale": {
						"0.9": [0, 0, 0],
						"1.1": [3, 3, 3],
						"2.1": [1, 1, 1]
					}
				},
				"bullmRE_illuminated": {
					"position": {
						"0.0": [0, 0, 0],
						"0.1": [0, 30, -190],
						"0.8": [0, 29.99273, -190.17182],
						"0.9": {
							"pre": [0, 30.00273, -189.93756],
							"post": [0, 30.00273, -189.93756],
							"lerp_mode": "catmullrom"
						},
						"1.2": {
							"post": [0, 30.00273, -189.93756],
							"lerp_mode": "catmullrom"
						},
						"2.0": [0, 29.99273, -190.49995],
						"2.1": [0, 0, 0]
					},
					"scale": {
						"0.8": [0, 0, 0],
						"0.9": [1, 1, 1],
						"1.2": [1, 1, 1],
						"1.3": [0, 0, 0]
					}
				},
				"bullgRE_illuminated": {
					"position": {
						"0.0": [0, 0, 0],
						"0.8": [0, 30.02573, -195.18274],
						"0.9": {
							"pre": [0, 30.02573, -194.93274],
							"post": [0, 30.02573, -194.93274],
							"lerp_mode": "catmullrom"
						},
						"1.2": {
							"post": [0, 30.02573, -194.93274],
							"lerp_mode": "catmullrom"
						},
						"2.0": [0, 30.02581, -195.43274],
						"2.1": [0, 0, 0]
					},
					"scale": {
						"0.8": [0, 0, 0],
						"0.9": [1, 1, 1],
						"1.2": [1, 1, 1],
						"1.3": [0, 0, 0]
					}
				},
				"hok": {
					"rotation": {
						"0.0": {
							"post": [0, 0, 0],
							"lerp_mode": "catmullrom"
						},
						"0.9": {
							"post": [0, 0, -8],
							"lerp_mode": "catmullrom"
						},
						"1.0": {
							"post": [0, 0, -8],
							"lerp_mode": "catmullrom"
						},
						"1.5": {
							"post": [0, 0, 0],
							"lerp_mode": "catmullrom"
						}
					},
					"position": {
						"0.0": {
							"post": [0, 0, 0],
							"lerp_mode": "catmullrom"
						},
						"1.0": {
							"post": [0, 0.25, 0],
							"lerp_mode": "catmullrom"
						},
						"1.5": {
							"post": [0, 0, 0],
							"lerp_mode": "catmullrom"
						}
					}
				},
				"bullm": {
					"position": {
						"0.0": {
							"post": [0, 0, 0],
							"lerp_mode": "catmullrom"
						},
						"0.9": {
							"post": [-0.25, 0.5, 0],
							"lerp_mode": "catmullrom"
						},
						"1.0": {
							"post": [-0.25, 0.5, 0],
							"lerp_mode": "catmullrom"
						},
						"1.5": {
							"post": [0, 0, 0],
							"lerp_mode": "catmullrom"
						}
					}
				},
				"hok2": {
					"rotation": {
						"0.0": {
							"post": [0, 0, 0],
							"lerp_mode": "catmullrom"
						},
						"0.9": {
							"post": [0, 0, 17.5],
							"lerp_mode": "catmullrom"
						},
						"1.0": {
							"post": [0, 0, 17.5],
							"lerp_mode": "catmullrom"
						},
						"1.5": {
							"post": [0, 0, 0],
							"lerp_mode": "catmullrom"
						}
					}
				},
				"camera": {
					"rotation": {
						"0.0": {
							"post": [0, 0, 0],
							"lerp_mode": "catmullrom"
						},
						"0.2": {
							"post": [0, 0, 0.5],
							"lerp_mode": "catmullrom"
						},
						"0.5": {
							"post": [0, 0, -0.25],
							"lerp_mode": "catmullrom"
						},
						"0.7": {
							"post": [0, 0, 0],
							"lerp_mode": "catmullrom"
						}
					}
				},
				"mele": {
					"rotation": {
						"0.7": [0, 0, 0],
						"0.8": [88.93, -38.5, -1000],
						"1.1": [355.71, -154, 0],
						"1.7": [889.28, 666, 0],
						"2.1": [1245, 0, 0]
					}
				}
			}
		},
		"melee_bayonet_3": {
			"loop": true,
			"animation_length": 2.1,
			"bones": {
				"constraint": {
					"rotation": [0.2, 0.2, 0.2],
					"position": [0.2, 0.2, 0.2]
				},
				"l": {
					"scale": 1
				},
				"r": {
					"scale": 1
				},
				"root": {
					"rotation": {
						"0.0": {
							"post": [0, 0, 0],
							"lerp_mode": "catmullrom"
						},
						"0.1": {
							"post": [0, 0, -1.5],
							"lerp_mode": "catmullrom"
						},
						"0.2": {
							"post": [0, 0, 0.25],
							"lerp_mode": "catmullrom"
						},
						"0.3": {
							"post": [0, 0, 1.6],
							"lerp_mode": "catmullrom"
						},
						"0.5": {
							"post": [0, 0, -1.2],
							"lerp_mode": "catmullrom"
						},
						"0.7": {
							"post": [0, 0, 3],
							"lerp_mode": "catmullrom"
						},
						"0.8": {
							"post": [0, 0, -2],
							"lerp_mode": "catmullrom"
						},
						"0.9": {
							"post": [0, 0, 0],
							"lerp_mode": "catmullrom"
						},
						"1.0": {
							"post": [-2.5, 0, 0],
							"lerp_mode": "catmullrom"
						},
						"1.3": {
							"post": [0, 0, 0],
							"lerp_mode": "catmullrom"
						}
					},
					"position": {
						"0.9": {
							"pre": [0, 0, 0],
							"post": [0, 0, 0],
							"lerp_mode": "catmullrom"
						},
						"1.0": {
							"post": [0, 0, 4],
							"lerp_mode": "catmullrom"
						},
						"1.2": {
							"post": [0, 0, 0],
							"lerp_mode": "catmullrom"
						}
					}
				},
				"p": {
					"position": {
						"0.0": {
							"post": [0, 0, 0],
							"lerp_mode": "catmullrom"
						},
						"0.9": {
							"post": [2, 0, 0],
							"lerp_mode": "catmullrom"
						},
						"1.0": {
							"post": [-9, 0, 0],
							"lerp_mode": "catmullrom"
						},
						"1.3": {
							"post": [0, 0, 0],
							"lerp_mode": "catmullrom"
						},
						"1.9": {
							"post": [2.44, 0, 0],
							"lerp_mode": "catmullrom"
						},
						"2.1": {
							"post": [0, 0, 0],
							"lerp_mode": "catmullrom"
						}
					}
				},
				"melee_illuminated": {
					"position": {
						"0.8": [0, -25, 25],
						"0.9": [0, 52, -15],
						"1.0": [0, 52, -20],
						"2.1": [0, 52, -9119]
					},
					"scale": {
						"0.9": [0, 0, 0],
						"1.1": [3, 3, 3],
						"2.1": [1, 1, 1]
					}
				},
				"bullmRE_illuminated": {
					"position": {
						"0.0": [0, 0, 0],
						"0.1": [0, 30, -190],
						"0.8": [0, 29.99273, -190.17182],
						"0.9": {
							"pre": [0, 30.00273, -189.93756],
							"post": [0, 30.00273, -189.93756],
							"lerp_mode": "catmullrom"
						},
						"1.2": {
							"post": [0, 30.00273, -189.93756],
							"lerp_mode": "catmullrom"
						},
						"2.0": [0, 29.99273, -190.49995],
						"2.1": [0, 0, 0]
					},
					"scale": {
						"0.8": [0, 0, 0],
						"0.9": [1, 1, 1],
						"1.2": [1, 1, 1],
						"1.3": [0, 0, 0]
					}
				},
				"bullgRE_illuminated": {
					"position": {
						"0.0": [0, 0, 0],
						"0.8": [0, 30.02573, -195.18274],
						"0.9": {
							"pre": [0, 30.02573, -194.93274],
							"post": [0, 30.02573, -194.93274],
							"lerp_mode": "catmullrom"
						},
						"1.2": {
							"post": [0, 30.02573, -194.93274],
							"lerp_mode": "catmullrom"
						},
						"2.0": [0, 30.02581, -195.43274],
						"2.1": [0, 0, 0]
					},
					"scale": {
						"0.8": [0, 0, 0],
						"0.9": [1, 1, 1],
						"1.2": [1, 1, 1],
						"1.3": [0, 0, 0]
					}
				},
				"hok": {
					"rotation": {
						"0.0": {
							"post": [0, 0, 0],
							"lerp_mode": "catmullrom"
						},
						"0.9": {
							"post": [0, 0, -8],
							"lerp_mode": "catmullrom"
						},
						"1.0": {
							"post": [0, 0, -8],
							"lerp_mode": "catmullrom"
						},
						"1.5": {
							"post": [0, 0, 0],
							"lerp_mode": "catmullrom"
						}
					},
					"position": {
						"0.0": {
							"post": [0, 0, 0],
							"lerp_mode": "catmullrom"
						},
						"1.0": {
							"post": [0, 0.25, 0],
							"lerp_mode": "catmullrom"
						},
						"1.5": {
							"post": [0, 0, 0],
							"lerp_mode": "catmullrom"
						}
					}
				},
				"bullm": {
					"position": {
						"0.0": {
							"post": [0, 0, 0],
							"lerp_mode": "catmullrom"
						},
						"0.9": {
							"post": [-0.25, 0.5, 0],
							"lerp_mode": "catmullrom"
						},
						"1.0": {
							"post": [-0.25, 0.5, 0],
							"lerp_mode": "catmullrom"
						},
						"1.5": {
							"post": [0, 0, 0],
							"lerp_mode": "catmullrom"
						}
					}
				},
				"hok2": {
					"rotation": {
						"0.0": {
							"post": [0, 0, 0],
							"lerp_mode": "catmullrom"
						},
						"0.9": {
							"post": [0, 0, 17.5],
							"lerp_mode": "catmullrom"
						},
						"1.0": {
							"post": [0, 0, 17.5],
							"lerp_mode": "catmullrom"
						},
						"1.5": {
							"post": [0, 0, 0],
							"lerp_mode": "catmullrom"
						}
					}
				},
				"camera": {
					"rotation": {
						"0.0": {
							"post": [0, 0, 0],
							"lerp_mode": "catmullrom"
						},
						"0.2": {
							"post": [0, 0, 0.5],
							"lerp_mode": "catmullrom"
						},
						"0.5": {
							"post": [0, 0, -0.25],
							"lerp_mode": "catmullrom"
						},
						"0.7": {
							"post": [0, 0, 0],
							"lerp_mode": "catmullrom"
						}
					}
				},
				"mele": {
					"rotation": {
						"0.7": [0, 0, 0],
						"0.8": [88.93, -38.5, -1000],
						"1.1": [355.71, -154, 0],
						"1.7": [889.28, 666, 0],
						"2.1": [1245, 0, 0]
					}
				}
			}
		},
		"static_idle": {
			"loop": true,
			"bones": {
				"constraint": {
					"rotation": [0.2, 0.2, 0.2],
					"position": [0.2, 0.2, 0.2]
				},
				"l": {
					"rotation": [0, 0, 0],
					"position": [0, 0, 0],
					"scale": 1
				},
				"r": {
					"rotation": [0, 0, 0],
					"position": [0, 0, 0],
					"scale": 1
				}
			}
		},
		"inspect": {
			"loop": true,
			"animation_length": 4.7,
			"bones": {
				"constraint": {
					"rotation": [0.2, 0.2, 0.2],
					"position": [0.2, 0.2, 0.2]
				},
				"l": {
					"rotation": {
						"0.0": [0, 0, 0],
						"2.1": [0, 0, 0],
						"2.7": [-24.73299, 40.14101, -10.95294],
						"4.1": [-24.73, 40.14, -10.95],
						"4.6": [0, 0, 0],
						"4.7": [0, 0, 0]
					},
					"position": {
						"0.0": [0, 0, 0],
						"2.0": [0, 0, 0],
						"2.7": [-5, 9, 7],
						"2.9": [-5, 9, 7],
						"3.1": [-5, 9, 10],
						"3.9": [-5, 9, 10],
						"4.0": [-5, 9, 7],
						"4.1": [-5, 9, 2],
						"4.6": [0, 0, 0],
						"4.7": [0, 0, 0]
					},
					"scale": 1
				},
				"r": {
					"rotation": [0, 0, 0],
					"position": [0, 0, 0],
					"scale": 1
				},
				"root": {
					"rotation": {
						"0.0": [0, 0, 0],
						"0.5": [2.74715, -12.19908, -12.79362],
						"1.4": [2.97424, -13.14793, -13.86843],
						"2.8": [2.74715, -12.19908, -12.79362],
						"4.2": [2.74715, -12.19908, -12.79362],
						"4.7": [0, 0, 0]
					},
					"position": {
						"0.0": [0, 0, 0],
						"0.5": [0, 0, 0],
						"1.4": [0, 0, 0],
						"2.8": [0, 0, 0],
						"4.2": [0, 0, 0],
						"4.7": [0, 0, 0]
					}
				},
				"lefthand_pos": {
					"rotation": [0, 0, 0],
					"position": [0, 0, 0]
				},
				"p": {
					"position": {
						"2.9": [0, 0, 0],
						"3.1": [5, 0, 0],
						"3.9": [5, 0, 0],
						"4.1": [0, 0, 0]
					}
				},
				"hok3": {
					"rotation": {
						"2.9": [0, 0, 0],
						"3.1": [10.04656, 51.86575, 22.45245],
						"3.9": [10.04656, 51.86575, 22.45245],
						"4.0": [0, 0, 0]
					}
				},
				"f": {
					"position": {
						"0.0": [0, 0, 0],
						"2.9": [0, 0, 0],
						"3.1": [0, 0, -0.5],
						"3.9": [0, 0, -0.5],
						"4.0": [0, 0, 0]
					}
				},
				"hok4": {
					"rotation": {
						"2.9": [0, 0, 0],
						"3.1": [0.44827, 45.22257, -15.10487],
						"3.9": [0.44827, 45.22257, -15.10487],
						"4.0": [0, 0, 0]
					}
				},
				"camera": {
					"rotation": {
						"0.0": [0, 0, 0],
						"0.5": [0, -7.5, 0],
						"0.8": [0, -7.5, 0],
						"1.4": [7.5, 17.5, 0],
						"2.1": [7.5, 17.5, 0],
						"2.8": [0, -7.5, 0],
						"4.2": [0, -3.55, 0],
						"4.7": [0, 0, 0]
					}
				}
			}
		},
		"inspect_empty": {
			"loop": true,
			"animation_length": 4.7,
			"bones": {
				"constraint": {
					"rotation": [0.2, 0.2, 0.2],
					"position": [0.2, 0.2, 0.2]
				},
				"l": {
					"rotation": {
						"0.0": [0, 0, 0],
						"2.1": [0, 0, 0],
						"2.7": [-24.73299, 40.14101, -10.95294],
						"4.1": [-24.73, 40.14, -10.95],
						"4.6": [0, 0, 0],
						"4.7": [0, 0, 0]
					},
					"position": {
						"0.0": [0, 0, 0],
						"2.0": [0, 0, 0],
						"2.7": [-5, 9, 7],
						"2.9": [-5, 9, 7],
						"3.1": [-5, 9, 10],
						"3.9": [-5, 9, 10],
						"4.0": [-5, 9, 7],
						"4.1": [-5, 9, 2],
						"4.6": [0, 0, 0],
						"4.7": [0, 0, 0]
					},
					"scale": 1
				},
				"r": {
					"rotation": [0, 0, 0],
					"position": [0, 0, 0],
					"scale": 1
				},
				"root": {
					"rotation": {
						"0.0": [0, 0, 0],
						"0.5": [2.74715, -12.19908, -12.79362],
						"1.4": [2.97424, -13.14793, -13.86843],
						"2.8": [2.74715, -12.19908, -12.79362],
						"4.2": [2.74715, -12.19908, -12.79362],
						"4.7": [0, 0, 0]
					},
					"position": {
						"0.0": [0, 0, 0],
						"0.5": [0, 0, 0],
						"1.4": [0, 0, 0],
						"2.8": [0, 0, 0],
						"4.2": [0, 0, 0],
						"4.7": [0, 0, 0]
					}
				},
				"lefthand_pos": {
					"rotation": [0, 0, 0],
					"position": [0, 0, 0]
				},
				"p": {
					"position": {
						"2.9": [0, 0, 0],
						"3.1": [5, 0, 0],
						"3.9": [5, 0, 0],
						"4.1": [0, 0, 0]
					}
				},
				"hok3": {
					"rotation": {
						"2.9": [0, 0, 0],
						"3.1": [10.04656, 51.86575, 22.45245],
						"3.9": [10.04656, 51.86575, 22.45245],
						"4.0": [0, 0, 0]
					}
				},
				"f": {
					"position": {
						"0.0": [0, 0, 0],
						"2.9": [0, 0, 0],
						"3.1": [0, 0, -0.5],
						"3.9": [0, 0, -0.5],
						"4.0": [0, 0, 0]
					}
				},
				"hok4": {
					"rotation": {
						"2.9": [0, 0, 0],
						"3.1": [0.44827, 45.22257, -15.10487],
						"3.9": [0.44827, 45.22257, -15.10487],
						"4.0": [0, 0, 0]
					}
				},
				"camera": {
					"rotation": {
						"0.0": [0, 0, 0],
						"0.5": [0, -7.5, 0],
						"0.8": [0, -7.5, 0],
						"1.4": [7.5, 17.5, 0],
						"2.1": [7.5, 17.5, 0],
						"2.8": [0, -7.5, 0],
						"4.2": [0, -3.55, 0],
						"4.7": [0, 0, 0]
					}
				},
				"hok": {
					"rotation": [0, 0, -17.5],
					"position": [0, -1.75, 0]
				},
				"bullm": {
					"position": [0, -6, 0]
				},
				"bullg": {
					"position": [-6, 0, 0],
					"scale": 0
				}
			}
		},
		"reload_tactical": {
			"animation_length": 1.0833,
			"bones": {
				"l": {
					"scale": 1
				},
				"r": {
					"scale": 1
				},
				"root": {
					"rotation": {
						"0.0": {
							"post": [0, 0, 0],
							"lerp_mode": "catmullrom"
						},
						"0.125": {
							"post": [0.5, 0, 3.51852],
							"lerp_mode": "catmullrom"
						},
						"0.2917": {
							"post": [0, 0, 0],
							"lerp_mode": "catmullrom"
						},
						"0.625": {
							"post": [1.5, 0, 3.51852],
							"lerp_mode": "catmullrom"
						},
						"0.7917": {
							"post": [1.64033, -4.17145, 3.81244],
							"lerp_mode": "catmullrom"
						},
						"1.0833": {
							"post": [0, 0, 0],
							"lerp_mode": "catmullrom"
						}
					}
				},
				"magazine": {
					"rotation": {
						"0.0": {
							"post": [0, 0, 0],
							"lerp_mode": "catmullrom"
						},
						"0.3333": {
							"post": [0, 0, -45],
							"lerp_mode": "catmullrom"
						},
						"0.5417": {
							"post": [0, 0, -45],
							"lerp_mode": "catmullrom"
						},
						"1.0": {
							"post": [0, 0, 0],
							"lerp_mode": "catmullrom"
						}
					},
					"position": {
						"0.0": {
							"post": [0, 0, 0],
							"lerp_mode": "catmullrom"
						},
						"0.125": {
							"post": [0, -3, 0],
							"lerp_mode": "catmullrom"
						},
						"0.3333": {
							"post": [-11.92031, -14.76598, 18],
							"lerp_mode": "catmullrom"
						},
						"0.5417": {
							"post": [-11.92031, -14.76598, 18],
							"lerp_mode": "catmullrom"
						},
						"0.8333": {
							"post": [0, -3, 0],
							"lerp_mode": "catmullrom"
						},
						"1.0": {
							"post": [0, 0, 0],
							"lerp_mode": "catmullrom"
						}
					}
				},
				"hok": {
					"position": {
						"0.0": {
							"post": [0, 0, 0],
							"lerp_mode": "catmullrom"
						},
						"0.0833": {
							"post": [-0.87118, -1.53947, 0],
							"lerp_mode": "catmullrom"
						},
						"0.9167": {
							"post": [-0.87118, -1.53947, 0],
							"lerp_mode": "catmullrom"
						},
						"1.0": {
							"post": [0, 0, 0],
							"lerp_mode": "catmullrom"
						}
					}
				},
				"bullm": {
					"position": {
						"0.0": {
							"post": [0, 0, 0],
							"lerp_mode": "catmullrom"
						},
						"0.0833": {
							"post": [-1.2825, -1.5, 0],
							"lerp_mode": "catmullrom"
						},
						"0.9167": {
							"post": [-1.2825, -1.5, 0],
							"lerp_mode": "catmullrom"
						},
						"1.0": {
							"post": [0, 0, 0],
							"lerp_mode": "catmullrom"
						}
					}
				},
				"gun": {
					"rotation": {
						"0.0": {
							"post": [0, 0, 0],
							"lerp_mode": "catmullrom"
						},
						"0.125": {
							"post": [0, 0, 0],
							"lerp_mode": "catmullrom"
						},
						"0.2917": {
							"post": [0, 0, 0],
							"lerp_mode": "catmullrom"
						}
					}
				},
				"camera": {
					"rotation": {
						"0.0": [0, 0, 0],
						"0.2083": [1.9997, -0.0349, 0.99939],
						"0.5833": [0, 0, 0]
					}
				}
			}
		},
		"reload_empty": {
			"loop": "hold_on_last_frame",
			"animation_length": 1.0833,
			"bones": {
				"l": {
					"scale": 1
				},
				"r": {
					"scale": 1
				},
				"root": {
					"rotation": {
						"0.0": {
							"post": [0, 0, 0],
							"lerp_mode": "catmullrom"
						},
						"0.125": {
							"post": [0.5, 0, 3.51852],
							"lerp_mode": "catmullrom"
						},
						"0.2917": {
							"post": [0, 0, 0],
							"lerp_mode": "catmullrom"
						},
						"0.625": {
							"post": [1.5, 0, 3.51852],
							"lerp_mode": "catmullrom"
						},
						"0.7917": {
							"post": [1.64033, -4.17145, 3.81244],
							"lerp_mode": "catmullrom"
						},
						"1.0833": {
							"post": [0, 0, 0],
							"lerp_mode": "catmullrom"
						}
					}
				},
				"magazine": {
					"rotation": {
						"0.0": {
							"post": [0, 0, 0],
							"lerp_mode": "catmullrom"
						},
						"0.3333": {
							"post": [0, 0, -45],
							"lerp_mode": "catmullrom"
						},
						"0.5417": {
							"post": [0, 0, -45],
							"lerp_mode": "catmullrom"
						},
						"1.0": {
							"post": [0, 0, 0],
							"lerp_mode": "catmullrom"
						}
					},
					"position": {
						"0.0": {
							"post": [0, 0, 0],
							"lerp_mode": "catmullrom"
						},
						"0.125": {
							"post": [0, -3, 0],
							"lerp_mode": "catmullrom"
						},
						"0.3333": {
							"post": [15.65685, -42.34315, 0],
							"lerp_mode": "catmullrom"
						},
						"0.5417": {
							"post": [15.65685, -42.34315, 0],
							"lerp_mode": "catmullrom"
						},
						"0.8333": {
							"post": [0, -3, 0],
							"lerp_mode": "catmullrom"
						},
						"1.0": {
							"post": [0, 0, 0],
							"lerp_mode": "catmullrom"
						}
					}
				},
				"gun": {
					"rotation": {
						"0.125": {
							"pre": [0, 0, 0],
							"post": [0, 0, 0],
							"lerp_mode": "catmullrom"
						},
						"0.2917": {
							"post": [0, 0, 0],
							"lerp_mode": "catmullrom"
						}
					}
				},
				"hok": {
					"rotation": {
						"0.0": {
							"post": [0, 0, -17.5],
							"lerp_mode": "catmullrom"
						},
						"0.9167": {
							"post": [0, 0, 0],
							"lerp_mode": "catmullrom"
						},
						"0.9583": {
							"post": [0.00071, -0.00454, -7.5],
							"lerp_mode": "catmullrom"
						},
						"1.0": {
							"post": [0.00071, -0.00454, -7.5],
							"lerp_mode": "catmullrom"
						},
						"1.0417": {
							"post": [0, 0, 0],
							"lerp_mode": "catmullrom"
						}
					},
					"position": {
						"0.0": {
							"post": [0, -1.75, 0],
							"lerp_mode": "catmullrom"
						},
						"0.0833": {
							"post": [-0.8739, -1.47702, 0],
							"lerp_mode": "catmullrom"
						},
						"0.9167": {
							"post": [-0.8739, -1.47702, 0],
							"lerp_mode": "catmullrom"
						},
						"0.9583": {
							"post": [0, 0, 0],
							"lerp_mode": "catmullrom"
						},
						"1.0": {
							"post": [0, 0, 0],
							"lerp_mode": "catmullrom"
						},
						"1.0417": {
							"post": [-0.8739, -1.47702, 0],
							"lerp_mode": "catmullrom"
						},
						"1.0833": {
							"post": [0, 0, 0],
							"lerp_mode": "catmullrom"
						}
					}
				},
				"hok2": {
					"rotation": {
						"0.9583": {
							"pre": [0, 0, 0],
							"post": [0, 0, 0],
							"lerp_mode": "catmullrom"
						},
						"1.0": {
							"post": [0.00125, -0.001, 57.5],
							"lerp_mode": "catmullrom"
						},
						"1.0417": {
							"post": [0, 0, 0],
							"lerp_mode": "catmullrom"
						}
					}
				},
				"bullm": {
					"position": {
						"0.0": {
							"post": [0, -6, 0],
							"lerp_mode": "catmullrom"
						},
						"0.3333": {
							"post": [0, -4, 0],
							"lerp_mode": "catmullrom"
						},
						"1.0": {
							"post": [-1, -3.25, 0],
							"lerp_mode": "catmullrom"
						},
						"1.0417": {
							"post": [-1.75, -1.5, -0.75],
							"lerp_mode": "catmullrom"
						},
						"1.0833": {
							"post": [0, 0, 0],
							"lerp_mode": "catmullrom"
						}
					}
				},
				"bullg": {
					"position": {
						"0.3333": {
							"pre": [5, -51.14868, -15.52823],
							"post": [5, -51.14868, -15.52823],
							"lerp_mode": "catmullrom"
						},
						"0.5417": {
							"post": [5, -51.14868, -15.52823],
							"lerp_mode": "catmullrom"
						},
						"0.8333": {
							"post": [6.0625, -8.65, -0.28],
							"lerp_mode": "catmullrom"
						},
						"0.9167": {
							"post": [6.13, -3.4, 0.0775],
							"lerp_mode": "catmullrom"
						},
						"1.0": {
							"post": [5.8725, -1.2125, -1.8425],
							"lerp_mode": "catmullrom"
						},
						"1.0417": {
							"post": [5.25, 0, 0],
							"lerp_mode": "catmullrom"
						},
						"1.0833": {
							"post": [0, 0, 0],
							"lerp_mode": "catmullrom"
						}
					}
				},
				"p": {
					"position": {
						"0.3333": {
							"pre": [0, 0, 0],
							"post": [0, 0, 0],
							"lerp_mode": "catmullrom"
						},
						"0.9583": {
							"post": [0, 0, 0],
							"lerp_mode": "catmullrom"
						},
						"1.0417": {
							"post": [-3.6875, 0, 0],
							"lerp_mode": "catmullrom"
						},
						"1.0833": {
							"post": [-9, 0, 0],
							"lerp_mode": "catmullrom"
						},
						"1.125": {
							"post": [0, 0, 0],
							"lerp_mode": "catmullrom"
						}
					}
				},
				"hok4": {
					"rotation": {
						"0.0": {
							"post": [0, 0, 0],
							"lerp_mode": "catmullrom"
						},
						"0.0833": {
							"post": [-9.85108, 44.13603, -14.00194],
							"lerp_mode": "catmullrom"
						},
						"1.0417": {
							"post": [-9.85108, 44.13603, -14.00194],
							"lerp_mode": "catmullrom"
						},
						"1.125": {
							"post": [0, 0, 0],
							"lerp_mode": "catmullrom"
						}
					}
				},
				"hok3": {
					"rotation": {
						"0.0": {
							"post": [0, 0, 0],
							"lerp_mode": "catmullrom"
						},
						"0.0833": {
							"post": [7.92314, 44.44508, 11.24131],
							"lerp_mode": "catmullrom"
						},
						"1.0417": {
							"post": [7.92314, 44.44508, 11.24131],
							"lerp_mode": "catmullrom"
						},
						"1.125": {
							"post": [0, 0, 0],
							"lerp_mode": "catmullrom"
						}
					}
				},
				"camera": {
					"rotation": {
						"0.0": [0, 0, 0],
						"0.2083": [1.9997, -0.0349, 0.99939],
						"0.5833": [0, 0, 0]
					}
				}
			}
		},
		"static_bolt_caught": {
			"loop": true,
			"bones": {
				"root": {
					"rotation": [0, 0, 0],
					"position": [0, 0, 0]
				},
				"hok": {
					"rotation": [0, 0, -17.5],
					"position": [0, -1.75, 0]
				},
				"bullm": {
					"position": [0, -6, 0]
				},
				"bullg": {
					"scale": 0
				}
			}
		},
		"draw": {
			"animation_length": 0.7,
			"bones": {
				"root": {
					"rotation": {
						"0.0": [0.81, -32.64, 33.95],
						"0.0333": [0.41, -30.53, 32.03],
						"0.0667": [-0.2, -27.56, 29.28],
						"0.1": [-0.85, -24.08, 26.12],
						"0.1333": [-1.39, -20.46, 22.92],
						"0.1667": [-1.65, -17.06, 20.1],
						"0.2": [-1.47, -12.69, 17.07],
						"0.2333": [-0.93, -8.04, 14.24],
						"0.2667": [-0.31, -3.86, 11.52],
						"0.3": [0.1, -0.92, 8.88],
						"0.3333": [0.22, 0.14, 6.64],
						"0.3667": [0.24, 0.31, 4.3],
						"0.4": [0.2, -0.02, 2.09],
						"0.4333": [0.14, -0.46, 0.25],
						"0.4667": [0.11, -0.62, -0.98],
						"0.5": [0.07, -0.33, -1.34],
						"0.5333": [0.03, 0.03, -0.45],
						"0.5667": [-0.01, 0.27, 0.27],
						"0.6": [-0.02, 0.27, 0.3],
						"0.6333": [-0.01, 0.19, 0.21],
						"0.6667": [0, 0.07, 0.08],
						"0.7": [0, 0, 0]
					},
					"position": {
						"0.0": [-3.18, -5.58, 24],
						"0.0333": [-2.87, -5.17, 21.3],
						"0.0667": [-2.43, -4.59, 17.38],
						"0.1": [-1.92, -3.92, 12.96],
						"0.1333": [-1.44, -3.26, 8.8],
						"0.1667": [-1.07, -2.71, 5.61],
						"0.2": [-0.68, -1.99, 2.44],
						"0.2333": [-0.43, -1.4, 0.64],
						"0.2667": [-0.25, -0.94, -0.49],
						"0.3": [-0.12, -0.67, -0.97],
						"0.3333": [-0.06, -0.54, -0.77],
						"0.3667": [-0.03, -0.45, -0.5],
						"0.4": [-0.01, -0.38, -0.3],
						"0.4333": [-0.02, -0.34, -0.02],
						"0.4667": [-0.03, -0.3, 0.16],
						"0.5": [-0.02, -0.21, 0.14],
						"0.5333": [-0.02, -0.12, 0.02],
						"0.5667": [-0.01, -0.05, -0.06],
						"0.6": [-0.01, -0.02, -0.06],
						"0.6333": [0, -0.01, -0.03],
						"0.6667": [0, 0, 0]
					}
				},
				"camera": {
					"rotation": {
						"0.0": {
							"post": [0, 0, 0],
							"lerp_mode": "catmullrom"
						},
						"0.1": {
							"post": [0.11, 0.06, 0.13],
							"lerp_mode": "catmullrom"
						},
						"0.2": {
							"post": [0.76303, 0.21614, 0.52935],
							"lerp_mode": "catmullrom"
						},
						"0.3": {
							"post": [1.025, 0.19, 0.345],
							"lerp_mode": "catmullrom"
						},
						"0.4": {
							"post": [0.475, 0, -0.175],
							"lerp_mode": "catmullrom"
						},
						"0.4667": {
							"post": [0.17, -0.01, 0.19],
							"lerp_mode": "catmullrom"
						},
						"0.5": {
							"post": [-0.175, -0.01, 0.09],
							"lerp_mode": "catmullrom"
						},
						"0.6": {
							"post": [0, 0, -0.05],
							"lerp_mode": "catmullrom"
						},
						"0.7": {
							"post": [0, 0, 0],
							"lerp_mode": "catmullrom"
						}
					}
				},
				"constraint": {
					"rotation": {
						"0.0": [1, 1, 1],
						"0.3": [0.2, 0.2, 0.2]
					},
					"position": {
						"0.0": [1, 1, 1],
						"0.3": [0.1, 0.1, 0.1]
					}
				},
				"hok": {
					"rotation": {
						"0.2333": {
							"pre": [0, 0, -17.5],
							"post": [0, 0, -17.5],
							"lerp_mode": "catmullrom"
						},
						"0.2667": {
							"post": [0, 0, -23.75],
							"lerp_mode": "catmullrom"
						},
						"0.3": {
							"post": [0, 0, -5],
							"lerp_mode": "catmullrom"
						},
						"0.3333": {
							"post": [0, 0, -11.25],
							"lerp_mode": "catmullrom"
						},
						"0.5": {
							"post": [0, 0, 0],
							"lerp_mode": "catmullrom"
						}
					},
					"position": {
						"0.2333": {
							"pre": [0, -2.1875, 0],
							"post": [0, -2.1875, 0],
							"lerp_mode": "catmullrom"
						},
						"0.2667": {
							"post": [0, -1.44, 0],
							"lerp_mode": "catmullrom"
						},
						"0.3": {
							"post": [0, 0, 0],
							"lerp_mode": "catmullrom"
						},
						"0.3333": {
							"post": [0, -1.44, 0],
							"lerp_mode": "catmullrom"
						},
						"0.3667": {
							"post": [0, -1.1275, 0],
							"lerp_mode": "catmullrom"
						},
						"0.5": {
							"post": [0, 0, 0],
							"lerp_mode": "catmullrom"
						}
					}
				},
				"hok2": {
					"rotation": {
						"0.2333": {
							"pre": [0, 0, 0],
							"post": [0, 0, 0],
							"lerp_mode": "catmullrom"
						},
						"0.3": {
							"post": [0, 0, 17.5],
							"lerp_mode": "catmullrom"
						},
						"0.3667": {
							"post": [0, 0, 0],
							"lerp_mode": "catmullrom"
						}
					}
				},
				"bullm": {
					"position": {
						"0.2333": {
							"pre": [0, -3, 0],
							"post": [0, -3, 0],
							"lerp_mode": "catmullrom"
						},
						"0.3667": {
							"post": [-1, -1.25, 0],
							"lerp_mode": "catmullrom"
						},
						"0.5": {
							"post": [0, 0, 0],
							"lerp_mode": "catmullrom"
						}
					}
				},
				"p": {
					"position": {
						"0.2333": {
							"pre": [0, 0, 0],
							"post": [0, 0, 0],
							"lerp_mode": "catmullrom"
						},
						"0.3": {
							"post": [3, 0, 0],
							"lerp_mode": "catmullrom"
						},
						"0.3667": {
							"post": [-2, 0, 0],
							"lerp_mode": "catmullrom"
						},
						"0.5": {
							"post": [-9, 0, 0],
							"lerp_mode": "catmullrom"
						},
						"0.6667": {
							"post": [0, 0, 0],
							"lerp_mode": "catmullrom"
						}
					}
				},
				"bullg": {
					"position": {
						"0.2333": {
							"pre": [6, -5.37, -2.5],
							"post": [6, -5.37, -2.5],
							"lerp_mode": "catmullrom"
						},
						"0.2667": {
							"post": [6.5, -3.9, -1.28],
							"lerp_mode": "catmullrom"
						},
						"0.3": {
							"post": [7, -2.4375, -2.0625],
							"lerp_mode": "catmullrom"
						},
						"0.3667": {
							"post": [7, -0.31, 0.0625],
							"lerp_mode": "catmullrom"
						},
						"0.5": {
							"post": [0, 0, 0],
							"lerp_mode": "catmullrom"
						}
					}
				},
				"hok3": {
					"rotation": {
						"0.0": {
							"post": [0, 0, 0],
							"lerp_mode": "catmullrom"
						},
						"0.2667": {
							"post": [-12.40324, 59.60253, 20.47531],
							"lerp_mode": "catmullrom"
						},
						"0.5333": {
							"post": [0, 0, 0],
							"lerp_mode": "catmullrom"
						}
					}
				},
				"f": {
					"position": {
						"0.0": {
							"post": [0, 0, 0],
							"lerp_mode": "catmullrom"
						},
						"0.2667": {
							"post": [0, 0, -0.5],
							"lerp_mode": "catmullrom"
						},
						"0.5": {
							"post": [0, 0, 0],
							"lerp_mode": "catmullrom"
						}
					}
				},
				"hok4": {
					"rotation": {
						"0.0": {
							"post": [0, 0, 0],
							"lerp_mode": "catmullrom"
						},
						"0.2667": {
							"post": [-33.83608, 51.75669, -43.89948],
							"lerp_mode": "catmullrom"
						},
						"0.5333": {
							"post": [0, 0, 0],
							"lerp_mode": "catmullrom"
						}
					}
				}
			}
		},
		"shoot": {
			"loop": true,
			"animation_length": 0.1196,
			"bones": {
				"l": {
					"scale": 1
				},
				"r": {
					"scale": 1
				},
				"root": {
					"rotation": {
						"0.0": {
							"post": [0, 0, 0],
							"lerp_mode": "catmullrom"
						},
						"0.0199": {
							"post": [-3, 0, 0],
							"lerp_mode": "catmullrom"
						},
						"0.1196": {
							"post": [0, 0, 0],
							"lerp_mode": "catmullrom"
						}
					},
					"position": {
						"0.0": {
							"post": [0, 0, 0],
							"lerp_mode": "catmullrom"
						},
						"0.0199": {
							"post": [0, -0.26105, 1.98289],
							"lerp_mode": "catmullrom"
						},
						"0.1196": {
							"post": [0, 0, 0],
							"lerp_mode": "catmullrom"
						}
					}
				},
				"hok": {
					"rotation": {
						"0.0": {
							"post": [0, 0, 0],
							"lerp_mode": "catmullrom"
						},
						"0.0399": {
							"post": [-0.05662, 0.64997, -4.9576],
							"lerp_mode": "catmullrom"
						},
						"0.0598": {
							"post": [-0.09207, 0.84393, -7.45255],
							"lerp_mode": "catmullrom"
						},
						"0.1196": {
							"post": [0, 0, 0],
							"lerp_mode": "catmullrom"
						}
					},
					"position": {
						"0.0": {
							"post": [0, 0, 0],
							"lerp_mode": "catmullrom"
						},
						"0.0399": {
							"post": [0.4559, 1.02086, 0],
							"lerp_mode": "catmullrom"
						},
						"0.0598": {
							"post": [0, 0, 0],
							"lerp_mode": "catmullrom"
						},
						"0.0797": {
							"post": [-0.91181, -2.04172, 0],
							"lerp_mode": "catmullrom"
						},
						"0.1196": {
							"post": [0, 0, 0],
							"lerp_mode": "catmullrom"
						}
					}
				},
				"hok2": {
					"rotation": {
						"0.0": {
							"post": [-0.43959, -2.88505, -0.17657],
							"lerp_mode": "catmullrom"
						},
						"0.0399": {
							"post": [-0.43959, -2.88505, 22.32343],
							"lerp_mode": "catmullrom"
						},
						"0.0598": {
							"post": [-1.66883, -5.28416, 37.22148],
							"lerp_mode": "catmullrom"
						},
						"0.0797": {
							"post": [-0.5871, 0.33798, -22.56347],
							"lerp_mode": "catmullrom"
						},
						"0.1196": {
							"post": [-0.43959, -2.88505, -0.17657],
							"lerp_mode": "catmullrom"
						}
					}
				},
				"bullm": {
					"position": {
						"0.0199": {
							"pre": [0, 0, 0],
							"post": [0, 0, 0],
							"lerp_mode": "catmullrom"
						},
						"0.0399": {
							"post": [0, 1.5, 0],
							"lerp_mode": "catmullrom"
						},
						"0.0598": {
							"post": [-2.3125, 2.3125, 0],
							"lerp_mode": "catmullrom"
						},
						"0.0797": {
							"post": [-2.3125, 2.3125, -3.3125],
							"lerp_mode": "catmullrom"
						},
						"0.0997": {
							"post": [-1.4975, -2.69, 0.375],
							"lerp_mode": "catmullrom"
						},
						"0.1196": {
							"post": [0, 0, 0],
							"lerp_mode": "catmullrom"
						}
					}
				},
				"p": {
					"position": {
						"0.0": {
							"post": [0, 0, 0],
							"lerp_mode": "catmullrom"
						},
						"0.0199": {
							"post": [-9.125, 0, 0],
							"lerp_mode": "catmullrom"
						},
						"0.0399": {
							"post": [-2, 0, 0],
							"lerp_mode": "catmullrom"
						},
						"0.0997": {
							"post": [0, 0, 0],
							"lerp_mode": "catmullrom"
						}
					}
				},
				"bullg": {
					"rotation": {
						"0.0399": {
							"pre": [0, 0, 0],
							"post": [0, 0, 0],
							"lerp_mode": "catmullrom"
						},
						"0.0598": {
							"post": [-96.50391, -25, -96.50391],
							"lerp_mode": "catmullrom"
						},
						"0.0997": {
							"post": [0, 0, 0],
							"lerp_mode": "catmullrom"
						}
					},
					"position": {
						"0.0199": {
							"pre": [0, 0, 0],
							"post": [0, 0, 0],
							"lerp_mode": "catmullrom"
						},
						"0.0399": {
							"post": [5, 0, 0],
							"lerp_mode": "catmullrom"
						},
						"0.0598": {
							"post": [3.98946, -1.90751, 2.5801],
							"lerp_mode": "catmullrom"
						},
						"0.0797": {
							"post": [0.39022, -22.4624, 8.79963],
							"lerp_mode": "catmullrom"
						},
						"0.0997": {
							"post": [0, 0, 0],
							"lerp_mode": "catmullrom"
						}
					}
				},
				"hok3": {
					"rotation": {
						"0.0": {
							"post": [0, 0, 0],
							"lerp_mode": "catmullrom"
						},
						"0.0399": {
							"post": [11.74513, 43.76124, 16.7308],
							"lerp_mode": "catmullrom"
						},
						"0.0598": {
							"post": [11.74513, 43.76124, 16.7308],
							"lerp_mode": "catmullrom"
						},
						"0.0997": {
							"post": [0, 0, 0],
							"lerp_mode": "catmullrom"
						}
					}
				},
				"hok4": {
					"rotation": {
						"0.0": {
							"post": [0, 0, 0],
							"lerp_mode": "catmullrom"
						},
						"0.0399": {
							"post": [14.36127, 48.12293, -14.60875],
							"lerp_mode": "catmullrom"
						},
						"0.0598": {
							"post": [14.36127, 48.12293, -14.60875],
							"lerp_mode": "catmullrom"
						},
						"0.0997": {
							"post": [0, 0, 0],
							"lerp_mode": "catmullrom"
						}
					}
				},
				"f": {
					"position": {
						"0.0": {
							"post": [0, 0, 0],
							"lerp_mode": "catmullrom"
						},
						"0.0399": {
							"post": [0, 0, -0.9375],
							"lerp_mode": "catmullrom"
						},
						"0.0598": {
							"post": [0, 0, 0],
							"lerp_mode": "catmullrom"
						},
						"0.0797": {
							"post": [0, 0, -0.005],
							"lerp_mode": "catmullrom"
						},
						"0.0997": {
							"post": [0, 0, 0],
							"lerp_mode": "catmullrom"
						}
					}
				}
			}
		}
	}
}