{
	"format_version": "1.8.0",
	"animations": {
		"static_idle": {
			"loop": true,
			"bones": {
				"righthand": {
					"rotation": [110.41318, 8.17773, -174.22491],
					"position": [-10.26645, -7.22285, 23.83984]
				},
				"lefthand": {
					"rotation": [94.92465, -1.03359, 90.78133],
					"position": [9, -1.75, 13],
					"scale": [0.8, 1.2, 0.8]
				},
				"constraint": {
					"rotation": [0.1, 0.1, 0.1],
					"position": [0.1, 0.1, 0.1]
				}
			}
		},
		"melee_stock": {
			"loop": true,
			"bones": {
				"righthand": {
					"rotation": [110.41318, 8.17773, -174.22491],
					"position": [-10.26645, -7.22285, 23.83984]
				},
				"lefthand": {
					"rotation": [94.92465, -1.03359, 90.78133],
					"position": [9, -1.75, 13],
					"scale": [0.8, 1.2, 0.8]
				},
				"constraint": {
					"rotation": [0.1, 0.1, 0.1],
					"position": [0.1, 0.1, 0.1]
				},
				"root": {
					"position": [0, 0, 0]
				}
			}
		},
		"inspect": {
			"loop": true,
			"animation_length": 4.6667,
			"bones": {
				"righthand": {
					"rotation": {
						"0.0": [110.41318, 8.17773, -174.22491],
						"1.3667": [110.41, 8.18, -174.22],
						"1.6": [98.71977, -20.19325, -87.25058],
						"2.0667": [93.18537, 2.06873, -83.9225],
						"2.1667": [93.19343, 4.56486, -83.78318],
						"2.3333": [93.18537, 2.06873, -83.9225],
						"2.5333": [93.19, 2.07, -83.92],
						"2.6333": [93.1925, 3.06845, -83.86428],
						"2.7": [93.19, 2.07, -83.92],
						"3.9": [93.19, 2.07, -83.92],
						"4.0": [93.1925, 3.06845, -83.86428],
						"4.2667": [93.18537, 2.06873, -83.9225],
						"4.6667": [110.41318, 8.17773, -174.22491]
					},
					"position": {
						"0.0": [-10.26645, -7.22285, 23.83984],
						"1.3667": [-10.27, -7.22, 23.84],
						"1.6": [-16.82322, -6.82008, 19.26885],
						"2.0667": [-10.17661, -7.51972, 7.93969],
						"2.2333": [-10.18912, -7.5073, 8.12685],
						"2.3333": [-10.17661, -7.51972, 7.93969],
						"2.5333": [-9.66562, -7.93723, -2.03804],
						"2.6": [-9.65714, -7.95043, -2.28945],
						"2.6667": [-9.67205, -7.93201, -1.91332],
						"2.7": [-9.66562, -7.93723, -2.03804],
						"3.9": [-9.66562, -7.93723, -2.03804],
						"4.0": [-9.67205, -7.93201, -1.91332],
						"4.2667": [-10.17661, -7.51972, 7.93969],
						"4.6667": [-10.26645, -7.22285, 23.83984]
					}
				},
				"lefthand": {
					"rotation": [94.92465, -1.03359, 90.78133],
					"position": [9, -1.75, 13],
					"scale": [0.8, 1.2, 0.8]
				},
				"root": {
					"rotation": {
						"0.0": [0, 0, 0],
						"0.7": [5, 35, 0],
						"0.9667": [5, 35, 0],
						"1.0333": [5.17429, 34.97783, 0.30395],
						"1.2667": [5, 35, 0],
						"1.3667": [5.01535, 35.24905, 0.02668],
						"1.6": [5, 35, 0],
						"2.1667": [-52.6902, 19.2063, 14.07845],
						"2.7": [-52.69, 19.21, 14.08],
						"2.8333": [-52.69, 19.21, 14.08],
						"3.1667": [-67.69, 19.21, 14.08],
						"3.2333": [-68.69, 19.21, 14.08],
						"3.3333": [-67.69, 19.21, 14.08],
						"4.0": [-67.69, 19.21, 14.08],
						"4.6667": [0, 0, 0]
					},
					"position": {
						"0.0": [0, 0, 0],
						"0.6667": [2, 0, -4],
						"1.6": [2, 0, -4],
						"2.1667": [3, -7, -10],
						"2.7": [3, -7, -10],
						"2.8333": [3, -7, -10],
						"3.1667": [0, -15, -10],
						"4.0": [0, -15, -10],
						"4.6667": [0, 0, 0]
					}
				},
				"bolt": {
					"position": {
						"2.3333": [0, 0, 0],
						"2.5333": [0, 0, -10.25],
						"4.0": [0, 0, -10.25],
						"4.2667": [0, 0, 0]
					}
				},
				"pe1": {
					"rotation": {
						"2.3333": [0, 0, 0],
						"2.5333": [0, -5, 0],
						"2.5667": [0, -6, 0],
						"2.6667": [0, -5, 0],
						"4.0": [0, -5, 0],
						"4.1": [0, -1.25, 0],
						"4.2667": [0, 0, 0]
					}
				},
				"pe2": {
					"rotation": {
						"2.3333": [0, 0, 0],
						"2.5333": [0, 5, 0],
						"2.5667": [0, 6, 0],
						"2.6667": [0, 5, 0],
						"4.0": [0, 5, 0],
						"4.1": [0, 1.25, 0],
						"4.2667": [0, 0, 0]
					}
				},
				"pe3": {
					"rotation": {
						"2.3333": [0, 0, 0],
						"2.5333": [-5, 0, 0],
						"2.5667": [-6, 0, 0],
						"2.6667": [-5, 0, 0],
						"4.0": [-5, 0, 0],
						"4.1": [-1.25, 0, 0],
						"4.2667": [0, 0, 0]
					}
				},
				"lhandle": {
					"rotation": {
						"0.7": [0, 0, 0],
						"0.8667": [10, 0, 0],
						"1.0333": [-5, 0, 0],
						"1.1333": [10, 0, 0],
						"1.2333": [-5, 0, 0],
						"1.5": [0, 0, 0]
					}
				},
				"camera": {
					"rotation": {
						"0.0": [0, 0, 0],
						"0.5": [10, 0, 0],
						"0.9333": [6.67, -5, 0],
						"1.1": [7, -5, 0],
						"1.2667": [6.67, -5, 0],
						"1.6667": [6, -1.5, 0],
						"2.2": [10, 0, 0],
						"2.7": [0, 0, 0],
						"2.8333": [-2, 0, 0],
						"2.9667": [0, 0, 0],
						"3.5333": {
							"pre": [-5, 0, 0],
							"post": [-5, 0, 0],
							"lerp_mode": "catmullrom"
						},
						"3.9333": {
							"post": [-5, 0, 0],
							"lerp_mode": "catmullrom"
						},
						"4.4333": [0, 0, 0]
					}
				}
			}
		},
		"inspect_empty": {
			"loop": true,
			"animation_length": 4.6667,
			"bones": {
				"righthand": {
					"rotation": {
						"0.0": [110.41318, 8.17773, -174.22491],
						"1.3667": [110.41, 8.18, -174.22],
						"1.6": [98.71977, -20.19325, -87.25058],
						"2.1667": [93.19, 2.07, -83.92],
						"2.2667": [93.1925, 3.06845, -83.86428],
						"2.3333": [93.19, 2.07, -83.92],
						"2.8667": [93.19, 2.07, -83.92],
						"3.9": [93.19, 2.07, -83.92],
						"4.0": [93.1925, 3.06845, -83.86428],
						"4.2667": [93.18537, 2.06873, -83.9225],
						"4.6667": [110.41318, 8.17773, -174.22491]
					},
					"position": {
						"0.0": [-10.26645, -7.22285, 23.83984],
						"1.3667": [-10.27, -7.22, 23.84],
						"1.6": [-16.82322, -6.82008, 19.26885],
						"2.1667": [-9.66562, -7.93723, -2.03804],
						"2.2333": [-9.65714, -7.95043, -2.28945],
						"2.3": [-9.67205, -7.93201, -1.91332],
						"2.3333": [-9.66562, -7.93723, -2.03804],
						"2.8667": [-9.67, -7.94, -2.04],
						"2.9667": [-9.69576, -7.91912, -1.5411],
						"3.0667": [-9.65136, -7.95132, -2.32835],
						"3.1667": [-9.69576, -7.91912, -1.5411],
						"3.2667": [-9.64171, -7.95915, -2.51544],
						"3.3667": [-9.69576, -7.91912, -1.5411],
						"3.5": [-9.68, -7.93, -1.85],
						"3.9": [-9.66562, -7.93723, -2.03804],
						"4.0": [-9.67205, -7.93201, -1.91332],
						"4.2667": [-10.17661, -7.51972, 7.93969],
						"4.6667": [-10.26645, -7.22285, 23.83984]
					}
				},
				"lefthand": {
					"rotation": [94.92465, -1.03359, 90.78133],
					"position": [9, -1.75, 13],
					"scale": [0.8, 1.2, 0.8]
				},
				"root": {
					"rotation": {
						"0.0": [0, 0, 0],
						"0.7": [5, 35, 0],
						"0.9667": [5, 35, 0],
						"1.0333": [5.17429, 34.97783, 0.30395],
						"1.2667": [5, 35, 0],
						"1.3667": [5.01535, 35.24905, 0.02668],
						"1.6": [5, 35, 0],
						"2.1667": [-52.6902, 19.2063, 14.07845],
						"2.6": [-67.69, 19.21, 14.08],
						"2.6667": [-68.69, 19.21, 14.08],
						"2.7667": [-67.69, 19.21, 14.08],
						"4.0": [-67.69, 19.21, 14.08],
						"4.6667": [0, 0, 0]
					},
					"position": {
						"0.0": [0, 0, 0],
						"0.6667": [2, 0, -4],
						"1.6": [2, 0, -4],
						"2.1667": [3, -7, -10],
						"2.6": [0, -15, -10],
						"4.0": [0, -15, -10],
						"4.6667": [0, 0, 0]
					}
				},
				"bolt": {
					"position": {
						"2.8667": [0, 0, -10.25],
						"2.9667": [0, 0, -10],
						"3.0667": [0, 0, -10.5],
						"3.1667": [0, 0, -10],
						"3.2667": [0, 0, -10.375],
						"3.3667": [0, 0, -10],
						"3.4667": [0, 0, -10.25]
					}
				},
				"pe1": {
					"rotation": {
						"2.8667": [0, -5, 0],
						"2.9667": [0, 4, 0],
						"3.0667": [0, -5, 0],
						"3.1667": [0, 4.5, 0],
						"3.2667": [0, -5.2, 0],
						"3.3667": [0, 4.8, 0],
						"3.4667": [0, -5, 0]
					}
				},
				"pe2": {
					"rotation": {
						"2.8667": [0, 5, 0],
						"2.9667": [0, 4, 0],
						"3.0667": [0, 5, 0],
						"3.1667": [0, 4.5, 0],
						"3.2667": [0, 5.2, 0],
						"3.3667": [0, 4.8, 0],
						"3.4667": [0, 5, 0]
					}
				},
				"pe3": {
					"rotation": {
						"2.8667": [-5, 0, 0],
						"2.9667": [-4, 0, 0],
						"3.0667": [-5, 0, 0],
						"3.1667": [-4.5, 0, 0],
						"3.2667": [-5.2, 0, 0],
						"3.3667": [-4.8, 0, 0],
						"3.4667": [-5, 0, 0]
					}
				},
				"lhandle": {
					"rotation": {
						"0.7": [0, 0, 0],
						"0.8667": [10, 0, 0],
						"1.0333": [-5, 0, 0],
						"1.1333": [10, 0, 0],
						"1.2333": [-5, 0, 0],
						"1.5": [0, 0, 0]
					}
				},
				"camera": {
					"rotation": {
						"0.0": [0, 0, 0],
						"0.5": [10, 0, 0],
						"0.9333": [6.67, -5, 0],
						"1.1": [7, -5, 0],
						"1.2667": [6.67, -5, 0],
						"1.6667": [6, -1.5, 0],
						"2.2": [10, 0, 0],
						"2.7": [0, 0, 0],
						"2.8333": [-2, 0, 0],
						"2.9667": [0, 0, 0],
						"3.5333": {
							"pre": [-5, 0, 0],
							"post": [-5, 0, 0],
							"lerp_mode": "catmullrom"
						},
						"3.9333": {
							"post": [-5, 0, 0],
							"lerp_mode": "catmullrom"
						},
						"4.4333": [0, 0, 0]
					}
				}
			}
		},
		"reload_tactical": {
			"loop": true,
			"animation_length": 1.8667,
			"bones": {
				"righthand": {
					"rotation": {
						"0.0": [110.41318, 8.17773, -174.22491],
						"0.2667": {
							"pre": [110.41318, 8.17773, -174.22491],
							"post": [110.41318, 8.17773, -174.22491],
							"lerp_mode": "catmullrom"
						},
						"0.8667": {
							"post": [91.21977, -20.19325, -87.25058],
							"lerp_mode": "catmullrom"
						},
						"1.4": {
							"post": [91.21977, -20.19325, -87.25058],
							"lerp_mode": "catmullrom"
						},
						"1.6333": [110.41318, 8.17773, -174.22491]
					},
					"position": {
						"0.0": [-10.26645, -7.22285, 23.83984],
						"0.3": [-10.27, -7.22, 23.84],
						"0.6": [-9.88, -6.12817, 6.78896],
						"0.9": [-9.62141, -7.70377, -3.45012],
						"1.0": [-9.62141, -7.27076, -3.20012],
						"1.1": [-9.91595, -6.06786, 8.44615],
						"1.2333": [-9.91595, -6.06786, 8.44615],
						"1.3333": [-13.25261, -8.46594, 16.53084],
						"1.4333": [-10.11666, -9.15104, 16.31819],
						"1.6333": [-10.26645, -7.22285, 23.83984]
					},
					"scale": {
						"0.0": [1, 1, 1],
						"0.3": [0.9, 1.2, 0.9]
					}
				},
				"lefthand": {
					"rotation": [94.92465, -1.03359, 90.78133],
					"position": [9, -1.75, 13],
					"scale": [0.8, 1.2, 0.8]
				},
				"root": {
					"rotation": {
						"0.0": [0, 0, 0],
						"0.3": [-35.85598, 4.40966, 6.07271],
						"0.6667": [-59.40129, 10.80355, 6.32526],
						"0.7667": [-59.41554, 10.67934, 6.53911],
						"0.9": [-59.40129, 10.80355, 6.32526],
						"1.2333": [-59.78638, 6.49053, 3.76613],
						"1.7667": [0, 0, 0]
					},
					"position": {
						"0.0": [0, 0, 0],
						"0.5667": [3.76233, -7.66067, -11.84621],
						"0.8": [4.04481, -7.94187, -11.39713],
						"0.9": [3.91987, -7.92537, -11.40664],
						"1.1667": [3.62824, -7.89736, -11.36039],
						"1.2333": [3.55474, -8.09615, -11.23368],
						"1.2667": [3.51913, -7.6538, -10.49452],
						"1.7667": [0, 0, 0]
					}
				},
				"bolt": {
					"position": {
						"0.0": [0, 0, 0],
						"0.1333": [0, 0, -10.25],
						"1.0": [0, 0, -10.25],
						"1.1": [0, 0, 0]
					}
				},
				"pe1": {
					"rotation": {
						"0.0": [0, 0, 0],
						"0.1667": [0, -1.11, 0],
						"0.3": [0, -5, 0],
						"1.0": [0, -5, 0],
						"1.1": [0, 0, 0]
					}
				},
				"pe2": {
					"rotation": {
						"0.0": [0, 0, 0],
						"0.1667": [0, 1.11, 0],
						"0.3": [0, 5, 0],
						"1.0": [0, 5, 0],
						"1.1": [0, 0, 0]
					}
				},
				"pe3": {
					"rotation": {
						"0.0": [0, 0, 0],
						"0.1667": [-1.11, 0, 0],
						"0.3": [-5, 0, 0],
						"1.0": [-5, 0, 0],
						"1.1": [0, 0, 0]
					}
				},
				"camera": {
					"rotation": {
						"0.0": [0, 0, 0],
						"0.5333": [-5, 0, 0],
						"1.0": [-5, 0, 0],
						"1.1": [-2, 0, 0],
						"1.2667": [-3, 0, 0],
						"1.6667": [0, 0, 0]
					}
				},
				"constraint": {
					"rotation": [0.1, 0.1, 0.1],
					"position": [0.1, 0.1, 0.1]
				}
			}
		},
		"reload_empty": {
			"loop": true,
			"animation_length": 1.8667,
			"bones": {
				"righthand": {
					"rotation": {
						"0.0": [110.41318, 8.17773, -174.22491],
						"0.2667": {
							"pre": [110.41318, 8.17773, -174.22491],
							"post": [110.41318, 8.17773, -174.22491],
							"lerp_mode": "catmullrom"
						},
						"0.8667": {
							"post": [91.21977, -20.19325, -87.25058],
							"lerp_mode": "catmullrom"
						},
						"1.4": {
							"post": [91.21977, -20.19325, -87.25058],
							"lerp_mode": "catmullrom"
						},
						"1.6333": [110.41318, 8.17773, -174.22491]
					},
					"position": {
						"0.0": [-10.26645, -7.22285, 23.83984],
						"0.3": [-10.27, -7.22, 23.84],
						"0.6": [-9.88, -6.12817, 6.78896],
						"0.9": [-9.62141, -7.70377, -3.45012],
						"1.0": [-9.62141, -7.27076, -3.20012],
						"1.1": [-9.91595, -6.06786, 8.44615],
						"1.2333": [-9.91595, -6.06786, 8.44615],
						"1.3333": [-13.25261, -8.46594, 16.53084],
						"1.4333": [-10.11666, -9.15104, 16.31819],
						"1.6333": [-10.26645, -7.22285, 23.83984]
					},
					"scale": {
						"0.0": [1, 1, 1],
						"0.3": [0.9, 1.2, 0.9]
					}
				},
				"lefthand": {
					"rotation": [94.92465, -1.03359, 90.78133],
					"position": [9, -1.75, 13],
					"scale": [0.8, 1.2, 0.8]
				},
				"root": {
					"rotation": {
						"0.0": [0, 0, 0],
						"0.3": [-35.85598, 4.40966, 6.07271],
						"0.6667": [-59.40129, 10.80355, 6.32526],
						"0.7667": [-59.41554, 10.67934, 6.53911],
						"0.9": [-59.40129, 10.80355, 6.32526],
						"1.2333": [-59.78638, 6.49053, 3.76613],
						"1.7667": [0, 0, 0]
					},
					"position": {
						"0.0": [0, 0, 0],
						"0.5667": [3.76233, -7.66067, -11.84621],
						"0.8": [4.04481, -7.94187, -11.39713],
						"0.9": [3.91987, -7.92537, -11.40664],
						"1.1667": [3.62824, -7.89736, -11.36039],
						"1.2333": [3.55474, -8.09615, -11.23368],
						"1.2667": [3.51913, -7.6538, -10.49452],
						"1.7667": [0, 0, 0]
					}
				},
				"bolt": {
					"position": {
						"0.0": [0, 0, -10.25],
						"1.0": [0, 0, -10.25],
						"1.1": [0, 0, 0]
					}
				},
				"pe1": {
					"rotation": {
						"0.0": [0, -5, 0],
						"1.0": [0, -5, 0],
						"1.1": [0, 0, 0]
					}
				},
				"pe2": {
					"rotation": {
						"0.0": [0, 5, 0],
						"1.0": [0, 5, 0],
						"1.1": [0, 0, 0]
					}
				},
				"pe3": {
					"rotation": {
						"0.0": [-5, 0, 0],
						"1.0": [-5, 0, 0],
						"1.1": [0, 0, 0]
					}
				},
				"camera": {
					"rotation": {
						"0.0": [0, 0, 0],
						"0.5333": [-5, 0, 0],
						"1.0": [-5, 0, 0],
						"1.1": [-2, 0, 0],
						"1.2667": [-3, 0, 0],
						"1.6667": [0, 0, 0]
					}
				},
				"constraint": {
					"rotation": [0.1, 0.1, 0.1],
					"position": [0.1, 0.1, 0.1]
				}
			}
		},
		"static_bolt_caught": {
			"loop": true,
			"bones": {
				"righthand": {
					"rotation": [110.41318, 8.17773, -174.22491],
					"position": [-10.26645, -7.22285, 23.83984]
				},
				"lefthand": {
					"rotation": [94.92465, -1.03359, 90.78133],
					"position": [9, -1.75, 13],
					"scale": [0.8, 1.2, 0.8]
				},
				"bolt": {
					"position": [0, 0, -10.25]
				},
				"pe1": {
					"rotation": [0, -5, 0]
				},
				"pe2": {
					"rotation": [0, 5, 0]
				},
				"pe3": {
					"rotation": [-5, 0, 0]
				}
			}
		},
		"shoot": {
			"loop": true,
			"animation_length": 0.0673,
			"bones": {
				"root": {
					"rotation": {
						"0.0": [0, 0, 0],
						"0.0333": [-0.75, 0, 0],
						"0.0667": [0, 0, 0]
					},
					"position": {
						"0.0": [0, 0, 0],
						"0.0333": [0, 0, 0.25],
						"0.0667": [0, 0, 0]
					}
				},
				"bolt": {
					"position": {
						"0.0": [0, 0, 0],
						"0.0333": [0, 0, -10.25],
						"0.0667": [0, 0, 0]
					}
				},
				"pe1": {
					"rotation": {
						"0.0": [0, 0, 0],
						"0.0333": [0, 5, 0],
						"0.0667": [0, 0, 0]
					}
				},
				"pe2": {
					"rotation": {
						"0.0": [0, 0, 0],
						"0.0333": [0, 5, 0],
						"0.0667": [0, 0, 0]
					}
				},
				"pe3": {
					"rotation": {
						"0.0": [0, 0, 0],
						"0.0333": [-5, 0, 0],
						"0.0667": [0, 0, 0]
					}
				}
			}
		},
		"melee_bayonet_1": {
			"animation_length": 0.8,
			"bones": {
				"root": {
					"rotation": {
						"0.0": {
							"post": [0, 0, 0],
							"lerp_mode": "catmullrom"
						},
						"0.6667": {
							"post": [0, 0, 0],
							"lerp_mode": "catmullrom"
						}
					},
					"position": {
						"0.0": {
							"post": [0, 0, 0],
							"lerp_mode": "catmullrom"
						},
						"0.3333": {
							"post": [0, 0, 0.525],
							"lerp_mode": "catmullrom"
						},
						"0.6667": {
							"post": [0, 0, 0],
							"lerp_mode": "catmullrom"
						}
					}
				},
				"camera": {
					"rotation": {
						"0.0": {
							"post": [0, 0, 0],
							"lerp_mode": "catmullrom"
						},
						"0.6667": {
							"post": [0, 0, 0],
							"lerp_mode": "catmullrom"
						}
					}
				}
			}
		},
		"melee_bayonet_2": {
			"animation_length": 0.8,
			"bones": {
				"root": {
					"rotation": {
						"0.0": {
							"post": [0, 0, 0],
							"lerp_mode": "catmullrom"
						},
						"0.6667": {
							"post": [0, 0, 0],
							"lerp_mode": "catmullrom"
						}
					},
					"position": {
						"0.0": {
							"post": [0, 0, 0],
							"lerp_mode": "catmullrom"
						},
						"0.3333": {
							"post": [0, 0, 0.525],
							"lerp_mode": "catmullrom"
						},
						"0.6667": {
							"post": [0, 0, 0],
							"lerp_mode": "catmullrom"
						}
					}
				},
				"camera": {
					"rotation": {
						"0.0": {
							"post": [0, 0, 0],
							"lerp_mode": "catmullrom"
						},
						"0.6667": {
							"post": [0, 0, 0],
							"lerp_mode": "catmullrom"
						}
					}
				}
			}
		},
		"melee_bayonet_3": {
			"animation_length": 0.8,
			"bones": {
				"root": {
					"rotation": {
						"0.0": {
							"post": [0, 0, 0],
							"lerp_mode": "catmullrom"
						},
						"0.6667": {
							"post": [0, 0, 0],
							"lerp_mode": "catmullrom"
						}
					},
					"position": {
						"0.0": {
							"post": [0, 0, 0],
							"lerp_mode": "catmullrom"
						},
						"0.3333": {
							"post": [0, 0, 0.525],
							"lerp_mode": "catmullrom"
						},
						"0.6667": {
							"post": [0, 0, 0],
							"lerp_mode": "catmullrom"
						}
					}
				},
				"camera": {
					"rotation": {
						"0.0": {
							"post": [0, 0, 0],
							"lerp_mode": "catmullrom"
						},
						"0.6667": {
							"post": [0, 0, 0],
							"lerp_mode": "catmullrom"
						}
					}
				}
			}
		}
	}
}