{
	"format_version": "1.8.0",
	"animations": {
		"static_idle": {
			"loop": true,
			"bones": {
				"bar_n": {
					"scale": 0
				},
				"righthand": {
					"rotation": [-117.93855, -352.94698, -187.10708],
					"position": [-7.15526, -16.57672, -4.17803]
				},
				"lefthand": {
					"rotation": [-117.59595, -376.30896, -158.37903],
					"position": [5, -16, 14],
					"scale": [1, 1.5, 1]
				},
				"constraint": {
					"rotation": [0.1, 0.1, 0.1],
					"position": [0.2, 0.2, 0.2]
				}
			}
		},
		"inspect": {
			"loop": true,
			"animation_length": 1.8421,
			"bones": {
				"bar_n": {
					"scale": 0
				},
				"righthand": {
					"rotation": [-117.93855, -352.94698, -187.10708],
					"position": [-7.15526, -16.57672, -4.17803]
				},
				"lefthand": {
					"rotation": {
						"0.0": [-117.59595, -376.30896, -158.37903],
						"0.3684": [-92.6, -376.31, -158.38],
						"0.4737": [-92.6, -376.31, -158.38],
						"0.5789": {
							"pre": [-80.1, -376.31, -158.38],
							"post": [-80.1, -376.31, -158.38],
							"lerp_mode": "catmullrom"
						},
						"1.2632": {
							"post": [-80.1, -376.31, -158.38],
							"lerp_mode": "catmullrom"
						},
						"1.8421": [-117.59595, -376.30896, -158.37903]
					},
					"position": {
						"0.0": [5, -16, 14],
						"0.1579": [-3.60664, -16.98976, 6.87878],
						"0.3684": [-4.85342, -12.45633, 6.71867],
						"0.4737": [-4.85342, -12.45633, 6.71867],
						"0.5789": {
							"pre": [-6.88925, -16.95007, 5.89495],
							"post": [-6.88925, -16.95007, 5.89495],
							"lerp_mode": "catmullrom"
						},
						"1.2632": {
							"post": [-6.88925, -16.95007, 5.89495],
							"lerp_mode": "catmullrom"
						},
						"1.8421": [5, -16, 14]
					},
					"scale": {
						"0.0": [1, 1.5, 1],
						"1.8421": [1, 1.5, 1]
					}
				},
				"constraint": {
					"rotation": [0.1, 0.1, 0.1],
					"position": [0.2, 0.2, 0.2]
				},
				"root": {
					"rotation": [0, 0, 0],
					"position": [0, 0, 0]
				},
				"camera": {
					"rotation": {
						"0.0": {
							"post": [0, 0, 0],
							"lerp_mode": "catmullrom"
						},
						"0.6842": {
							"post": [7.5, 0, 0],
							"lerp_mode": "catmullrom"
						},
						"1.1053": {
							"post": [7.5, 0, 0],
							"lerp_mode": "catmullrom"
						},
						"1.5789": {
							"post": [0, 0, 0],
							"lerp_mode": "catmullrom"
						}
					},
					"position": [0, 0, 0]
				},
				"ligr": {
					"rotation": {
						"0.4737": {
							"pre": [0, 0, 0],
							"post": [0, 0, 0],
							"lerp_mode": "catmullrom"
						},
						"0.5263": {
							"post": [0, 0, 5],
							"lerp_mode": "catmullrom"
						},
						"0.5789": {
							"post": [0, 0, 0],
							"lerp_mode": "catmullrom"
						},
						"0.6316": {
							"post": [0, 0, -5],
							"lerp_mode": "catmullrom"
						},
						"0.6842": {
							"post": [0, 0, 0],
							"lerp_mode": "catmullrom"
						},
						"0.7368": {
							"post": [0, 0, 5],
							"lerp_mode": "catmullrom"
						},
						"0.7895": {
							"post": [0, 0, 0],
							"lerp_mode": "catmullrom"
						},
						"0.8421": {
							"post": [0, 0, -5],
							"lerp_mode": "catmullrom"
						},
						"0.8947": {
							"post": [0, 0, 0],
							"lerp_mode": "catmullrom"
						},
						"0.9474": {
							"post": [0, 0, 5],
							"lerp_mode": "catmullrom"
						},
						"1.0": {
							"post": [0, 0, 0],
							"lerp_mode": "catmullrom"
						},
						"1.0526": {
							"post": [0, 0, -5],
							"lerp_mode": "catmullrom"
						},
						"1.1053": {
							"post": [0, 0, 0],
							"lerp_mode": "catmullrom"
						},
						"1.1579": {
							"post": [0, 0, 4],
							"lerp_mode": "catmullrom"
						},
						"1.2105": {
							"post": [0, 0, 0],
							"lerp_mode": "catmullrom"
						},
						"1.2632": {
							"post": [0, 0, -2],
							"lerp_mode": "catmullrom"
						},
						"1.3158": {
							"post": [0, 0, 0],
							"lerp_mode": "catmullrom"
						},
						"1.3684": {
							"post": [0, 0, 1],
							"lerp_mode": "catmullrom"
						},
						"1.4211": {
							"post": [0, 0, 0],
							"lerp_mode": "catmullrom"
						}
					},
					"position": {
						"0.4737": {
							"pre": [0, 0, 0],
							"post": [0, 0, 0],
							"lerp_mode": "catmullrom"
						},
						"0.5789": {
							"post": [0, 0, 0],
							"lerp_mode": "catmullrom"
						},
						"0.6842": {
							"post": [0, 0, 0],
							"lerp_mode": "catmullrom"
						},
						"0.7895": {
							"post": [0, 0, 0],
							"lerp_mode": "catmullrom"
						},
						"0.8947": {
							"post": [0, 0, 0],
							"lerp_mode": "catmullrom"
						},
						"1.0": {
							"post": [0, 0, 0],
							"lerp_mode": "catmullrom"
						},
						"1.1053": {
							"post": [0, 0, 0],
							"lerp_mode": "catmullrom"
						},
						"1.2105": {
							"post": [0, 0, 0],
							"lerp_mode": "catmullrom"
						},
						"1.3158": {
							"post": [0, 0, 0],
							"lerp_mode": "catmullrom"
						},
						"1.4211": {
							"post": [0, 0, 0],
							"lerp_mode": "catmullrom"
						}
					}
				},
				"mid": {
					"rotation": {
						"0.4737": {
							"pre": [0, 0, 0],
							"post": [0, 0, 0],
							"lerp_mode": "catmullrom"
						},
						"0.5789": {
							"post": [0, 0, 0],
							"lerp_mode": "catmullrom"
						},
						"0.6842": {
							"post": [0, 0, 0],
							"lerp_mode": "catmullrom"
						},
						"0.7895": {
							"post": [0, 0, 0],
							"lerp_mode": "catmullrom"
						},
						"0.8947": {
							"post": [0, 0, 0],
							"lerp_mode": "catmullrom"
						},
						"1.0": {
							"post": [0, 0, 0],
							"lerp_mode": "catmullrom"
						},
						"1.1053": {
							"post": [0, 0, 0],
							"lerp_mode": "catmullrom"
						},
						"1.2105": {
							"post": [0, 0, 0],
							"lerp_mode": "catmullrom"
						},
						"1.3158": {
							"post": [0, 0, 0],
							"lerp_mode": "catmullrom"
						},
						"1.4211": {
							"post": [0, 0, 0],
							"lerp_mode": "catmullrom"
						}
					},
					"position": {
						"0.4737": {
							"pre": [0, 0, 0],
							"post": [0, 0, 0],
							"lerp_mode": "catmullrom"
						},
						"0.5263": {
							"post": [-0.03125, -0.23437, 0],
							"lerp_mode": "catmullrom"
						},
						"0.5789": {
							"post": [0, 0, 0],
							"lerp_mode": "catmullrom"
						},
						"0.6316": {
							"post": [0, 0.21875, 0],
							"lerp_mode": "catmullrom"
						},
						"0.6842": {
							"post": [0, 0, 0],
							"lerp_mode": "catmullrom"
						},
						"0.7368": {
							"post": [-0.03125, -0.23437, 0],
							"lerp_mode": "catmullrom"
						},
						"0.7895": {
							"post": [0, 0, 0],
							"lerp_mode": "catmullrom"
						},
						"0.8421": {
							"post": [0, 0.21875, 0],
							"lerp_mode": "catmullrom"
						},
						"0.8947": {
							"post": [0, 0, 0],
							"lerp_mode": "catmullrom"
						},
						"0.9474": {
							"post": [-0.03125, -0.23437, 0],
							"lerp_mode": "catmullrom"
						},
						"1.0": {
							"post": [0, 0, 0],
							"lerp_mode": "catmullrom"
						},
						"1.0526": {
							"post": [0, 0.21875, 0],
							"lerp_mode": "catmullrom"
						},
						"1.1053": {
							"post": [0, 0, 0],
							"lerp_mode": "catmullrom"
						},
						"1.1579": {
							"post": [-0.03125, -0.17187, 0],
							"lerp_mode": "catmullrom"
						},
						"1.2105": {
							"post": [0, 0, 0],
							"lerp_mode": "catmullrom"
						},
						"1.2632": {
							"post": [0, 0.09375, 0],
							"lerp_mode": "catmullrom"
						},
						"1.3158": {
							"post": [0, 0, 0],
							"lerp_mode": "catmullrom"
						},
						"1.3684": {
							"post": [-0.03125, -0.03125, 0],
							"lerp_mode": "catmullrom"
						},
						"1.4211": {
							"post": [0, 0, 0],
							"lerp_mode": "catmullrom"
						}
					}
				},
				"rigr": {
					"rotation": {
						"0.4737": {
							"pre": [0, 0, 0],
							"post": [0, 0, 0],
							"lerp_mode": "catmullrom"
						},
						"0.5263": {
							"post": [-6, 0, 0],
							"lerp_mode": "catmullrom"
						},
						"0.5789": {
							"post": [0, 0, 0],
							"lerp_mode": "catmullrom"
						},
						"0.6316": {
							"post": [6, 0, 0],
							"lerp_mode": "catmullrom"
						},
						"0.6842": {
							"post": [0, 0, 0],
							"lerp_mode": "catmullrom"
						},
						"0.7368": {
							"post": [-6, 0, 0],
							"lerp_mode": "catmullrom"
						},
						"0.7895": {
							"post": [0, 0, 0],
							"lerp_mode": "catmullrom"
						},
						"0.8421": {
							"post": [6, 0, 0],
							"lerp_mode": "catmullrom"
						},
						"0.8947": {
							"post": [0, 0, 0],
							"lerp_mode": "catmullrom"
						},
						"0.9474": {
							"post": [-6, 0, 0],
							"lerp_mode": "catmullrom"
						},
						"1.0": {
							"post": [0, 0, 0],
							"lerp_mode": "catmullrom"
						},
						"1.0526": {
							"post": [6, 0, 0],
							"lerp_mode": "catmullrom"
						},
						"1.1053": {
							"post": [0, 0, 0],
							"lerp_mode": "catmullrom"
						},
						"1.1579": {
							"post": [-5, 0, 0],
							"lerp_mode": "catmullrom"
						},
						"1.2105": {
							"post": [0, 0, 0],
							"lerp_mode": "catmullrom"
						},
						"1.2632": {
							"post": [3, 0, 0],
							"lerp_mode": "catmullrom"
						},
						"1.3158": {
							"post": [0, 0, 0],
							"lerp_mode": "catmullrom"
						},
						"1.3684": {
							"post": [-1, 0, 0],
							"lerp_mode": "catmullrom"
						},
						"1.4211": {
							"post": [0, 0, 0],
							"lerp_mode": "catmullrom"
						}
					},
					"position": {
						"0.4737": {
							"pre": [0, 0, 0],
							"post": [0, 0, 0],
							"lerp_mode": "catmullrom"
						},
						"0.5789": {
							"post": [0, 0, 0],
							"lerp_mode": "catmullrom"
						},
						"0.6842": {
							"post": [0, 0, 0],
							"lerp_mode": "catmullrom"
						},
						"0.7895": {
							"post": [0, 0, 0],
							"lerp_mode": "catmullrom"
						},
						"0.8947": {
							"post": [0, 0, 0],
							"lerp_mode": "catmullrom"
						},
						"1.0": {
							"post": [0, 0, 0],
							"lerp_mode": "catmullrom"
						},
						"1.1053": {
							"post": [0, 0, 0],
							"lerp_mode": "catmullrom"
						},
						"1.2105": {
							"post": [0, 0, 0],
							"lerp_mode": "catmullrom"
						},
						"1.3158": {
							"post": [0, 0, 0],
							"lerp_mode": "catmullrom"
						},
						"1.4211": {
							"post": [0, 0, 0],
							"lerp_mode": "catmullrom"
						}
					}
				}
			}
		},
		"shoot": {
			"loop": true,
			"animation_length": 0.1,
			"bones": {
				"bar_n": {
					"scale": {
						"0.0": [0, 0, 0],
						"0.1": [0, 0, 0]
					}
				},
				"bar_heat_illuminated": {
					"position": {
						"0.0": [0, 0, 0],
						"0.1": [2, 0, 426]
					},
					"scale": {
						"0.0": [1, 1, 1],
						"0.1": [1, 1, 1]
					}
				},
				"bolt": {
					"position": {
						"0.0": [0, 0, 0],
						"0.1": [0, 0, 17]
					}
				},
				"boneL": {
					"scale": {
						"0.0": [1, 1, 1],
						"0.1": [1.15, 1, 0.525]
					}
				},
				"rol3": {
					"position": {
						"0.0": [0, 0, 0],
						"0.1": [2.75, 0, 4.25]
					}
				},
				"boneR": {
					"scale": {
						"0.0": [1, 1, 1],
						"0.1": [1.15, 1, 0.525]
					}
				},
				"rol": {
					"position": {
						"0.0": [0, 0, 0],
						"0.1": [-2.6875, 0, 4.25]
					}
				},
				"RL": {
					"rotation": {
						"0.0": [0, 0, 0],
						"0.1": [0, -35, 0]
					},
					"position": {
						"0.0": [0, 0, 0],
						"0.1": [-2.66309, 0, 4.23915]
					}
				},
				"RR": {
					"rotation": {
						"0.0": [0, 0, 0],
						"0.1": [0, 35, 0]
					},
					"position": {
						"0.0": [0, 0, 0],
						"0.1": [2.66309, 0, 4.23915]
					}
				},
				"M": {
					"position": {
						"0.0": [0, 0, 0],
						"0.1": [0, 0, 4.25]
					},
					"scale": {
						"0.0": [1, 1, 1],
						"0.1": [1.15, 1, 1]
					}
				},
				"B": {
					"position": {
						"0.0": [0, 0, 0],
						"0.1": [0, 0, 8]
					},
					"scale": {
						"0.0": [1, 1, 1],
						"0.1": [1, 1, 6.6]
					}
				},
				"camera": {
					"rotation": {
						"0.0": [-2.50038, 0.99905, -0.04362],
						"0.1": [0, 0, 0]
					}
				},
				"constraint": {
					"rotation": [0.2, 0.2, 0.2],
					"position": [0.2, 0.2, 0.2]
				}
			}
		},
		"static_bolt_caught": {
			"loop": true,
			"bones": {
				"righthand": {
					"rotation": [-117.93855, -352.94698, -187.10708],
					"position": [-7.15526, -16.57672, -4.17803]
				},
				"lefthand": {
					"rotation": [-117.59595, -376.30896, -158.37903],
					"position": [5, -16, 14],
					"scale": [1, 1.5, 1]
				},
				"bar_n": {
					"scale": 0
				},
				"bar_heat_illuminated": {
					"scale": 0
				},
				"boneL": {
					"scale": [1.15, 1, 0.525]
				},
				"rol": {
					"position": [-2.6875, 0, 4.25]
				},
				"rol3": {
					"position": [2.75, 0, 4.25]
				},
				"boneR": {
					"scale": [1.15, 1, 0.525]
				},
				"RR": {
					"rotation": [0, 35, 0],
					"position": [2.66309, 0, 4.23915]
				},
				"RL": {
					"rotation": [0, -35, 0],
					"position": [-2.66309, 0, 4.23915]
				},
				"M": {
					"position": [0, 0, 4.25],
					"scale": [1.15, 1, 1]
				},
				"bolt": {
					"position": [0, 0, 17]
				},
				"B": {
					"position": [0, 0, 8],
					"scale": [1, 1, 6.6]
				},
				"constraint": {
					"rotation": [0.2, 0.2, 0.2],
					"position": [0.2, 0.2, 0.2]
				}
			}
		},
		"reload_empty": {
			"animation_length": 2.4,
			"bones": {
				"righthand": {
					"rotation": [-117.93855, -352.94698, -187.10708],
					"position": [-7.15526, -16.57672, -4.17803]
				},
				"lefthand": {
					"rotation": {
						"0.0": [-117.59595, -376.30896, -158.37903],
						"0.3": [-125.09595, -376.30896, -158.37903],
						"0.6": [-125.1, -376.31, -158.38],
						"0.8": [-134.2337, -397.71102, -138.76999],
						"0.9": [-64.05929, -309.07847, 15.44541],
						"1.0": [-64.06, -309.08, 15.45],
						"1.2": [2.15009, -278.51527, 87.11674],
						"1.4": [2.15, -278.52, 87.12],
						"1.9": [2.15, -278.52, 87.12],
						"2.0": [-125.09595, -376.30896, -158.37903],
						"2.2": [-117.59595, -376.30896, -158.37903]
					},
					"position": {
						"0.0": [5, -16, 14],
						"0.1": [4, -16, 19],
						"0.3": [3, -12.6875, 17.75],
						"0.6": [3, -12.69, 1.75],
						"0.8": [-6, -53.69, 1.75],
						"0.9": [-6, -53.69, 1.75],
						"1.0": [-17, -16.69, 21.75],
						"1.1": [-5.28, -3.28, 22.97],
						"1.2": [6.4375, -7.8775, 24.1875],
						"1.4": [6.44, -7.88, 24.19],
						"1.9": [9.76006, -67.70982, 25.67751],
						"2.0": [9.76006, -67.70982, 25.67751],
						"2.2": [5, -16, 14]
					},
					"scale": [1, 1.5, 1]
				},
				"bar_n": {
					"rotation": {
						"0.8": [0, 0, 0],
						"0.9": [0, 90, 0],
						"1.2": [0, 90, 0],
						"1.3": [0, 98, 0]
					},
					"position": {
						"0.8": [0, 0, 0],
						"0.9": [-9.00272, 10.17162, -6.3631],
						"1.2": [-11, 10.17, -3.36],
						"1.3": [-7.18444, 10.17, 0.44389]
					},
					"scale": {
						"0.8": [0, 0, 0],
						"0.9": [1, 0.33333, 1],
						"1.3": {
							"pre": [1, 1, 1],
							"post": [0, 0, 0]
						}
					}
				},
				"bar_heat_illuminated": {
					"scale": {
						"1.3": {
							"pre": [0, 0, 0],
							"post": [1, 1, 1]
						}
					}
				},
				"boneL": {
					"scale": {
						"0.3": [1.15, 1, 0.525],
						"0.6": [1, 1, 1]
					}
				},
				"rol": {
					"position": {
						"0.3": [-2.6875, 0, 4.25],
						"0.6": [0, 0, 0]
					}
				},
				"rol3": {
					"position": {
						"0.3": [2.75, 0, 4.25],
						"0.6": [0, 0, 0]
					}
				},
				"boneR": {
					"scale": {
						"0.3": [1.15, 1, 0.525],
						"0.6": [1, 1, 1]
					}
				},
				"RR": {
					"rotation": {
						"0.3": [0, 35, 0],
						"0.6": [0, 0, 0]
					},
					"position": {
						"0.3": [2.66309, 0, 4.23915],
						"0.6": [0, 0, 0]
					}
				},
				"RL": {
					"rotation": {
						"0.3": [0, -35, 0],
						"0.6": [0, 0, 0]
					},
					"position": {
						"0.3": [-2.66309, 0, 4.23915],
						"0.6": [0, 0, 0]
					}
				},
				"M": {
					"position": {
						"0.3": [0, 0, 4.25],
						"0.6": [0, 0, 0]
					},
					"scale": {
						"0.3": [1.15, 1, 1],
						"0.6": [1, 1, 1]
					}
				},
				"bolt": {
					"position": {
						"0.3": [0, 0, 17],
						"0.6": [0, 0, 0]
					}
				},
				"lefthand_pos": {
					"position": {
						"1.3": [0, 0, 0],
						"1.4": [0, -4, 0],
						"1.9": [0, -4, 0],
						"2.0": [0, 0, 0]
					}
				},
				"B": {
					"position": {
						"0.3": [0, 0, 8],
						"0.6": [0, 0, 0]
					},
					"scale": {
						"0.3": [1, 1, 6.6],
						"0.6": [1, 1, 1]
					}
				},
				"camera": {
					"rotation": {
						"0.0": [0, 0, 0],
						"0.2": [2.5, 0, 0],
						"0.5": [2.5, 0, 0],
						"0.6": [0, 0, 0],
						"0.9": [0, 0, 0],
						"1.1": [5, -2.5, 0],
						"1.8": [3.99756, -1.50243, 0.06978],
						"2.1": [0, 0, 0]
					}
				},
				"constraint": {
					"rotation": [0.2, 0.2, 0.2],
					"position": [0.2, 0.2, 0.2]
				},
				"root": {
					"rotation": {
						"0.0": [0, 0, 0],
						"0.5": {
							"pre": [20, 0, 0],
							"post": [20, 0, 0],
							"lerp_mode": "catmullrom"
						},
						"0.7": {
							"post": [9.72, 0, -3.19],
							"lerp_mode": "catmullrom"
						},
						"0.8": [0, 0, 0],
						"1.0": {
							"pre": [-0.05, 0, -10],
							"post": [-0.05, 0, -10],
							"lerp_mode": "catmullrom"
						},
						"1.5": {
							"post": [-0.05, 0, -10],
							"lerp_mode": "catmullrom"
						},
						"1.7": {
							"post": [0, 0, 0],
							"lerp_mode": "catmullrom"
						},
						"2.3": {
							"post": [1, 0, 0],
							"lerp_mode": "catmullrom"
						},
						"2.4": {
							"post": [0, 0, 0],
							"lerp_mode": "catmullrom"
						}
					},
					"position": {
						"0.0": {
							"post": [0, 0, 0],
							"lerp_mode": "catmullrom"
						},
						"0.5": {
							"post": [0, 0, 0],
							"lerp_mode": "catmullrom"
						},
						"0.6": {
							"post": [0, 0, 0.2],
							"lerp_mode": "catmullrom"
						},
						"1.0": {
							"post": [0, 0, 0],
							"lerp_mode": "catmullrom"
						}
					}
				}
			}
		},
		"draw": {
			"animation_length": 0.7,
			"bones": {
				"root": {
					"rotation": {
						"0.0": [0.81, -32.64, 33.95],
						"0.0333": [0.41, -30.53, 32.03],
						"0.0667": [-0.2, -27.56, 29.28],
						"0.1": [-0.85, -24.08, 26.12],
						"0.1333": [-1.39, -20.46, 22.92],
						"0.1667": [-1.65, -17.06, 20.1],
						"0.2": [-1.47, -12.69, 17.07],
						"0.2333": [-0.93, -8.04, 14.24],
						"0.2667": [-0.31, -3.86, 11.52],
						"0.3": [0.1, -0.92, 8.88],
						"0.3333": [0.22, 0.14, 6.64],
						"0.3667": [0.24, 0.31, 4.3],
						"0.4": [0.2, -0.02, 2.09],
						"0.4333": [0.14, -0.46, 0.25],
						"0.4667": [0.11, -0.62, -0.98],
						"0.5": [0.07, -0.33, -1.34],
						"0.5333": [0.03, 0.03, -0.45],
						"0.5667": [-0.01, 0.27, 0.27],
						"0.6": [-0.02, 0.27, 0.3],
						"0.6333": [-0.01, 0.19, 0.21],
						"0.6667": [0, 0.07, 0.08],
						"0.7": [0, 0, 0]
					},
					"position": {
						"0.0": [-3.18, -5.58, 24],
						"0.0333": [-2.87, -5.17, 21.3],
						"0.0667": [-2.43, -4.59, 17.38],
						"0.1": [-1.92, -3.92, 12.96],
						"0.1333": [-1.44, -3.26, 8.8],
						"0.1667": [-1.07, -2.71, 5.61],
						"0.2": [-0.68, -1.99, 2.44],
						"0.2333": [-0.43, -1.4, 0.64],
						"0.2667": [-0.25, -0.94, -0.49],
						"0.3": [-0.12, -0.67, -0.97],
						"0.3333": [-0.06, -0.54, -0.77],
						"0.3667": [-0.03, -0.45, -0.5],
						"0.4": [-0.01, -0.38, -0.3],
						"0.4333": [-0.02, -0.34, -0.02],
						"0.4667": [-0.03, -0.3, 0.16],
						"0.5": [-0.02, -0.21, 0.14],
						"0.5333": [-0.02, -0.12, 0.02],
						"0.5667": [-0.01, -0.05, -0.06],
						"0.6": [-0.01, -0.02, -0.06],
						"0.6333": [0, -0.01, -0.03],
						"0.6667": [0, 0, 0]
					}
				},
				"camera": {
					"rotation": {
						"0.0": {
							"post": [0, 0, 0],
							"lerp_mode": "catmullrom"
						},
						"0.1": {
							"post": [0.11, 0.06, 0.13],
							"lerp_mode": "catmullrom"
						},
						"0.2": {
							"post": [0.76303, 0.21614, 0.52935],
							"lerp_mode": "catmullrom"
						},
						"0.3": {
							"post": [1.025, 0.19, 0.345],
							"lerp_mode": "catmullrom"
						},
						"0.4": {
							"post": [0.475, 0, -0.175],
							"lerp_mode": "catmullrom"
						},
						"0.4667": {
							"post": [0.17, -0.01, 0.19],
							"lerp_mode": "catmullrom"
						},
						"0.5": {
							"post": [-0.175, -0.01, 0.09],
							"lerp_mode": "catmullrom"
						},
						"0.6": {
							"post": [0, 0, -0.05],
							"lerp_mode": "catmullrom"
						},
						"0.7": {
							"post": [0, 0, 0],
							"lerp_mode": "catmullrom"
						}
					}
				},
				"constraint": {
					"rotation": {
						"0.0": [1, 1, 1],
						"0.3": [0.2, 0.2, 0.2]
					},
					"position": {
						"0.0": [1, 1, 1],
						"0.3": [0.1, 0.1, 0.1]
					}
				}
			}
		},
		"put_away": {
			"loop": "hold_on_last_frame",
			"animation_length": 0.4667,
			"bones": {
				"root": {
					"rotation": {
						"0.0": [0, 0, 0],
						"0.4667": [0.81, -32.64, 33.95]
					},
					"position": {
						"0.0": [0, 0, 0],
						"0.4667": [-13.11759, -20.58661, 23.78572]
					}
				},
				"camera": {
					"rotation": {
						"0.0": {
							"post": [0, 0, 0],
							"lerp_mode": "catmullrom"
						},
						"0.1333": {
							"post": [0.3, 0, -0.125],
							"lerp_mode": "catmullrom"
						},
						"0.2333": {
							"post": [0.64, 0, 0.3],
							"lerp_mode": "catmullrom"
						},
						"0.3667": {
							"post": [0.5, 0, 0.15],
							"lerp_mode": "catmullrom"
						},
						"0.5333": {
							"post": [0, 0, 0],
							"lerp_mode": "catmullrom"
						}
					}
				},
				"constraint": {
					"rotation": {
						"0.0": [0.2, 0.2, 0.2],
						"0.3333": [1, 1, 1]
					},
					"position": {
						"0.0": [0.1, 0.1, 0.1],
						"0.3333": [1, 1, 1]
					}
				}
			}
		}
	}
}