{
	"format_version": "1.8.0",
	"animations": {
		"melee_push": {
			"animation_length": 1,
			"bones": {
				"righthand_pos": {
					"rotation": {
						"0.0": [-235, 25, -180],
						"1.0": [-235, 25, -180]
					},
					"position": {
						"0.0": [1.5, 0, 1.25],
						"1.0": [1.5, 0, 1.25]
					}
				},
				"root": {
					"rotation": {
						"0.0": {
							"post": [0, 0, 0],
							"lerp_mode": "catmullrom"
						},
						"0.2": {
							"post": [-16.73634, -5.188, -16.73634],
							"lerp_mode": "catmullrom"
						},
						"0.3": {
							"post": [-16.73634, -5.188, -16.73634],
							"lerp_mode": "catmullrom"
						},
						"0.5": {
							"post": [90, -39, -15],
							"lerp_mode": "catmullrom"
						},
						"0.8": {
							"post": [32.62279, -4.91154, -17.2977],
							"lerp_mode": "catmullrom"
						},
						"0.9": {
							"post": [0, 0, 0],
							"lerp_mode": "catmullrom"
						}
					},
					"position": {
						"0.0": {
							"post": [0, 0, 0],
							"lerp_mode": "catmullrom"
						},
						"0.2": {
							"post": [-1.50353, 5.45, -1.42721],
							"lerp_mode": "catmullrom"
						},
						"0.3": {
							"post": [-1.50353, 5.45, -1.42721],
							"lerp_mode": "catmullrom"
						},
						"0.5": {
							"post": [45, -30, -1],
							"lerp_mode": "catmullrom"
						},
						"0.8": {
							"post": [10.06, -14.2, -0.28],
							"lerp_mode": "catmullrom"
						},
						"0.9": {
							"post": [0, 0, 0],
							"lerp_mode": "catmullrom"
						}
					}
				}
			}
		},
		"static_idle": {
			"loop": true,
			"bones": {
				"righthand_pos": {
					"rotation": [-235, 25, -180],
					"position": [1.5, 0, 1.25]
				}
			}
		},
		"inspect": {
			"loop": true,
			"animation_length": 4,
			"bones": {
				"righthand_pos": {
					"rotation": [-235, 25, -180],
					"position": [1.5, 0, 1.25]
				},
				"root": {
					"rotation": {
						"0.0": [0, 0, 0],
						"0.3": [2.5, -42.5, -20],
						"0.6": [2.5, -42.5, -20],
						"1.4": [7.5, -42.5, -20],
						"1.9": [53.44986, 74.42029, 89.36993],
						"2.1": [53.44986, 74.42029, 89.36993],
						"3.4": [46.27585, 73.10314, 83.9816],
						"4.0": [0, 0, 0]
					},
					"position": {
						"0.0": [0, 0, 0],
						"0.3": [0, 2, 0],
						"0.8": [0, 2, 0],
						"1.5": [0, 2, 0],
						"1.8": [0, -1, 0],
						"4.0": [0, 0, 0]
					}
				},
				"camera": {
					"rotation": {
						"0.2": [0, 0, 0],
						"0.9": [4, 1, 0],
						"1.2": [0, -1, 0],
						"1.8": [0, -2, 0],
						"2.7": [4, -3, 0],
						"3.5": [0, -2, 0],
						"3.9": [0, 0, 0]
					}
				}
			}
		},
		"inspect_empty": {
			"loop": true,
			"animation_length": 4,
			"bones": {
				"righthand_pos": {
					"rotation": [-235, 25, -180],
					"position": [1.5, 0, 1.25]
				},
				"root": {
					"rotation": {
						"0.0": [0, 0, 0],
						"0.3": [2.5, -42.5, -20],
						"0.6": [2.5, -42.5, -20],
						"1.4": [7.5, -42.5, -20],
						"1.9": [53.44986, 74.42029, 89.36993],
						"2.1": [53.44986, 74.42029, 89.36993],
						"3.4": [46.27585, 73.10314, 83.9816],
						"4.0": [0, 0, 0]
					},
					"position": {
						"0.0": [0, 0, 0],
						"0.3": [0, 2, 0],
						"0.8": [0, 2, 0],
						"1.5": [0, 2, 0],
						"1.8": [0, -1, 0],
						"4.0": [0, 0, 0]
					}
				},
				"camera": {
					"rotation": {
						"0.2": [0, 0, 0],
						"0.9": [4, 1, 0],
						"1.2": [0, -1, 0],
						"1.8": [0, -2, 0],
						"2.7": [4, -3, 0],
						"3.5": [0, -2, 0],
						"3.9": [0, 0, 0]
					}
				}
			}
		},
		"reload_empty": {
			"loop": true,
			"animation_length": 0.1,
			"bones": {
				"righthand_pos": {
					"rotation": [-235, 25, -180],
					"position": [1.5, 0, 1.25]
				},
				"root": {
					"rotation": {
						"0.0": {
							"post": [2.4929, -0.1262, 1.4786],
							"lerp_mode": "catmullrom"
						},
						"0.1": {
							"post": [0, 0, 0],
							"lerp_mode": "catmullrom"
						}
					},
					"position": {
						"0.0": [0, 0, 0],
						"0.1": [0, 0, 0]
					}
				}
			}
		},
		"reload_tactical": {
			"loop": true,
			"animation_length": 0.1,
			"bones": {
				"righthand_pos": {
					"rotation": [-235, 25, -180],
					"position": [1.5, 0, 1.25]
				},
				"root": {
					"rotation": {
						"0.0": {
							"post": [2.4929, -0.1262, 1.4786],
							"lerp_mode": "catmullrom"
						},
						"0.1": {
							"post": [0, 0, 0],
							"lerp_mode": "catmullrom"
						}
					},
					"position": {
						"0.0": [0, 0, 0],
						"0.1": [0, 0, 0]
					}
				}
			}
		},
		"shoot": {
			"animation_length": 1,
			"bones": {
				"righthand_pos": {
					"rotation": {
						"0.0": [-235, 25, -180],
						"1.0": [-235, 25, -180]
					},
					"position": {
						"0.0": [1.5, 0, 1.25],
						"1.0": [1.5, 0, 1.25]
					}
				},
				"root": {
					"rotation": {
						"0.0": {
							"post": [0, 0, 0],
							"lerp_mode": "catmullrom"
						},
						"0.2": {
							"post": [-16.73634, -5.188, -16.73634],
							"lerp_mode": "catmullrom"
						},
						"0.3": {
							"post": [-16.73634, -5.188, -16.73634],
							"lerp_mode": "catmullrom"
						},
						"0.5": {
							"post": [90, -39, -15],
							"lerp_mode": "catmullrom"
						},
						"0.8": {
							"post": [32.62279, -4.91154, -17.2977],
							"lerp_mode": "catmullrom"
						},
						"0.9": {
							"post": [0, 0, 0],
							"lerp_mode": "catmullrom"
						}
					},
					"position": {
						"0.0": {
							"post": [0, 0, 0],
							"lerp_mode": "catmullrom"
						},
						"0.2": {
							"post": [-1.50353, 5.45, -1.42721],
							"lerp_mode": "catmullrom"
						},
						"0.3": {
							"post": [-1.50353, 5.45, -1.42721],
							"lerp_mode": "catmullrom"
						},
						"0.5": {
							"post": [45, -30, -1],
							"lerp_mode": "catmullrom"
						},
						"0.8": {
							"post": [10.06, -14.2, -0.28],
							"lerp_mode": "catmullrom"
						},
						"0.9": {
							"post": [0, 0, 0],
							"lerp_mode": "catmullrom"
						}
					}
				}
			}
		},
		"run_start": {
			"animation_length": 0.3,
			"bones": {
				"root": {
					"rotation": {
						"0.0": {
							"post": [0, 0, 0],
							"lerp_mode": "catmullrom"
						},
						"0.3": {
							"post": [-1.3851, 0.5752, 8.7726],
							"lerp_mode": "catmullrom"
						}
					},
					"position": {
						"0.0": {
							"post": [0, 0, 0],
							"lerp_mode": "catmullrom"
						},
						"0.3": {
							"post": [-0.18, -1.3, 3.64],
							"lerp_mode": "catmullrom"
						}
					}
				},
				"righthand_pos": {
					"rotation": [-235, 25, -180],
					"position": [1.5, 0, 1.25]
				},
				"idle_view": {
					"position": {
						"0.0": [0, 0, 0],
						"0.3": [0, 0, 6]
					}
				}
			}
		},
		"run": {
			"loop": true,
			"animation_length": 0.8,
			"bones": {
				"root": {
					"rotation": {
						"0.0": {
							"post": [-1.38515, 0.57524, 8.77259],
							"lerp_mode": "catmullrom"
						},
						"0.35": {
							"post": [6.52603, -11.97629, 10.05326],
							"lerp_mode": "catmullrom"
						},
						"0.8": {
							"post": [-1.8851, 0.57524, 8.77259],
							"lerp_mode": "catmullrom"
						}
					},
					"position": {
						"0.0": {
							"post": [-0.18, -1.3, 3.64],
							"lerp_mode": "catmullrom"
						},
						"0.15": {
							"post": [-0.24, -1.55, 4.64],
							"lerp_mode": "catmullrom"
						},
						"0.2": {
							"post": [-0.17, -1.45, 4.64],
							"lerp_mode": "catmullrom"
						},
						"0.3": {
							"post": [0.46, -1.88, 4.64],
							"lerp_mode": "catmullrom"
						},
						"0.35": {
							"post": [0.62, -1.58, 3.64],
							"lerp_mode": "catmullrom"
						},
						"0.45": {
							"post": [0.58, -1.87, 3.64],
							"lerp_mode": "catmullrom"
						},
						"0.55": {
							"post": [-0.67, -1.98, 3.64],
							"lerp_mode": "catmullrom"
						},
						"0.6": {
							"post": [-1.1, -1.63, 3.64],
							"lerp_mode": "catmullrom"
						},
						"0.7": {
							"post": [-1, -1.52, 3.64],
							"lerp_mode": "catmullrom"
						},
						"0.8": {
							"post": [-0.1, -1.3, 3.36],
							"lerp_mode": "catmullrom"
						}
					}
				}
			}
		},
		"run_hold": {
			"animation_length": 0.2917,
			"bones": {
				"root": {
					"rotation": [-34.73, -50.52, 30.11],
					"position": [-1.64, -3.38, -0.64]
				},
				"idle_view": {
					"position": [0, 0, 9]
				}
			}
		},
		"run_end": {
			"loop": "hold_on_last_frame",
			"animation_length": 0.65,
			"bones": {
				"root": {
					"rotation": {
						"0.0": [-15.07, -19.06, 18.3],
						"0.05": [-11.69, -14.15, 13.18],
						"0.1": [-6.99, -7.36, 6.13],
						"0.15": [-3.18, -2.12, 1],
						"0.2": [-0.53, 0.39, -0.08],
						"0.25": [0.6, 0.79, 0.94],
						"0.3": [0.34, 0.79, 0.44],
						"0.35": [-0.19, 0.28, 0.13],
						"0.4": [-0.59, -0.2, -0.11],
						"0.45": [-0.25, -0.11, -0.09],
						"0.5": [0.19, 0.1, 0],
						"0.55": [0.19, 0.09, 0.01],
						"0.6": [0.09, 0.04, 0],
						"0.65": [0, 0, 0]
					},
					"position": {
						"0.0": [-1.59, -6.33, -2.14],
						"0.05": [-1.06, -4.85, -2.36],
						"0.1": [-0.47, -3.18, -2.56],
						"0.15": [0, -1.69, -2.39],
						"0.2": [0.03, -0.87, -0.66],
						"0.25": [0, -0.22, 0.92],
						"0.3": [0, -0.07, 0.82],
						"0.35": [0, -0.06, 0.23],
						"0.4": [0, -0.07, -0.22],
						"0.45": [0, -0.03, -0.2],
						"0.5": [0, 0, -0.03],
						"0.55": [0, 0.01, -0.01],
						"0.6": [0, 0, 0],
						"0.65": [0, 0, 0]
					}
				},
				"idle_view": {
					"position": {
						"0.0": [0, 0, 5],
						"0.65": [0, 0, 0]
					}
				}
			}
		}
	}
}