{
	"format_version": "1.8.0",
	"animations": {
		"static_idle": {
			"loop": true,
			"bones": {
				"lefthand": {
					"rotation": [96.29298, 37.33289, 93.82607],
					"position": [13.79412, -8.03123, -2.96444],
					"scale": [1, 1.4, 1.05]
				},
				"righthand": {
					"rotation": [107.5, -350, -180],
					"position": [-5.63118, -15.65448, 8.90095]
				},
				"roll_illuminated2": {
					"scale": 0.9
				}
			}
		},
		"static_bolt_caught": {
			"loop": true,
			"bones": {
				"lefthand": {
					"rotation": [96.29298, 37.33289, 93.82607],
					"position": [13.79412, -8.03123, -2.96444],
					"scale": [1, 1.4, 1.05]
				},
				"righthand": {
					"rotation": [107.5, -350, -180],
					"position": [-5.63118, -15.65448, 8.90095]
				},
				"roll_illuminated": {
					"scale": 0.9
				},
				"roll_illuminated2": {
					"scale": 1
				}
			}
		},
		"inspect": {
			"animation_length": 4.0333,
			"bones": {
				"lefthand": {
					"rotation": [96.29298, 37.33289, 93.82607],
					"position": [13.79412, -8.03123, -2.96444],
					"scale": [1, 1.4, 1.05]
				},
				"righthand": {
					"rotation": [107.5, -350, -180],
					"position": [-5.63118, -15.65448, 8.90095]
				},
				"root": {
					"rotation": {
						"0.0": {
							"post": [0, 0, 0],
							"lerp_mode": "catmullrom"
						},
						"0.5333": {
							"post": [0, -15, -15],
							"lerp_mode": "catmullrom"
						},
						"1.3667": {
							"post": [0, -15, -15],
							"lerp_mode": "catmullrom"
						},
						"2.2": {
							"post": [3.47875, 30, 30],
							"lerp_mode": "catmullrom"
						},
						"3.1": {
							"post": [3.47875, 30, 30],
							"lerp_mode": "catmullrom"
						},
						"4.0333": {
							"post": [0, 0, 0],
							"lerp_mode": "catmullrom"
						}
					},
					"position": {
						"1.3667": {
							"pre": [0, 0, 0],
							"post": [0, 0, 0],
							"lerp_mode": "catmullrom"
						},
						"2.2": {
							"post": [8, 0, 0],
							"lerp_mode": "catmullrom"
						},
						"3.1": {
							"post": [8, 0, 0],
							"lerp_mode": "catmullrom"
						},
						"4.0333": {
							"post": [0, 0, 0],
							"lerp_mode": "catmullrom"
						}
					}
				},
				"camera": {
					"rotation": {
						"0.0": {
							"post": [0, 0, 0],
							"lerp_mode": "catmullrom"
						},
						"1.6": {
							"post": [5, 0, 5],
							"lerp_mode": "catmullrom"
						},
						"2.6333": {
							"post": [0, 10, 0],
							"lerp_mode": "catmullrom"
						},
						"4.0333": {
							"post": [0, 0, 0],
							"lerp_mode": "catmullrom"
						}
					}
				},
				"roll_illuminated2": {
					"scale": 0.9
				}
			}
		},
		"inspect_empty": {
			"animation_length": 4.0333,
			"bones": {
				"lefthand": {
					"rotation": [96.29298, 37.33289, 93.82607],
					"position": [13.79412, -8.03123, -2.96444],
					"scale": [1, 1.4, 1.05]
				},
				"righthand": {
					"rotation": [107.5, -350, -180],
					"position": [-5.63118, -15.65448, 8.90095]
				},
				"root": {
					"rotation": {
						"0.0": {
							"post": [0, 0, 0],
							"lerp_mode": "catmullrom"
						},
						"0.5333": {
							"post": [0, -15, -15],
							"lerp_mode": "catmullrom"
						},
						"1.3667": {
							"post": [0, -15, -15],
							"lerp_mode": "catmullrom"
						},
						"2.2": {
							"post": [3.47875, 30, 30],
							"lerp_mode": "catmullrom"
						},
						"3.1": {
							"post": [3.47875, 30, 30],
							"lerp_mode": "catmullrom"
						},
						"4.0333": {
							"post": [0, 0, 0],
							"lerp_mode": "catmullrom"
						}
					},
					"position": {
						"1.3667": {
							"pre": [0, 0, 0],
							"post": [0, 0, 0],
							"lerp_mode": "catmullrom"
						},
						"2.2": {
							"post": [8, 0, 0],
							"lerp_mode": "catmullrom"
						},
						"3.1": {
							"post": [8, 0, 0],
							"lerp_mode": "catmullrom"
						},
						"4.0333": {
							"post": [0, 0, 0],
							"lerp_mode": "catmullrom"
						}
					}
				},
				"camera": {
					"rotation": {
						"0.0": {
							"post": [0, 0, 0],
							"lerp_mode": "catmullrom"
						},
						"1.6": {
							"post": [5, 0, 5],
							"lerp_mode": "catmullrom"
						},
						"2.6333": {
							"post": [0, 10, 0],
							"lerp_mode": "catmullrom"
						},
						"4.0333": {
							"post": [0, 0, 0],
							"lerp_mode": "catmullrom"
						}
					}
				},
				"roll_illuminated": {
					"scale": 0.9
				}
			}
		},
		"reload_empty": {
			"animation_length": 1.6,
			"bones": {
				"lefthand": {
					"rotation": {
						"0.0": {
							"post": [96.29298, 37.33289, 93.82607],
							"lerp_mode": "catmullrom"
						},
						"0.2667": {
							"post": [98.17423, 52.214, 96.4826],
							"lerp_mode": "catmullrom"
						},
						"1.0667": [96.29, 37.33, 93.83]
					},
					"position": {
						"0.0": {
							"post": [13.79412, -8.03123, -2.96444],
							"lerp_mode": "catmullrom"
						},
						"0.2667": {
							"post": [13.79, -7.72466, 4.03334],
							"lerp_mode": "catmullrom"
						},
						"0.5333": {
							"post": [13.79, -20.77971, 2.99718],
							"lerp_mode": "catmullrom"
						},
						"0.7": {
							"post": [13.79, -15.07627, 4.94793],
							"lerp_mode": "catmullrom"
						},
						"0.9": {
							"post": [13.79, -7.32061, 0.68056],
							"lerp_mode": "catmullrom"
						},
						"1.0667": [13.79, -8.03, -2.96]
					},
					"scale": [1, 1.4, 1.05]
				},
				"righthand": {
					"rotation": [107.5, -350, -180],
					"position": [-5.63118, -15.65448, 8.90095]
				},
				"root": {
					"rotation": {
						"0.2667": {
							"pre": [0, 0, 0],
							"post": [0, 0, 0],
							"lerp_mode": "catmullrom"
						},
						"0.6": {
							"post": [-2.5, 0, 0],
							"lerp_mode": "catmullrom"
						},
						"1.0667": [0, 0, 0]
					},
					"position": {
						"0.0": {
							"post": [0, 0, 0],
							"lerp_mode": "catmullrom"
						},
						"0.2667": {
							"post": [0, 0, 7],
							"lerp_mode": "catmullrom"
						},
						"1.0667": [0, 0, 0]
					}
				},
				"roll": {
					"rotation": {
						"0.0": [0, 0, 0],
						"0.0333": [0, 0, -1.21254],
						"0.0667": [0, 0, -3.67961],
						"0.1": [0, 0, -6.80435],
						"0.1333": [0, 0, -10.39586],
						"0.1667": [0, 0, -14.37123],
						"0.2": [0, 0, -18.6918],
						"0.2333": [0, 0, -23.34594],
						"0.2667": [0, 0, -28.33904],
						"0.3": [0, 0, -33.69449],
						"0.3333": [0, 0, -39.4551],
						"0.3667": [0, 0, -45.69093],
						"0.4": [0, 0, -52.51622],
						"0.4333": [0, 0, -60.13182],
						"0.4667": [0, 0, -68.9229],
						"0.5": [0, 0, -79.86746],
						"0.5333": [0, 0, -99],
						"0.5667": [0, 0, -120.60519],
						"0.6": [0, 0, -136.23385],
						"0.6333": [0, 0, -150.26697],
						"0.6667": [0, 0, -163.35897],
						"0.7": [0, 0, -175.77134],
						"0.7333": [0, 0, -187.64166],
						"0.7667": [0, 0, -199.04861],
						"0.8": [0, 0, -210.04304],
						"0.8333": [0, 0, -220.65765],
						"0.8667": [0, 0, -230.91627],
						"0.9": [0, 0, -240.83342],
						"0.9333": [0, 0, -250.41942],
						"0.9667": [0, 0, -259.67724],
						"1.0": [0, 0, -268.61105],
						"1.0333": [0, 0, -277.21964],
						"1.0667": [0, 0, -285.49954],
						"1.1": [0, 0, -293.44512],
						"1.1333": [0, 0, -301.0486],
						"1.1667": [0, 0, -308.29718],
						"1.2": [0, 0, -315.18043],
						"1.2333": [0, 0, -321.68373],
						"1.2667": [0, 0, -327.78947],
						"1.3": [0, 0, -333.47578],
						"1.3333": [0, 0, -338.71624],
						"1.3667": [0, 0, -343.48551],
						"1.4": [0, 0, -347.75042],
						"1.4333": [0, 0, -351.4721],
						"1.4667": [0, 0, -354.6048],
						"1.5": [0, 0, -357.09453],
						"1.5333": [0, 0, -358.87721],
						"1.5667": [0, 0, -359.87636],
						"1.6": [0, 0, -360]
					}
				},
				"roll_illuminated": {
					"scale": {
						"0.0": {
							"post": [0.9, 0.9, 0.9],
							"lerp_mode": "catmullrom"
						},
						"1.6": {
							"post": [1, 1, 1],
							"lerp_mode": "catmullrom"
						}
					}
				},
				"roll_illuminated2": {
					"scale": {
						"0.0": {
							"post": [1, 1, 1],
							"lerp_mode": "catmullrom"
						},
						"1.6": {
							"post": [0.9, 0.9, 0.9],
							"lerp_mode": "catmullrom"
						}
					}
				}
			}
		},
		"reload_tactical": {
			"animation_length": 1.6,
			"bones": {
				"lefthand": {
					"rotation": {
						"0.0": {
							"post": [96.29298, 37.33289, 93.82607],
							"lerp_mode": "catmullrom"
						},
						"0.2667": {
							"post": [98.17423, 52.214, 96.4826],
							"lerp_mode": "catmullrom"
						},
						"1.0667": [96.29, 37.33, 93.83]
					},
					"position": {
						"0.0": {
							"post": [13.79412, -8.03123, -2.96444],
							"lerp_mode": "catmullrom"
						},
						"0.2667": {
							"post": [13.79, -7.72466, 4.03334],
							"lerp_mode": "catmullrom"
						},
						"0.5333": {
							"post": [13.79, -20.77971, 2.99718],
							"lerp_mode": "catmullrom"
						},
						"0.7": {
							"post": [13.79, -15.07627, 4.94793],
							"lerp_mode": "catmullrom"
						},
						"0.9": {
							"post": [13.79, -7.32061, 0.68056],
							"lerp_mode": "catmullrom"
						},
						"1.0667": [13.79, -8.03, -2.96]
					},
					"scale": [1, 1.4, 1.05]
				},
				"righthand": {
					"rotation": [107.5, -350, -180],
					"position": [-5.63118, -15.65448, 8.90095]
				},
				"root": {
					"rotation": {
						"0.2667": {
							"pre": [0, 0, 0],
							"post": [0, 0, 0],
							"lerp_mode": "catmullrom"
						},
						"0.6": {
							"post": [-2.5, 0, 0],
							"lerp_mode": "catmullrom"
						},
						"1.0667": [0, 0, 0]
					},
					"position": {
						"0.0": {
							"post": [0, 0, 0],
							"lerp_mode": "catmullrom"
						},
						"0.2667": {
							"post": [0, 0, 7],
							"lerp_mode": "catmullrom"
						},
						"1.0667": [0, 0, 0]
					}
				},
				"roll": {
					"rotation": {
						"0.0": [0, 0, 0],
						"0.0333": [0, 0, -1.21254],
						"0.0667": [0, 0, -3.67961],
						"0.1": [0, 0, -6.80435],
						"0.1333": [0, 0, -10.39586],
						"0.1667": [0, 0, -14.37123],
						"0.2": [0, 0, -18.6918],
						"0.2333": [0, 0, -23.34594],
						"0.2667": [0, 0, -28.33904],
						"0.3": [0, 0, -33.69449],
						"0.3333": [0, 0, -39.4551],
						"0.3667": [0, 0, -45.69093],
						"0.4": [0, 0, -52.51622],
						"0.4333": [0, 0, -60.13182],
						"0.4667": [0, 0, -68.9229],
						"0.5": [0, 0, -79.86746],
						"0.5333": [0, 0, -99],
						"0.5667": [0, 0, -120.60519],
						"0.6": [0, 0, -136.23385],
						"0.6333": [0, 0, -150.26697],
						"0.6667": [0, 0, -163.35897],
						"0.7": [0, 0, -175.77134],
						"0.7333": [0, 0, -187.64166],
						"0.7667": [0, 0, -199.04861],
						"0.8": [0, 0, -210.04304],
						"0.8333": [0, 0, -220.65765],
						"0.8667": [0, 0, -230.91627],
						"0.9": [0, 0, -240.83342],
						"0.9333": [0, 0, -250.41942],
						"0.9667": [0, 0, -259.67724],
						"1.0": [0, 0, -268.61105],
						"1.0333": [0, 0, -277.21964],
						"1.0667": [0, 0, -285.49954],
						"1.1": [0, 0, -293.44512],
						"1.1333": [0, 0, -301.0486],
						"1.1667": [0, 0, -308.29718],
						"1.2": [0, 0, -315.18043],
						"1.2333": [0, 0, -321.68373],
						"1.2667": [0, 0, -327.78947],
						"1.3": [0, 0, -333.47578],
						"1.3333": [0, 0, -338.71624],
						"1.3667": [0, 0, -343.48551],
						"1.4": [0, 0, -347.75042],
						"1.4333": [0, 0, -351.4721],
						"1.4667": [0, 0, -354.6048],
						"1.5": [0, 0, -357.09453],
						"1.5333": [0, 0, -358.87721],
						"1.5667": [0, 0, -359.87636],
						"1.6": [0, 0, -360]
					}
				},
				"roll_illuminated2": {
					"scale": 0.9
				}
			}
		},
		"shoot": {
			"loop": true,
			"animation_length": 2.5667,
			"bones": {
				"bar4": {
					"position": {
						"0.1667": {
							"pre": [0, 0, 0],
							"post": [0, 0, 0],
							"lerp_mode": "catmullrom"
						},
						"0.4333": {
							"post": [0.5, -1, 0],
							"lerp_mode": "catmullrom"
						},
						"0.9667": {
							"post": [0.5, -1, 0],
							"lerp_mode": "catmullrom"
						},
						"1.2333": {
							"post": [0, 0, 0],
							"lerp_mode": "catmullrom"
						}
					}
				},
				"f4": {
					"rotation": {
						"0.1667": {
							"pre": [0, 0, 0],
							"post": [0, 0, 0],
							"lerp_mode": "catmullrom"
						},
						"0.4333": {
							"post": [10, 0, 0],
							"lerp_mode": "catmullrom"
						},
						"0.9667": {
							"post": [10, 0, 0],
							"lerp_mode": "catmullrom"
						},
						"1.2333": {
							"post": [0, 0, 0],
							"lerp_mode": "catmullrom"
						}
					}
				},
				"bar3": {
					"position": {
						"0.1667": {
							"pre": [0, 0, 0],
							"post": [0, 0, 0],
							"lerp_mode": "catmullrom"
						},
						"0.4333": {
							"post": [-0.5, -1, 0],
							"lerp_mode": "catmullrom"
						},
						"0.9667": {
							"post": [-0.5, -1, 0],
							"lerp_mode": "catmullrom"
						},
						"1.2333": {
							"post": [0, 0, 0],
							"lerp_mode": "catmullrom"
						}
					}
				},
				"f3": {
					"rotation": {
						"0.1667": {
							"pre": [0, 0, 0],
							"post": [0, 0, 0],
							"lerp_mode": "catmullrom"
						},
						"0.4333": {
							"post": [10, 0, 0],
							"lerp_mode": "catmullrom"
						},
						"0.9667": {
							"post": [10, 0, 0],
							"lerp_mode": "catmullrom"
						},
						"1.2333": {
							"post": [0, 0, 0],
							"lerp_mode": "catmullrom"
						}
					}
				},
				"bar2": {
					"position": {
						"0.1667": {
							"pre": [0, 0, 0],
							"post": [0, 0, 0],
							"lerp_mode": "catmullrom"
						},
						"0.4333": {
							"post": [-0.5, 1, 0],
							"lerp_mode": "catmullrom"
						},
						"0.9667": {
							"post": [-0.5, 1, 0],
							"lerp_mode": "catmullrom"
						},
						"1.2333": {
							"post": [0, 0, 0],
							"lerp_mode": "catmullrom"
						}
					}
				},
				"f2": {
					"rotation": {
						"0.1667": {
							"pre": [0, 0, 0],
							"post": [0, 0, 0],
							"lerp_mode": "catmullrom"
						},
						"0.4333": {
							"post": [-10, 0, 0],
							"lerp_mode": "catmullrom"
						},
						"0.9667": {
							"post": [-10, 0, 0],
							"lerp_mode": "catmullrom"
						},
						"1.2333": {
							"post": [0, 0, 0],
							"lerp_mode": "catmullrom"
						}
					}
				},
				"bar1": {
					"position": {
						"0.1667": {
							"pre": [0, 0, 0],
							"post": [0, 0, 0],
							"lerp_mode": "catmullrom"
						},
						"0.4333": {
							"post": [0.5, 1, 0],
							"lerp_mode": "catmullrom"
						},
						"0.9667": {
							"post": [0.5, 1, 0],
							"lerp_mode": "catmullrom"
						},
						"1.2333": {
							"post": [0, 0, 0],
							"lerp_mode": "catmullrom"
						}
					}
				},
				"f1": {
					"rotation": {
						"0.1667": {
							"pre": [0, 0, 0],
							"post": [0, 0, 0],
							"lerp_mode": "catmullrom"
						},
						"0.4333": {
							"post": [-10, 0, 0],
							"lerp_mode": "catmullrom"
						},
						"0.9667": {
							"post": [-10, 0, 0],
							"lerp_mode": "catmullrom"
						},
						"1.2333": {
							"post": [0, 0, 0],
							"lerp_mode": "catmullrom"
						}
					}
				},
				"roll": {
					"rotation": {
						"0.1667": [0, 0, 0],
						"0.2": [0, 0, -0.02865],
						"0.2333": [0, 0, -1.07065],
						"0.2667": [0, 0, -3.79686],
						"0.3": [0, 0, -8.55058],
						"0.3333": [0, 0, -15.59563],
						"0.3667": [0, 0, -25.18269],
						"0.4": [0, 0, -37.5825],
						"0.4333": [0, 0, -53.09979],
						"0.4667": [0, 0, -72.0975],
						"0.5": [0, 0, -95.01249],
						"0.5333": [0, 0, -122.38558],
						"0.5667": [0, 0, -154.90272],
						"0.6": [0, 0, -193.45406],
						"0.6333": [0, 0, -239.24333],
						"0.6667": [0, 0, -293.93936],
						"0.7": [0, 0, -360],
						"0.7333": [0, 0, -409.70727],
						"0.7667": [0, 0, -441.1731],
						"0.8": [0, 0, -465.44293],
						"0.8333": [0, 0, -485.54734],
						"0.8667": [0, 0, -502.85498],
						"0.9": [0, 0, -518.10052],
						"0.9333": [0, 0, -531.73923],
						"0.9667": [0, 0, -544.10955],
						"1.0": [0, 0, -555.41001],
						"1.0333": [0, 0, -565.8189],
						"1.0667": [0, 0, -575.45429],
						"1.1": [0, 0, -584.41224],
						"1.1333": [0, 0, -592.77169],
						"1.1667": [0, 0, -600.59811],
						"1.2": [0, 0, -607.94627],
						"1.2333": [0, 0, -614.86233],
						"1.2667": [0, 0, -621.38546],
						"1.3": [0, 0, -627.53618],
						"1.3333": [0, 0, -633.35473],
						"1.3667": [0, 0, -638.86797],
						"1.4": [0, 0, -644.08182],
						"1.4333": [0, 0, -649.03207],
						"1.4667": [0, 0, -653.72626],
						"1.5": [0, 0, -658.18264],
						"1.5333": [0, 0, -662.41555],
						"1.5667": [0, 0, -666.43334],
						"1.6": [0, 0, -670.25284],
						"1.6333": [0, 0, -673.87676],
						"1.6667": [0, 0, -677.32251],
						"1.7": [0, 0, -680.58912],
						"1.7333": [0, 0, -683.69429],
						"1.7667": [0, 0, -686.63377],
						"1.8": [0, 0, -689.42459],
						"1.8333": [0, 0, -692.06389],
						"1.8667": [0, 0, -694.563],
						"1.9": [0, 0, -696.92449],
						"1.9333": [0, 0, -699.15133],
						"1.9667": [0, 0, -701.25144],
						"2.0": [0, 0, -703.22523],
						"2.0333": [0, 0, -705.07642],
						"2.0667": [0, 0, -706.80999],
						"2.1": [0, 0, -708.42818],
						"2.1333": [0, 0, -709.93314],
						"2.1667": [0, 0, -711.32687],
						"2.2": [0, 0, -712.61134],
						"2.2333": [0, 0, -713.78846],
						"2.2667": [0, 0, -714.86014],
						"2.3": [0, 0, -715.82889],
						"2.3333": [0, 0, -716.69057],
						"2.3667": [0, 0, -717.45053],
						"2.4": [0, 0, -718.10709],
						"2.4333": [0, 0, -718.66034],
						"2.4667": [0, 0, -719.1095],
						"2.5667": [0, 0, -720]
					}
				},
				"root": {
					"rotation": {
						"0.5333": {
							"pre": [0, 0, 0],
							"post": [0, 0, 0],
							"lerp_mode": "catmullrom"
						},
						"0.6667": {
							"post": [-1, 0, 0],
							"lerp_mode": "catmullrom"
						},
						"0.9667": {
							"post": [0, 0, 0],
							"lerp_mode": "catmullrom"
						}
					},
					"position": {
						"0.0": {
							"post": [0, 0, 0],
							"lerp_mode": "catmullrom"
						},
						"0.2667": {
							"post": [0, 0, -1.6],
							"lerp_mode": "catmullrom"
						},
						"0.5667": {
							"post": [0, 0, -0.1875],
							"lerp_mode": "catmullrom"
						},
						"0.7": {
							"post": [0, 0, 4],
							"lerp_mode": "catmullrom"
						},
						"1.5": {
							"post": [0, 0, 0],
							"lerp_mode": "catmullrom"
						}
					}
				},
				"lau_illuminated": {
					"position": {
						"0.0": {
							"post": [0, 0, 0],
							"lerp_mode": "catmullrom"
						},
						"0.1667": {
							"post": [0, 1, -15],
							"lerp_mode": "catmullrom"
						},
						"1.1": {
							"post": [0, 1, -15],
							"lerp_mode": "catmullrom"
						},
						"1.3333": {
							"post": [0, 0, 0],
							"lerp_mode": "catmullrom"
						}
					},
					"scale": {
						"0.1667": {
							"pre": [1, 1, 0.2],
							"post": [1, 1, 0.2],
							"lerp_mode": "catmullrom"
						},
						"0.8": {
							"post": [5, 5, 1],
							"lerp_mode": "catmullrom"
						},
						"1.3333": [1, 1, 0.2]
					}
				},
				"inl_illuminated": {
					"scale": {
						"0.3333": {
							"pre": [1, 1, 1],
							"post": [1, 1, 1],
							"lerp_mode": "catmullrom"
						},
						"0.8": {
							"post": [1.5, 1.5, 3],
							"lerp_mode": "catmullrom"
						},
						"1.1": [1, 1, 1]
					}
				}
			}
		}
	}
}