{
	"format_version": "1.8.0",
	"animations": {
		"draw": {
			"animation_length": 1.0667,
			"bones": {
				"root": {
					"rotation": {
						"0.0": [0.81, -32.64, 33.95],
						"0.0333": [0.41, -30.53, 32.03],
						"0.0667": [-0.2, -27.56, 29.28],
						"0.1": [-0.85, -24.08, 26.12],
						"0.1333": [-1.39, -20.46, 22.92],
						"0.1667": [-1.65, -17.06, 20.1],
						"0.2": [-1.47, -12.69, 17.07],
						"0.2333": [-0.93, -8.04, 14.24],
						"0.2667": [-0.31, -3.86, 11.52],
						"0.3": [0.1, -0.92, 8.88],
						"0.3333": [0.22, 0.14, 6.64],
						"0.3667": [0.24, 0.31, 4.3],
						"0.4": [0.2, -0.02, 2.09],
						"0.4333": [0.14, -0.46, 0.25],
						"0.4667": [0.11, -0.62, -0.98],
						"0.5": [0.07, -0.33, -1.34],
						"0.5333": [0.03, 0.03, -0.45],
						"0.5667": [-0.01, 0.27, 0.27],
						"0.6": [-0.02, 0.27, 0.3],
						"0.6333": [-0.01, 0.19, 0.21],
						"0.6667": [0, 0.07, 0.08],
						"0.7": [0, 0, 0]
					},
					"position": {
						"0.0": [-3.18, -5.58, 24],
						"0.0333": [-2.87, -5.17, 21.3],
						"0.0667": [-2.43, -4.59, 17.38],
						"0.1": [-1.92, -3.92, 12.96],
						"0.1333": [-1.44, -3.26, 8.8],
						"0.1667": [-1.07, -2.71, 5.61],
						"0.2": [-0.68, -1.99, 2.44],
						"0.2333": [-0.43, -1.4, 0.64],
						"0.2667": [-0.25, -0.94, -0.49],
						"0.3": [-0.12, -0.67, -0.97],
						"0.3333": [-0.06, -0.54, -0.77],
						"0.3667": [-0.03, -0.45, -0.5],
						"0.4": [-0.01, -0.38, -0.3],
						"0.4333": [-0.02, -0.34, -0.02],
						"0.4667": [-0.03, -0.3, 0.16],
						"0.5": [-0.02, -0.21, 0.14],
						"0.5333": [-0.02, -0.12, 0.02],
						"0.5667": [-0.01, -0.05, -0.06],
						"0.6": [-0.01, -0.02, -0.06],
						"0.6333": [0, -0.01, -0.03],
						"0.6667": [0, 0, 0]
					}
				},
				"camera": {
					"rotation": {
						"0.0": {
							"post": [0, 0, 0],
							"lerp_mode": "catmullrom"
						},
						"0.1": {
							"post": [0.11, 0.06, 0.13],
							"lerp_mode": "catmullrom"
						},
						"0.2": {
							"post": [0.76303, 0.21614, 0.52935],
							"lerp_mode": "catmullrom"
						},
						"0.3": {
							"post": [1.025, 0.19, 0.345],
							"lerp_mode": "catmullrom"
						},
						"0.4": {
							"post": [0.475, 0, -0.175],
							"lerp_mode": "catmullrom"
						},
						"0.4667": {
							"post": [0.17, -0.01, 0.19],
							"lerp_mode": "catmullrom"
						},
						"0.5": {
							"post": [-0.175, -0.01, 0.09],
							"lerp_mode": "catmullrom"
						},
						"0.6": {
							"post": [0, 0, -0.05],
							"lerp_mode": "catmullrom"
						},
						"0.7": {
							"post": [0, 0, 0],
							"lerp_mode": "catmullrom"
						}
					}
				},
				"constraint": {
					"rotation": {
						"0.0": [1, 1, 1],
						"0.3": [0.2, 0.2, 0.2]
					},
					"position": {
						"0.0": [1, 1, 1],
						"0.3": [0.1, 0.1, 0.1]
					}
				},
				"righthand": {
					"rotation": {
						"0.5": {
							"pre": [89.72234, -346.14763, -208.94592],
							"post": [89.72234, -346.14763, -208.94592],
							"lerp_mode": "catmullrom"
						},
						"0.8": {
							"post": [92.42192, -346.35414, -197.62237],
							"lerp_mode": "catmullrom"
						},
						"1.0667": {
							"post": [89.72234, -346.14763, -208.94592],
							"lerp_mode": "catmullrom"
						}
					},
					"position": {
						"0.5": {
							"pre": [-12, 1, 1.5],
							"post": [-12, 1, 1.5],
							"lerp_mode": "catmullrom"
						},
						"0.8": {
							"post": [-10, 2.0625, 1.5],
							"lerp_mode": "catmullrom"
						},
						"1.0667": {
							"post": [-12, 1, 1.5],
							"lerp_mode": "catmullrom"
						}
					}
				},
				"h7": {
					"rotation": {
						"0.5": {
							"pre": [0, 0, 0],
							"post": [0, 0, 0],
							"lerp_mode": "catmullrom"
						},
						"0.8": {
							"post": [0, 0, 7.5],
							"lerp_mode": "catmullrom"
						},
						"1.0667": {
							"post": [0, 0, 0],
							"lerp_mode": "catmullrom"
						}
					}
				}
			}
		},
		"static_idle": {
			"loop": true,
			"animation_length": 0.8333,
			"bones": {
				"beam_illuminated": {
					"position": [0, 1881, 4.5],
					"scale": [1, 1, 0.01]
				},
				"sub": {
					"rotation": {
						"0.0": [0, 0, 0],
						"0.8333": [0, 0, 360]
					},
					"scale": [0.2, 0.15, 1]
				},
				"righthand": {
					"rotation": [89.72234, -346.14763, -208.94592],
					"position": [-12, 1, 1.5],
					"scale": [1.2, 1.525, 1.4]
				},
				"lefthand": {
					"rotation": [97.70569, 22.47741, 91.03509],
					"position": [23.25, -11, -7],
					"scale": [1.525, 1.8, 1.75]
				},
				"mo": {
					"rotation": {
						"0.0": [0, 0, 0],
						"0.8333": [0, 0, 90]
					}
				}
			}
		},
		"reload_tactical": {
			"loop": "hold_on_last_frame",
			"animation_length": 1,
			"bones": {
				"beam_illuminated": {
					"position": [0, 1881, 4.5],
					"scale": [1, 1, 0.01]
				},
				"sub": {
					"rotation": {
						"0.0": [0, 0, 0],
						"0.8333": [0, 0, 360]
					},
					"scale": [0.2, 0.15, 1]
				},
				"righthand": {
					"rotation": {
						"0.0": {
							"post": [89.72234, -346.14763, -208.94592],
							"lerp_mode": "catmullrom"
						},
						"0.3333": {
							"post": [77.42993, -380.27777, -263.39089],
							"lerp_mode": "catmullrom"
						},
						"1.0": [89.72234, -346.14763, -208.94592]
					},
					"position": {
						"0.0": {
							"post": [-12, 1, 1.5],
							"lerp_mode": "catmullrom"
						},
						"0.1667": {
							"post": [-19.5, -1.375, 1.5],
							"lerp_mode": "catmullrom"
						},
						"0.3333": {
							"post": [-27, -10, 1.5],
							"lerp_mode": "catmullrom"
						},
						"0.75": {
							"post": [-27, -10, 1.5],
							"lerp_mode": "catmullrom"
						},
						"0.9167": {
							"post": [-16.44, -1.135, 1.5],
							"lerp_mode": "catmullrom"
						},
						"1.0": [-12, 1, 1.5]
					},
					"scale": [1.4, 1.525, 1.4]
				},
				"lefthand": {
					"rotation": [97.70569, 22.47741, 91.03509],
					"position": [23.25, -11, -7],
					"scale": [1.525, 1.8, 1.75]
				},
				"mo": {
					"rotation": {
						"0.0": [0, 0, 0],
						"0.8333": [0, 0, 90]
					}
				},
				"root": {
					"rotation": {
						"0.0": {
							"post": [0, 0, 0],
							"lerp_mode": "catmullrom"
						},
						"0.5": {
							"post": [-0.03492, -1.9997, 1.00061],
							"lerp_mode": "catmullrom"
						},
						"1.0": {
							"post": [0, 0, 0],
							"lerp_mode": "catmullrom"
						}
					}
				}
			}
		},
		"reload_empty": {
			"loop": "hold_on_last_frame",
			"animation_length": 1,
			"bones": {
				"beam_illuminated": {
					"position": [0, 1881, 4.5],
					"scale": [1, 1, 0.01]
				},
				"sub": {
					"rotation": {
						"0.0": [0, 0, 0],
						"0.8333": [0, 0, 360]
					},
					"scale": [0.2, 0.15, 1]
				},
				"righthand": {
					"rotation": {
						"0.0": {
							"post": [89.72234, -346.14763, -208.94592],
							"lerp_mode": "catmullrom"
						},
						"0.3333": {
							"post": [77.42993, -380.27777, -263.39089],
							"lerp_mode": "catmullrom"
						},
						"1.0": [89.72234, -346.14763, -208.94592]
					},
					"position": {
						"0.0": {
							"post": [-12, 1, 1.5],
							"lerp_mode": "catmullrom"
						},
						"0.1667": {
							"post": [-19.5, -1.375, 1.5],
							"lerp_mode": "catmullrom"
						},
						"0.3333": {
							"post": [-27, -10, 1.5],
							"lerp_mode": "catmullrom"
						},
						"0.75": {
							"post": [-27, -10, 1.5],
							"lerp_mode": "catmullrom"
						},
						"0.9167": {
							"post": [-16.44, -1.135, 1.5],
							"lerp_mode": "catmullrom"
						},
						"1.0": [-12, 1, 1.5]
					},
					"scale": [1.4, 1.525, 1.4]
				},
				"lefthand": {
					"rotation": [97.70569, 22.47741, 91.03509],
					"position": [23.25, -11, -7],
					"scale": [1.525, 1.8, 1.75]
				},
				"mo": {
					"rotation": {
						"0.0": [0, 0, 0],
						"0.8333": [0, 0, 90]
					}
				},
				"root": {
					"rotation": {
						"0.0": {
							"post": [0, 0, 0],
							"lerp_mode": "catmullrom"
						},
						"0.5": {
							"post": [-0.03492, -1.9997, 1.00061],
							"lerp_mode": "catmullrom"
						},
						"1.0": {
							"post": [0, 0, 0],
							"lerp_mode": "catmullrom"
						}
					}
				}
			}
		},
		"inspect": {
			"loop": true,
			"animation_length": 3,
			"bones": {
				"righthand": {
					"rotation": {
						"0.75": {
							"pre": [89.72234, -346.14763, -208.94592],
							"post": [89.72234, -346.14763, -208.94592],
							"lerp_mode": "catmullrom"
						},
						"1.25": {
							"post": [94.71095, -381.14723, -208.77516],
							"lerp_mode": "catmullrom"
						},
						"2.3333": {
							"post": [94.71095, -381.14723, -208.77516],
							"lerp_mode": "catmullrom"
						},
						"3.0": {
							"post": [89.72234, -346.14763, -208.94592],
							"lerp_mode": "catmullrom"
						}
					},
					"position": {
						"0.75": {
							"pre": [-12, 1, 1.5],
							"post": [-12, 1, 1.5],
							"lerp_mode": "catmullrom"
						},
						"1.0": {
							"post": [-34, 2, 10.5],
							"lerp_mode": "catmullrom"
						},
						"1.25": {
							"post": [-48, -17, 21.5],
							"lerp_mode": "catmullrom"
						},
						"2.3333": {
							"post": [-48, -17, 21.5],
							"lerp_mode": "catmullrom"
						},
						"2.5833": {
							"post": [-34, 2, 10.5],
							"lerp_mode": "catmullrom"
						},
						"3.0": {
							"post": [-12, 1, 1.5],
							"lerp_mode": "catmullrom"
						}
					},
					"scale": [1.4, 1.525, 1.4]
				},
				"lefthand": {
					"rotation": [97.70569, 22.47741, 91.03509],
					"position": [23.25, -11, -7],
					"scale": [1.525, 1.8, 1.75]
				},
				"root": {
					"rotation": {
						"0.0": {
							"post": [0, 0, 0],
							"lerp_mode": "catmullrom"
						},
						"0.75": {
							"post": [0, -15, 0],
							"lerp_mode": "catmullrom"
						},
						"1.5": {
							"post": [-1.40862, -10.0177, 25.03711],
							"lerp_mode": "catmullrom"
						},
						"2.4167": {
							"post": [-8.90862, -20.0177, 25.03711],
							"lerp_mode": "catmullrom"
						},
						"3.0": {
							"post": [0, 0, 0],
							"lerp_mode": "catmullrom"
						}
					},
					"position": {
						"0.0": {
							"post": [0, 0, 0],
							"lerp_mode": "catmullrom"
						},
						"0.25": {
							"post": [0, 0.1875, 0],
							"lerp_mode": "catmullrom"
						},
						"0.75": {
							"post": [0, 0, 0],
							"lerp_mode": "catmullrom"
						},
						"3.0": {
							"post": [0, 0, 0],
							"lerp_mode": "catmullrom"
						}
					}
				},
				"camera": {
					"rotation": {
						"0.0": {
							"post": [0, 0, 0],
							"lerp_mode": "catmullrom"
						},
						"1.0": {
							"post": [0, 10, 0],
							"lerp_mode": "catmullrom"
						},
						"2.25": {
							"post": [0, 10, 0],
							"lerp_mode": "catmullrom"
						},
						"3.0": {
							"post": [0, 0, 0],
							"lerp_mode": "catmullrom"
						}
					}
				}
			}
		},
		"inspect_empty": {
			"loop": true,
			"animation_length": 3,
			"bones": {
				"righthand": {
					"rotation": {
						"0.75": {
							"pre": [89.72234, -346.14763, -208.94592],
							"post": [89.72234, -346.14763, -208.94592],
							"lerp_mode": "catmullrom"
						},
						"1.25": {
							"post": [94.71095, -381.14723, -208.77516],
							"lerp_mode": "catmullrom"
						},
						"2.3333": {
							"post": [94.71095, -381.14723, -208.77516],
							"lerp_mode": "catmullrom"
						},
						"3.0": {
							"post": [89.72234, -346.14763, -208.94592],
							"lerp_mode": "catmullrom"
						}
					},
					"position": {
						"0.75": {
							"pre": [-12, 1, 1.5],
							"post": [-12, 1, 1.5],
							"lerp_mode": "catmullrom"
						},
						"1.0": {
							"post": [-34, 2, 10.5],
							"lerp_mode": "catmullrom"
						},
						"1.25": {
							"post": [-48, -17, 21.5],
							"lerp_mode": "catmullrom"
						},
						"2.3333": {
							"post": [-48, -17, 21.5],
							"lerp_mode": "catmullrom"
						},
						"2.5833": {
							"post": [-34, 2, 10.5],
							"lerp_mode": "catmullrom"
						},
						"3.0": {
							"post": [-12, 1, 1.5],
							"lerp_mode": "catmullrom"
						}
					},
					"scale": [1.4, 1.525, 1.4]
				},
				"lefthand": {
					"rotation": [97.70569, 22.47741, 91.03509],
					"position": [23.25, -11, -7],
					"scale": [1.525, 1.8, 1.75]
				},
				"root": {
					"rotation": {
						"0.0": {
							"post": [0, 0, 0],
							"lerp_mode": "catmullrom"
						},
						"0.75": {
							"post": [0, -15, 0],
							"lerp_mode": "catmullrom"
						},
						"1.5": {
							"post": [-1.40862, -10.0177, 25.03711],
							"lerp_mode": "catmullrom"
						},
						"2.4167": {
							"post": [-8.90862, -20.0177, 25.03711],
							"lerp_mode": "catmullrom"
						},
						"3.0": {
							"post": [0, 0, 0],
							"lerp_mode": "catmullrom"
						}
					},
					"position": {
						"0.0": {
							"post": [0, 0, 0],
							"lerp_mode": "catmullrom"
						},
						"0.25": {
							"post": [0, 0.1875, 0],
							"lerp_mode": "catmullrom"
						},
						"0.75": {
							"post": [0, 0, 0],
							"lerp_mode": "catmullrom"
						},
						"3.0": {
							"post": [0, 0, 0],
							"lerp_mode": "catmullrom"
						}
					}
				},
				"camera": {
					"rotation": {
						"0.0": {
							"post": [0, 0, 0],
							"lerp_mode": "catmullrom"
						},
						"1.0": {
							"post": [0, 10, 0],
							"lerp_mode": "catmullrom"
						},
						"2.25": {
							"post": [0, 10, 0],
							"lerp_mode": "catmullrom"
						},
						"3.0": {
							"post": [0, 0, 0],
							"lerp_mode": "catmullrom"
						}
					}
				}
			}
		},
		"shoot": {
			"loop": true,
			"animation_length": 0.51,
			"override_previous_animation": true,
			"bones": {
				"beam_illuminated": {
					"scale": {
						"0.0": [1, 1, 4],
						"0.05": [1.2, 1.2, 4],
						"0.49": [1, 1, 4]
					}
				},
				"sub": {
					"scale": {
						"0.0": [1, 1, 1],
						"0.05": [1.7, 1.7, 1],
						"0.49": [1, 1, 1]
					}
				}
			}
		}
	}
}