{
	"format_version": "1.8.0",
	"animations": {
		"static_idle": {
			"loop": true,
			"bones": {
				"lefthand": {
					"rotation": [101.81513, 35.57728, 94.68241],
					"position": [16.08189, -17.51577, 2.37339],
					"scale": [1, 1.3, 1]
				},
				"constraint": {
					"rotation": [0.1, 0.1, 0.1],
					"position": [0.2, 0.2, 0.2]
				},
				"bar": {
					"scale": 0
				}
			}
		},
		"inspect": {
			"loop": "hold_on_last_frame",
			"animation_length": 4.2667,
			"bones": {
				"lefthand": {
					"rotation": [101.81513, 35.57728, 94.68241],
					"position": [16.08189, -17.51577, 2.37339],
					"scale": [1, 1.3, 1]
				},
				"constraint": {
					"rotation": [0.1, 0.1, 0.1],
					"position": [0.2, 0.2, 0.2]
				},
				"bar": {
					"scale": 0
				},
				"root": {
					"rotation": {
						"0.0": {
							"post": [0, 0, 0],
							"lerp_mode": "catmullrom"
						},
						"0.4667": {
							"post": [0, -35, 0],
							"lerp_mode": "catmullrom"
						},
						"1.0": {
							"post": [0, -35, 0],
							"lerp_mode": "catmullrom"
						},
						"1.3": {
							"post": [-29.0527, -20.43663, 57.84828],
							"lerp_mode": "catmullrom"
						},
						"2.0333": {
							"post": [-29.0527, -20.43663, 57.84828],
							"lerp_mode": "catmullrom"
						},
						"2.2333": {
							"post": [-81.5527, -20.43663, 57.84828],
							"lerp_mode": "catmullrom"
						},
						"3.0": {
							"post": [-81.5527, -20.43663, 57.84828],
							"lerp_mode": "catmullrom"
						},
						"3.2667": {
							"post": [-62.23485, 31.89057, 62.79991],
							"lerp_mode": "catmullrom"
						},
						"3.9667": {
							"post": [-62.23485, 31.89057, 62.79991],
							"lerp_mode": "catmullrom"
						},
						"4.2667": {
							"post": [0, 0, 0],
							"lerp_mode": "catmullrom"
						}
					},
					"position": {
						"0.0": {
							"post": [0, 0, 0],
							"lerp_mode": "catmullrom"
						},
						"0.1333": {
							"post": [0.81, 0.17188, 0],
							"lerp_mode": "catmullrom"
						},
						"0.4667": {
							"post": [4, 0, 0],
							"lerp_mode": "catmullrom"
						},
						"1.0": {
							"post": [4, 0, 0],
							"lerp_mode": "catmullrom"
						},
						"1.8667": {
							"post": [4, 0, 0],
							"lerp_mode": "catmullrom"
						},
						"2.2333": {
							"post": [4, -0.11, -12],
							"lerp_mode": "catmullrom"
						},
						"3.0": {
							"post": [4, -0.11, -12],
							"lerp_mode": "catmullrom"
						},
						"3.2667": {
							"post": [4, -0.11, -12],
							"lerp_mode": "catmullrom"
						},
						"3.9667": {
							"post": [4, 3, -8],
							"lerp_mode": "catmullrom"
						},
						"4.2667": {
							"post": [0, 0, 0],
							"lerp_mode": "catmullrom"
						}
					}
				}
			}
		},
		"inspect_empty": {
			"loop": "hold_on_last_frame",
			"animation_length": 4.2667,
			"bones": {
				"lefthand": {
					"rotation": [101.81513, 35.57728, 94.68241],
					"position": [16.08189, -17.51577, 2.37339],
					"scale": [1, 1.3, 1]
				},
				"constraint": {
					"rotation": [0.1, 0.1, 0.1],
					"position": [0.2, 0.2, 0.2]
				},
				"bar": {
					"scale": 1
				},
				"root": {
					"rotation": {
						"0.0": {
							"post": [0, 0, 0],
							"lerp_mode": "catmullrom"
						},
						"0.4667": {
							"post": [0, -35, 0],
							"lerp_mode": "catmullrom"
						},
						"1.0": {
							"post": [0, -35, 0],
							"lerp_mode": "catmullrom"
						},
						"1.3": {
							"post": [-29.0527, -20.43663, 57.84828],
							"lerp_mode": "catmullrom"
						},
						"2.0333": {
							"post": [-29.0527, -20.43663, 57.84828],
							"lerp_mode": "catmullrom"
						},
						"2.2333": {
							"post": [-81.5527, -20.43663, 57.84828],
							"lerp_mode": "catmullrom"
						},
						"3.0": {
							"post": [-81.5527, -20.43663, 57.84828],
							"lerp_mode": "catmullrom"
						},
						"3.2667": {
							"post": [-62.23485, 31.89057, 62.79991],
							"lerp_mode": "catmullrom"
						},
						"3.9667": {
							"post": [-62.23485, 31.89057, 62.79991],
							"lerp_mode": "catmullrom"
						},
						"4.2667": {
							"post": [0, 0, 0],
							"lerp_mode": "catmullrom"
						}
					},
					"position": {
						"0.0": {
							"post": [0, 0, 0],
							"lerp_mode": "catmullrom"
						},
						"0.1333": {
							"post": [0.81, 0.17188, 0],
							"lerp_mode": "catmullrom"
						},
						"0.4667": {
							"post": [4, 0, 0],
							"lerp_mode": "catmullrom"
						},
						"1.0": {
							"post": [4, 0, 0],
							"lerp_mode": "catmullrom"
						},
						"3.0": {
							"post": [4, 0, 0],
							"lerp_mode": "catmullrom"
						},
						"3.2667": {
							"post": [4, 3, 0],
							"lerp_mode": "catmullrom"
						},
						"3.9667": {
							"post": [4, 3, 0],
							"lerp_mode": "catmullrom"
						},
						"4.2667": {
							"post": [0, 0, 0],
							"lerp_mode": "catmullrom"
						}
					}
				},
				"bar_illuminated": {
					"scale": 0
				}
			}
		},
		"static_bolt_caught": {
			"loop": true,
			"bones": {
				"lefthand": {
					"rotation": [101.81513, 35.57728, 94.68241],
					"position": [16.08189, -17.51577, 2.37339],
					"scale": [1, 1.3, 1]
				},
				"constraint": {
					"rotation": [0.1, 0.1, 0.1],
					"position": [0.2, 0.2, 0.2]
				},
				"bar": {
					"scale": 1
				},
				"bar_illuminated": {
					"scale": 0
				}
			}
		},
		"shoot": {
			"animation_length": 3,
			"bones": {
				"roll": {
					"rotation": {
						"0.0": [0, 0, 0],
						"0.0333": [0, 0, 43.54928],
						"0.0667": [0, 0, 121.90987],
						"0.1": [0, 0, 189.59157],
						"0.1333": [0, 0, 246.51105],
						"0.1667": [0, 0, 295.6539],
						"0.2": [0, 0, 339.06602],
						"0.2333": [0, 0, 378.07182],
						"0.2667": [0, 0, 413.54911],
						"0.3": [0, 0, 446.12459],
						"0.3333": [0, 0, 476.27615],
						"0.3667": [0, 0, 504.32002],
						"0.4": [0, 0, 530.56998],
						"0.4333": [0, 0, 555.2185],
						"0.4667": [0, 0, 578.4393],
						"0.5": [0, 0, 600.38914],
						"0.5333": [0, 0, 621.2095],
						"0.5667": [0, 0, 640.9516],
						"0.6": [0, 0, 659.76414],
						"0.6333": [0, 0, 677.67844],
						"0.6667": [0, 0, 694.77433],
						"0.7": [0, 0, 711.1194],
						"0.7333": [0, 0, 726.76125],
						"0.7667": [0, 0, 741.74455],
						"0.8": [0, 0, 756.11127],
						"0.8333": [0, 0, 769.90085],
						"0.8667": [0, 0, 783.1504],
						"0.9": [0, 0, 795.85553],
						"0.9333": [0, 0, 808.07889],
						"0.9667": [0, 0, 819.85415],
						"1.0": [0, 0, 831.16834],
						"1.0333": [0, 0, 842.06613],
						"1.0667": [0, 0, 852.57232],
						"1.1": [0, 0, 862.67643],
						"1.1333": [0, 0, 872.43164],
						"1.1667": [0, 0, 881.81872],
						"1.2": [0, 0, 890.87555],
						"1.2333": [0, 0, 899.61579],
						"1.2667": [0, 0, 908.02284],
						"1.3": [0, 0, 916.14991],
						"1.3333": [0, 0, 923.98283],
						"1.3667": [0, 0, 931.52229],
						"1.4": [0, 0, 938.8054],
						"1.4333": [0, 0, 945.83842],
						"1.4667": [0, 0, 952.59996],
						"1.5": [0, 0, 959.1165],
						"1.5333": [0, 0, 965.40379],
						"1.5667": [0, 0, 971.46737],
						"1.6": [0, 0, 977.31263],
						"1.6333": [0, 0, 982.93964],
						"1.6667": [0, 0, 988.34393],
						"1.7": [0, 0, 993.54785],
						"1.7333": [0, 0, 998.55621],
						"1.7667": [0, 0, 1003.37369],
						"1.8": [0, 0, 1008.00485],
						"1.8333": [0, 0, 1012.45415],
						"1.8667": [0, 0, 1016.72595],
						"1.9": [0, 0, 1020.82448],
						"1.9333": [0, 0, 1024.7539],
						"1.9667": [0, 0, 1028.51824],
						"2.0": [0, 0, 1032.12145],
						"2.0333": [0, 0, 1035.56739],
						"2.0667": [0, 0, 1038.85982],
						"2.1": [0, 0, 1042.00241],
						"2.1333": [0, 0, 1044.99875],
						"2.1667": [0, 0, 1047.85236],
						"2.2": [0, 0, 1050.56665],
						"2.2333": [0, 0, 1053.14497],
						"2.2667": [0, 0, 1055.59059],
						"2.3": [0, 0, 1057.90599],
						"2.3333": [0, 0, 1060.07711],
						"2.3667": [0, 0, 1062.12352],
						"2.4": [0, 0, 1064.04824],
						"2.4333": [0, 0, 1065.85423],
						"2.4667": [0, 0, 1067.54438],
						"2.5": [0, 0, 1069.12151],
						"2.5333": [0, 0, 1070.58839],
						"2.5667": [0, 0, 1071.92294],
						"2.6": [0, 0, 1073.14841],
						"2.6333": [0, 0, 1074.27045],
						"2.7": [0, 0, 1076.21448],
						"2.7333": [0, 0, 1077.0224],
						"2.8667": [0, 0, 1079.27297],
						"3.0": [0, 0, 1080]
					}
				},
				"fan": {
					"rotation": {
						"0.0": [0, 0, 0],
						"0.0333": [0, 0, 43.54928],
						"0.0667": [0, 0, 121.90987],
						"0.1": [0, 0, 189.59157],
						"0.1333": [0, 0, 246.51105],
						"0.1667": [0, 0, 295.6539],
						"0.2": [0, 0, 339.06602],
						"0.2333": [0, 0, 378.07182],
						"0.2667": [0, 0, 413.54911],
						"0.3": [0, 0, 446.12459],
						"0.3333": [0, 0, 476.27615],
						"0.3667": [0, 0, 504.32002],
						"0.4": [0, 0, 530.56998],
						"0.4333": [0, 0, 555.2185],
						"0.4667": [0, 0, 578.4393],
						"0.5": [0, 0, 600.38914],
						"0.5333": [0, 0, 621.2095],
						"0.5667": [0, 0, 640.9516],
						"0.6": [0, 0, 659.76414],
						"0.6333": [0, 0, 677.67844],
						"0.6667": [0, 0, 694.77433],
						"0.7": [0, 0, 711.1194],
						"0.7333": [0, 0, 726.76125],
						"0.7667": [0, 0, 741.74455],
						"0.8": [0, 0, 756.11127],
						"0.8333": [0, 0, 769.90085],
						"0.8667": [0, 0, 783.1504],
						"0.9": [0, 0, 795.85553],
						"0.9333": [0, 0, 808.07889],
						"0.9667": [0, 0, 819.85415],
						"1.0": [0, 0, 831.16834],
						"1.0333": [0, 0, 842.06613],
						"1.0667": [0, 0, 852.57232],
						"1.1": [0, 0, 862.67643],
						"1.1333": [0, 0, 872.43164],
						"1.1667": [0, 0, 881.81872],
						"1.2": [0, 0, 890.87555],
						"1.2333": [0, 0, 899.61579],
						"1.2667": [0, 0, 908.02284],
						"1.3": [0, 0, 916.14991],
						"1.3333": [0, 0, 923.98283],
						"1.3667": [0, 0, 931.52229],
						"1.4": [0, 0, 938.8054],
						"1.4333": [0, 0, 945.83842],
						"1.4667": [0, 0, 952.59996],
						"1.5": [0, 0, 959.1165],
						"1.5333": [0, 0, 965.40379],
						"1.5667": [0, 0, 971.46737],
						"1.6": [0, 0, 977.31263],
						"1.6333": [0, 0, 982.93964],
						"1.6667": [0, 0, 988.34393],
						"1.7": [0, 0, 993.54785],
						"1.7333": [0, 0, 998.55621],
						"1.7667": [0, 0, 1003.37369],
						"1.8": [0, 0, 1008.00485],
						"1.8333": [0, 0, 1012.45415],
						"1.8667": [0, 0, 1016.72595],
						"1.9": [0, 0, 1020.82448],
						"1.9333": [0, 0, 1024.7539],
						"1.9667": [0, 0, 1028.51824],
						"2.0": [0, 0, 1032.12145],
						"2.0333": [0, 0, 1035.56739],
						"2.0667": [0, 0, 1038.85982],
						"2.1": [0, 0, 1042.00241],
						"2.1333": [0, 0, 1044.99875],
						"2.1667": [0, 0, 1047.85236],
						"2.2": [0, 0, 1050.56665],
						"2.2333": [0, 0, 1053.14497],
						"2.2667": [0, 0, 1055.59059],
						"2.3": [0, 0, 1057.90599],
						"2.3333": [0, 0, 1060.07711],
						"2.3667": [0, 0, 1062.12352],
						"2.4": [0, 0, 1064.04824],
						"2.4333": [0, 0, 1065.85423],
						"2.4667": [0, 0, 1067.54438],
						"2.5": [0, 0, 1069.12151],
						"2.5333": [0, 0, 1070.58839],
						"2.5667": [0, 0, 1071.92294],
						"2.6": [0, 0, 1073.14841],
						"2.6333": [0, 0, 1074.27045],
						"2.7": [0, 0, 1076.21448],
						"2.7333": [0, 0, 1077.0224],
						"2.8667": [0, 0, 1079.27297],
						"3.0": [0, 0, 1080]
					}
				},
				"beam_illuminated": {
					"scale": {
						"0.0": [1, 1, 1],
						"0.0333": [2, 2, 500],
						"0.0667": [1, 1, 1]
					}
				},
				"root": {
					"rotation": {
						"0.0": [0, 0, 0],
						"0.0333": [-0.05, 0, 0],
						"0.0667": [0, 0, 0]
					},
					"position": {
						"0.0": [0, 0, 0],
						"0.0333": [0, 0, 0.03125],
						"0.0667": [0, 0, 0]
					}
				}
			}
		},
		"reload_tactical": {
			"animation_length": 1.9,
			"bones": {
				"roll": {
					"rotation": {
						"0.4": {
							"pre": [0, 0, 0],
							"post": [0, 0, 0],
							"lerp_mode": "catmullrom"
						},
						"0.5667": {
							"post": [0, 0, 112.5],
							"lerp_mode": "catmullrom"
						},
						"1.2333": {
							"post": [0, 0, 625.07],
							"lerp_mode": "catmullrom"
						},
						"1.9": [0, 0, 720]
					}
				},
				"lefthand": {
					"rotation": {
						"0.0": {
							"post": [101.81513, 35.57728, 94.68241],
							"lerp_mode": "catmullrom"
						},
						"0.3333": {
							"post": [175.82811, 11.37488, 123.43429],
							"lerp_mode": "catmullrom"
						},
						"0.4": {
							"post": [175.82811, 11.37488, 123.43429],
							"lerp_mode": "catmullrom"
						},
						"1.0": [101.81513, 35.57728, 94.68241]
					},
					"position": {
						"0.0": {
							"post": [16.08189, -17.51577, 2.37339],
							"lerp_mode": "catmullrom"
						},
						"0.3333": {
							"post": [11.234, -13.60286, 5.09724],
							"lerp_mode": "catmullrom"
						},
						"0.4": {
							"post": [11.234, -13.60286, 5.09724],
							"lerp_mode": "catmullrom"
						},
						"0.4667": {
							"post": [11.00558, -15.42659, 4.82386],
							"lerp_mode": "catmullrom"
						},
						"0.6": {
							"post": [9.38194, -21.82949, 3.73614],
							"lerp_mode": "catmullrom"
						},
						"0.8": {
							"post": [8.98018, -23.5422, 2.7847],
							"lerp_mode": "catmullrom"
						},
						"1.0": [16.08189, -17.51577, 2.37339]
					},
					"scale": [1, 1.3, 1]
				},
				"camera": {
					"rotation": {
						"0.0": [0, 0, 0],
						"0.4": [2.5, 0, 0],
						"0.6667": [2.5, 0, 0],
						"1.2": [0, 0, 0]
					}
				}
			}
		},
		"reload_empty": {
			"animation_length": 1.9,
			"bones": {
				"roll": {
					"rotation": {
						"0.4": {
							"pre": [0, 0, 0],
							"post": [0, 0, 0],
							"lerp_mode": "catmullrom"
						},
						"1.2333": {
							"post": [0, 0, 625.07],
							"lerp_mode": "catmullrom"
						},
						"1.9": [0, 0, 720]
					}
				},
				"lefthand": {
					"rotation": {
						"0.0": {
							"post": [101.81513, 35.57728, 94.68241],
							"lerp_mode": "catmullrom"
						},
						"0.3333": {
							"post": [175.82811, 11.37488, 123.43429],
							"lerp_mode": "catmullrom"
						},
						"0.4": {
							"post": [175.82811, 11.37488, 123.43429],
							"lerp_mode": "catmullrom"
						},
						"1.0": [101.81513, 35.57728, 94.68241]
					},
					"position": {
						"0.0": {
							"post": [16.08189, -17.51577, 2.37339],
							"lerp_mode": "catmullrom"
						},
						"0.3333": {
							"post": [11.234, -13.60286, 5.09724],
							"lerp_mode": "catmullrom"
						},
						"0.4": {
							"post": [11.234, -13.60286, 5.09724],
							"lerp_mode": "catmullrom"
						},
						"0.4667": {
							"post": [11.00558, -15.42659, 4.82386],
							"lerp_mode": "catmullrom"
						},
						"0.6": {
							"post": [9.38194, -21.82949, 3.73614],
							"lerp_mode": "catmullrom"
						},
						"0.8": {
							"post": [8.98018, -23.5422, 2.7847],
							"lerp_mode": "catmullrom"
						},
						"1.0": [16.08189, -17.51577, 2.37339]
					},
					"scale": [1, 1.3, 1]
				},
				"camera": {
					"rotation": {
						"0.0": [0, 0, 0],
						"0.4": [2.5, 0, 0],
						"0.6667": [2.5, 0, 0],
						"1.2": [0, 0, 0]
					}
				},
				"bar_illuminated": {
					"scale": {
						"0.0": [0, 0, 0],
						"0.6667": [1, 1, 1]
					}
				},
				"bar": {
					"scale": {
						"0.0": [1, 1, 1],
						"0.6333": [1, 1, 1],
						"0.6667": [0, 0, 0]
					}
				}
			}
		}
	}
}