{
	"format_version": "1.8.0",
	"animations": {
		"static_idle": {
			"loop": true,
			"bones": {
				"root": {
					"position": [0, 0, 0]
				},
				"constraint": {
					"rotation": [0.3, 0.3, 0.3],
					"position": [0.3, 0.3, 0.3]
				}
			}
		},
		"inspect": {
			"animation_length": 5,
			"bones": {
				"root": {
					"rotation": {
						"0.0": {
							"post": [0, 0, 0],
							"lerp_mode": "catmullrom"
						},
						"0.1": {
							"post": [10.00238, -2.49762, -0.10912],
							"lerp_mode": "catmullrom"
						},
						"0.7": [-20.2011, -34.02367, 7.16926],
						"1.9": {
							"pre": [-19.02, -21.1, 3.3],
							"post": [-19.02, -21.1, 3.3],
							"lerp_mode": "catmullrom"
						},
						"2.7": {
							"post": [-31.85, 43.67, -15.5],
							"lerp_mode": "catmullrom"
						},
						"2.9": [-33.45, 51.77, -17.85],
						"3.9": [-28.31, 44.37, -15.3],
						"4.6": {
							"pre": [7.50706, -2.4786, -0.32652],
							"post": [7.50706, -2.4786, -0.32652],
							"lerp_mode": "catmullrom"
						},
						"4.8": {
							"post": [-1.5, 0, 0],
							"lerp_mode": "catmullrom"
						},
						"5.0": {
							"post": [0, 0, 0],
							"lerp_mode": "catmullrom"
						}
					},
					"position": {
						"0.0": {
							"post": [0, 0, 0],
							"lerp_mode": "catmullrom"
						},
						"0.3": {
							"post": [0, 2, 0],
							"lerp_mode": "catmullrom"
						},
						"0.7": [-3, 1.78, 0],
						"1.9": {
							"pre": [-0.44, 1.28, 0],
							"post": [-0.44, 1.28, 0],
							"lerp_mode": "catmullrom"
						},
						"2.7": {
							"post": [20, -2.75, 0],
							"lerp_mode": "catmullrom"
						},
						"2.9": [22.56, -3.25, 0],
						"3.9": [17.86, -2.75, 0],
						"4.5": {
							"pre": [0, 0, 0],
							"post": [0, 0, 0],
							"lerp_mode": "catmullrom"
						},
						"5.0": {
							"post": [0, 0, 0],
							"lerp_mode": "catmullrom"
						}
					}
				},
				"hook1": {
					"rotation": {
						"0.7": {
							"pre": [0, 0, 0],
							"post": [0, 0, 0],
							"lerp_mode": "catmullrom"
						},
						"1.0": {
							"post": [-45, 0, 0],
							"lerp_mode": "catmullrom"
						},
						"3.4": {
							"post": [-45, 0, 0],
							"lerp_mode": "catmullrom"
						},
						"3.8": {
							"post": [0, 0, 0],
							"lerp_mode": "catmullrom"
						}
					}
				},
				"hok1": {
					"rotation": {
						"0.7": {
							"pre": [0, 0, 0],
							"post": [0, 0, 0],
							"lerp_mode": "catmullrom"
						},
						"1.0": {
							"post": [-22.5, 0, 0],
							"lerp_mode": "catmullrom"
						},
						"3.4": {
							"post": [-22.5, 0, 0],
							"lerp_mode": "catmullrom"
						},
						"3.8": {
							"post": [0, 0, 0],
							"lerp_mode": "catmullrom"
						}
					}
				},
				"hok2": {
					"rotation": {
						"0.7": {
							"pre": [0, 0, 0],
							"post": [0, 0, 0],
							"lerp_mode": "catmullrom"
						},
						"1.0": {
							"post": [-22.5, 0, 0],
							"lerp_mode": "catmullrom"
						},
						"3.4": {
							"post": [-22.5, 0, 0],
							"lerp_mode": "catmullrom"
						},
						"3.8": {
							"post": [0, 0, 0],
							"lerp_mode": "catmullrom"
						}
					}
				},
				"hok3": {
					"rotation": {
						"0.7": {
							"pre": [0, 0, 0],
							"post": [0, 0, 0],
							"lerp_mode": "catmullrom"
						},
						"1.0": {
							"post": [-22.5, 0, 0],
							"lerp_mode": "catmullrom"
						},
						"3.4": {
							"post": [-22.5, 0, 0],
							"lerp_mode": "catmullrom"
						},
						"3.8": {
							"post": [0, 0, 0],
							"lerp_mode": "catmullrom"
						}
					}
				},
				"hokkk1": {
					"rotation": {
						"0.7": {
							"pre": [0, 0, 0],
							"post": [0, 0, 0],
							"lerp_mode": "catmullrom"
						},
						"1.0": {
							"post": [57.5, 0, 0],
							"lerp_mode": "catmullrom"
						},
						"3.4": {
							"post": [57.5, 0, 0],
							"lerp_mode": "catmullrom"
						},
						"3.8": {
							"post": [0, 0, 0],
							"lerp_mode": "catmullrom"
						}
					}
				},
				"hokk1": {
					"rotation": {
						"0.7": {
							"pre": [0, 0, 0],
							"post": [0, 0, 0],
							"lerp_mode": "catmullrom"
						},
						"1.0": {
							"post": [-15, 0, 0],
							"lerp_mode": "catmullrom"
						},
						"3.4": {
							"post": [-15, 0, 0],
							"lerp_mode": "catmullrom"
						},
						"3.8": {
							"post": [0, 0, 0],
							"lerp_mode": "catmullrom"
						}
					}
				},
				"hokk2": {
					"rotation": {
						"0.7": {
							"pre": [0, 0, 0],
							"post": [0, 0, 0],
							"lerp_mode": "catmullrom"
						},
						"1.0": {
							"post": [-15, 0, 0],
							"lerp_mode": "catmullrom"
						},
						"3.4": {
							"post": [-15, 0, 0],
							"lerp_mode": "catmullrom"
						},
						"3.8": {
							"post": [0, 0, 0],
							"lerp_mode": "catmullrom"
						}
					}
				},
				"hokkk2": {
					"rotation": {
						"0.7": {
							"pre": [0, 0, 0],
							"post": [0, 0, 0],
							"lerp_mode": "catmullrom"
						},
						"1.0": {
							"post": [57.5, 0, 0],
							"lerp_mode": "catmullrom"
						},
						"3.4": {
							"post": [57.5, 0, 0],
							"lerp_mode": "catmullrom"
						},
						"3.8": {
							"post": [0, 0, 0],
							"lerp_mode": "catmullrom"
						}
					}
				},
				"hook2": {
					"rotation": {
						"0.7": {
							"pre": [0, 0, 0],
							"post": [0, 0, 0],
							"lerp_mode": "catmullrom"
						},
						"1.0": {
							"post": [-45, 0, 0],
							"lerp_mode": "catmullrom"
						},
						"3.4": {
							"post": [-45, 0, 0],
							"lerp_mode": "catmullrom"
						},
						"3.8": {
							"post": [0, 0, 0],
							"lerp_mode": "catmullrom"
						}
					}
				},
				"hook3": {
					"rotation": {
						"0.7": {
							"pre": [0, 0, 0],
							"post": [0, 0, 0],
							"lerp_mode": "catmullrom"
						},
						"1.0": {
							"post": [-45, 0, 0],
							"lerp_mode": "catmullrom"
						},
						"3.4": {
							"post": [-45, 0, 0],
							"lerp_mode": "catmullrom"
						},
						"3.8": {
							"post": [0, 0, 0],
							"lerp_mode": "catmullrom"
						}
					}
				},
				"hokkk3": {
					"rotation": {
						"0.7": {
							"pre": [0, 0, 0],
							"post": [0, 0, 0],
							"lerp_mode": "catmullrom"
						},
						"1.0": {
							"post": [65, 0, 0],
							"lerp_mode": "catmullrom"
						},
						"3.4": {
							"post": [65, 0, 0],
							"lerp_mode": "catmullrom"
						},
						"3.8": {
							"post": [0, 0, 0],
							"lerp_mode": "catmullrom"
						}
					}
				},
				"hokk3": {
					"rotation": {
						"0.7": {
							"pre": [0, 0, 0],
							"post": [0, 0, 0],
							"lerp_mode": "catmullrom"
						},
						"1.0": {
							"post": [-15, 0, 0],
							"lerp_mode": "catmullrom"
						},
						"3.4": {
							"post": [-15, 0, 0],
							"lerp_mode": "catmullrom"
						},
						"3.8": {
							"post": [0, 0, 0],
							"lerp_mode": "catmullrom"
						}
					}
				},
				"camera": {
					"rotation": {
						"0.0": [0, 0, 0],
						"0.4": [0, 0, 0],
						"0.7": [5.019, -4.98093, -0.43688],
						"1.0": [7.519, -4.98093, -0.43688],
						"1.6": [5.019, -4.98093, -0.43688],
						"2.7": [15.019, -4.98093, -0.43688],
						"4.8": [0, 0, 0]
					},
					"position": {
						"0.0": [0, 0, 0],
						"0.7": [-3, 0, 0],
						"1.5": [-3, 0, 0],
						"2.8": [-46, 0, 0],
						"3.2": [-93.11, 0, 19],
						"4.8": [0, 0, 0]
					}
				}
			}
		},
		"inspect_empty": {
			"animation_length": 5,
			"bones": {
				"root": {
					"rotation": {
						"0.0": {
							"post": [0, 0, 0],
							"lerp_mode": "catmullrom"
						},
						"0.1": {
							"post": [10.00238, -2.49762, -0.10912],
							"lerp_mode": "catmullrom"
						},
						"0.7": [-20.2011, -34.02367, 7.16926],
						"1.9": {
							"pre": [-19.02, -21.1, 3.3],
							"post": [-19.02, -21.1, 3.3],
							"lerp_mode": "catmullrom"
						},
						"2.7": {
							"post": [-31.85, 43.67, -15.5],
							"lerp_mode": "catmullrom"
						},
						"2.9": [-33.45, 51.77, -17.85],
						"3.9": [-28.31, 44.37, -15.3],
						"4.6": {
							"pre": [7.50706, -2.4786, -0.32652],
							"post": [7.50706, -2.4786, -0.32652],
							"lerp_mode": "catmullrom"
						},
						"4.8": {
							"post": [-1.5, 0, 0],
							"lerp_mode": "catmullrom"
						},
						"5.0": {
							"post": [0, 0, 0],
							"lerp_mode": "catmullrom"
						}
					},
					"position": {
						"0.0": {
							"post": [0, 0, 0],
							"lerp_mode": "catmullrom"
						},
						"0.3": {
							"post": [0, 2, 0],
							"lerp_mode": "catmullrom"
						},
						"0.7": [-3, 1.78, 0],
						"1.9": {
							"pre": [-0.44, 1.28, 0],
							"post": [-0.44, 1.28, 0],
							"lerp_mode": "catmullrom"
						},
						"2.7": {
							"post": [20, -2.75, 0],
							"lerp_mode": "catmullrom"
						},
						"2.9": [22.56, -3.25, 0],
						"3.9": [17.86, -2.75, 0],
						"4.5": {
							"pre": [0, 0, 0],
							"post": [0, 0, 0],
							"lerp_mode": "catmullrom"
						},
						"5.0": {
							"post": [0, 0, 0],
							"lerp_mode": "catmullrom"
						}
					}
				},
				"hook1": {
					"rotation": {
						"0.7": {
							"pre": [0, 0, 0],
							"post": [0, 0, 0],
							"lerp_mode": "catmullrom"
						},
						"1.0": {
							"post": [-45, 0, 0],
							"lerp_mode": "catmullrom"
						},
						"3.4": {
							"post": [-45, 0, 0],
							"lerp_mode": "catmullrom"
						},
						"3.8": {
							"post": [0, 0, 0],
							"lerp_mode": "catmullrom"
						}
					}
				},
				"hok1": {
					"rotation": {
						"0.7": {
							"pre": [0, 0, 0],
							"post": [0, 0, 0],
							"lerp_mode": "catmullrom"
						},
						"1.0": {
							"post": [-22.5, 0, 0],
							"lerp_mode": "catmullrom"
						},
						"3.4": {
							"post": [-22.5, 0, 0],
							"lerp_mode": "catmullrom"
						},
						"3.8": {
							"post": [0, 0, 0],
							"lerp_mode": "catmullrom"
						}
					}
				},
				"hok2": {
					"rotation": {
						"0.7": {
							"pre": [0, 0, 0],
							"post": [0, 0, 0],
							"lerp_mode": "catmullrom"
						},
						"1.0": {
							"post": [-22.5, 0, 0],
							"lerp_mode": "catmullrom"
						},
						"3.4": {
							"post": [-22.5, 0, 0],
							"lerp_mode": "catmullrom"
						},
						"3.8": {
							"post": [0, 0, 0],
							"lerp_mode": "catmullrom"
						}
					}
				},
				"hok3": {
					"rotation": {
						"0.7": {
							"pre": [0, 0, 0],
							"post": [0, 0, 0],
							"lerp_mode": "catmullrom"
						},
						"1.0": {
							"post": [-22.5, 0, 0],
							"lerp_mode": "catmullrom"
						},
						"3.4": {
							"post": [-22.5, 0, 0],
							"lerp_mode": "catmullrom"
						},
						"3.8": {
							"post": [0, 0, 0],
							"lerp_mode": "catmullrom"
						}
					}
				},
				"hokkk1": {
					"rotation": {
						"0.7": {
							"pre": [0, 0, 0],
							"post": [0, 0, 0],
							"lerp_mode": "catmullrom"
						},
						"1.0": {
							"post": [57.5, 0, 0],
							"lerp_mode": "catmullrom"
						},
						"3.4": {
							"post": [57.5, 0, 0],
							"lerp_mode": "catmullrom"
						},
						"3.8": {
							"post": [0, 0, 0],
							"lerp_mode": "catmullrom"
						}
					}
				},
				"hokk1": {
					"rotation": {
						"0.7": {
							"pre": [0, 0, 0],
							"post": [0, 0, 0],
							"lerp_mode": "catmullrom"
						},
						"1.0": {
							"post": [-15, 0, 0],
							"lerp_mode": "catmullrom"
						},
						"3.4": {
							"post": [-15, 0, 0],
							"lerp_mode": "catmullrom"
						},
						"3.8": {
							"post": [0, 0, 0],
							"lerp_mode": "catmullrom"
						}
					}
				},
				"hokk2": {
					"rotation": {
						"0.7": {
							"pre": [0, 0, 0],
							"post": [0, 0, 0],
							"lerp_mode": "catmullrom"
						},
						"1.0": {
							"post": [-15, 0, 0],
							"lerp_mode": "catmullrom"
						},
						"3.4": {
							"post": [-15, 0, 0],
							"lerp_mode": "catmullrom"
						},
						"3.8": {
							"post": [0, 0, 0],
							"lerp_mode": "catmullrom"
						}
					}
				},
				"hokkk2": {
					"rotation": {
						"0.7": {
							"pre": [0, 0, 0],
							"post": [0, 0, 0],
							"lerp_mode": "catmullrom"
						},
						"1.0": {
							"post": [57.5, 0, 0],
							"lerp_mode": "catmullrom"
						},
						"3.4": {
							"post": [57.5, 0, 0],
							"lerp_mode": "catmullrom"
						},
						"3.8": {
							"post": [0, 0, 0],
							"lerp_mode": "catmullrom"
						}
					}
				},
				"hook2": {
					"rotation": {
						"0.7": {
							"pre": [0, 0, 0],
							"post": [0, 0, 0],
							"lerp_mode": "catmullrom"
						},
						"1.0": {
							"post": [-45, 0, 0],
							"lerp_mode": "catmullrom"
						},
						"3.4": {
							"post": [-45, 0, 0],
							"lerp_mode": "catmullrom"
						},
						"3.8": {
							"post": [0, 0, 0],
							"lerp_mode": "catmullrom"
						}
					}
				},
				"hook3": {
					"rotation": {
						"0.7": {
							"pre": [0, 0, 0],
							"post": [0, 0, 0],
							"lerp_mode": "catmullrom"
						},
						"1.0": {
							"post": [-45, 0, 0],
							"lerp_mode": "catmullrom"
						},
						"3.4": {
							"post": [-45, 0, 0],
							"lerp_mode": "catmullrom"
						},
						"3.8": {
							"post": [0, 0, 0],
							"lerp_mode": "catmullrom"
						}
					}
				},
				"hokkk3": {
					"rotation": {
						"0.7": {
							"pre": [0, 0, 0],
							"post": [0, 0, 0],
							"lerp_mode": "catmullrom"
						},
						"1.0": {
							"post": [65, 0, 0],
							"lerp_mode": "catmullrom"
						},
						"3.4": {
							"post": [65, 0, 0],
							"lerp_mode": "catmullrom"
						},
						"3.8": {
							"post": [0, 0, 0],
							"lerp_mode": "catmullrom"
						}
					}
				},
				"hokk3": {
					"rotation": {
						"0.7": {
							"pre": [0, 0, 0],
							"post": [0, 0, 0],
							"lerp_mode": "catmullrom"
						},
						"1.0": {
							"post": [-15, 0, 0],
							"lerp_mode": "catmullrom"
						},
						"3.4": {
							"post": [-15, 0, 0],
							"lerp_mode": "catmullrom"
						},
						"3.8": {
							"post": [0, 0, 0],
							"lerp_mode": "catmullrom"
						}
					}
				},
				"nail": {
					"rotation": [0, -50, 0]
				}
			}
		},
		"static_bolt_caught": {
			"loop": true,
			"bones": {
				"root": {
					"position": [0, 0, 0]
				},
				"nail": {
					"rotation": [0, -50, 0]
				}
			}
		},
		"reload_empty": {
			"loop": true,
			"animation_length": 1.7,
			"bones": {
				"root": {
					"position": [0, 0, 0]
				},
				"nail": {
					"rotation": {
						"0.0": {
							"post": [0, -50, 0],
							"lerp_mode": "catmullrom"
						},
						"0.9": {
							"post": [0, -47.5, 0],
							"lerp_mode": "catmullrom"
						},
						"1.1": {
							"post": [0, 52.88, 0],
							"lerp_mode": "catmullrom"
						},
						"1.4": {
							"post": [0, -13.56, 0],
							"lerp_mode": "catmullrom"
						},
						"1.5": {
							"post": [0, 0, 0],
							"lerp_mode": "catmullrom"
						},
						"1.6": {
							"post": [0, 6.44, 0],
							"lerp_mode": "catmullrom"
						},
						"1.7": {
							"post": [0, 0, 0],
							"lerp_mode": "catmullrom"
						}
					}
				}
			}
		},
		"reload_tactical": {
			"loop": true,
			"animation_length": 1.7,
			"bones": {
				"root": {
					"position": [0, 0, 0]
				},
				"nail": {
					"rotation": {
						"0.0": {
							"post": [0, 0, 0],
							"lerp_mode": "catmullrom"
						},
						"0.9": {
							"post": [0, -47.5, 0],
							"lerp_mode": "catmullrom"
						},
						"1.1": {
							"post": [0, 52.88, 0],
							"lerp_mode": "catmullrom"
						},
						"1.4": {
							"post": [0, -13.56, 0],
							"lerp_mode": "catmullrom"
						},
						"1.5": {
							"post": [0, 0, 0],
							"lerp_mode": "catmullrom"
						},
						"1.6": {
							"post": [0, 6.44, 0],
							"lerp_mode": "catmullrom"
						},
						"1.7": {
							"post": [0, 0, 0],
							"lerp_mode": "catmullrom"
						}
					}
				}
			}
		},
		"shoot": {
			"animation_length": 0.8,
			"bones": {
				"root": {
					"rotation": {
						"0.0": [0, 1, 0],
						"0.1": [-8.34116, -2.47359, 0.36255],
						"0.2": [-12.5, 0, 0],
						"0.6": [-5, 0, 0],
						"0.8": [0, 0, 0]
					},
					"position": {
						"0.0": {
							"post": [0, 0, 0],
							"lerp_mode": "catmullrom"
						},
						"0.1": {
							"post": [0.37464, 3.50763, 5.79618],
							"lerp_mode": "catmullrom"
						},
						"0.2": {
							"post": [0, 4.88148, 11.0822],
							"lerp_mode": "catmullrom"
						},
						"0.6": {
							"post": [0, 3.9037, 0.86356],
							"lerp_mode": "catmullrom"
						},
						"0.8": {
							"post": [0, 0, 0],
							"lerp_mode": "catmullrom"
						}
					}
				},
				"nail": {
					"rotation": {
						"0.0": {
							"post": [0, 0, 0],
							"lerp_mode": "catmullrom"
						},
						"0.1": {
							"post": [0, -37.5, 0],
							"lerp_mode": "catmullrom"
						},
						"0.2": {
							"post": [0, 37.5, 0],
							"lerp_mode": "catmullrom"
						},
						"0.4": {
							"post": [0, 7.5, 0],
							"lerp_mode": "catmullrom"
						},
						"0.5": {
							"post": [0, -5, 0],
							"lerp_mode": "catmullrom"
						},
						"0.6": {
							"post": [0, 2.5, 0],
							"lerp_mode": "catmullrom"
						},
						"0.7": {
							"post": [0, 0, 0],
							"lerp_mode": "catmullrom"
						}
					}
				},
				"hook1": {
					"rotation": {
						"0.0": {
							"post": [0, 0, 0],
							"lerp_mode": "catmullrom"
						},
						"0.1": {
							"post": [-45, 0, 0],
							"lerp_mode": "catmullrom"
						},
						"0.6": {
							"post": [-45, 0, 0],
							"lerp_mode": "catmullrom"
						},
						"0.7": {
							"post": [0, 0, 0],
							"lerp_mode": "catmullrom"
						}
					}
				},
				"hok1": {
					"rotation": {
						"0.0": {
							"post": [0, 0, 0],
							"lerp_mode": "catmullrom"
						},
						"0.1": {
							"post": [-22.5, 0, 0],
							"lerp_mode": "catmullrom"
						},
						"0.6": {
							"post": [-22.5, 0, 0],
							"lerp_mode": "catmullrom"
						},
						"0.7": {
							"post": [0, 0, 0],
							"lerp_mode": "catmullrom"
						}
					}
				},
				"hok2": {
					"rotation": {
						"0.0": {
							"post": [0, 0, 0],
							"lerp_mode": "catmullrom"
						},
						"0.1": {
							"post": [-22.5, 0, 0],
							"lerp_mode": "catmullrom"
						},
						"0.6": {
							"post": [-22.5, 0, 0],
							"lerp_mode": "catmullrom"
						},
						"0.7": {
							"post": [0, 0, 0],
							"lerp_mode": "catmullrom"
						}
					}
				},
				"hok3": {
					"rotation": {
						"0.0": {
							"post": [0, 0, 0],
							"lerp_mode": "catmullrom"
						},
						"0.1": {
							"post": [-22.5, 0, 0],
							"lerp_mode": "catmullrom"
						},
						"0.6": {
							"post": [-22.5, 0, 0],
							"lerp_mode": "catmullrom"
						},
						"0.7": {
							"post": [0, 0, 0],
							"lerp_mode": "catmullrom"
						}
					}
				},
				"hokkk1": {
					"rotation": {
						"0.0": {
							"post": [0, 0, 0],
							"lerp_mode": "catmullrom"
						},
						"0.1": {
							"post": [57.5, 0, 0],
							"lerp_mode": "catmullrom"
						},
						"0.6": {
							"post": [57.5, 0, 0],
							"lerp_mode": "catmullrom"
						},
						"0.7": {
							"post": [0, 0, 0],
							"lerp_mode": "catmullrom"
						}
					}
				},
				"hokk1": {
					"rotation": {
						"0.0": {
							"post": [0, 0, 0],
							"lerp_mode": "catmullrom"
						},
						"0.1": {
							"post": [-15, 0, 0],
							"lerp_mode": "catmullrom"
						},
						"0.6": {
							"post": [-15, 0, 0],
							"lerp_mode": "catmullrom"
						},
						"0.7": {
							"post": [0, 0, 0],
							"lerp_mode": "catmullrom"
						}
					}
				},
				"hokk2": {
					"rotation": {
						"0.0": {
							"post": [0, 0, 0],
							"lerp_mode": "catmullrom"
						},
						"0.1": {
							"post": [-15, 0, 0],
							"lerp_mode": "catmullrom"
						},
						"0.6": {
							"post": [-15, 0, 0],
							"lerp_mode": "catmullrom"
						},
						"0.7": {
							"post": [0, 0, 0],
							"lerp_mode": "catmullrom"
						}
					}
				},
				"hokkk2": {
					"rotation": {
						"0.0": {
							"post": [0, 0, 0],
							"lerp_mode": "catmullrom"
						},
						"0.1": {
							"post": [57.5, 0, 0],
							"lerp_mode": "catmullrom"
						},
						"0.6": {
							"post": [57.5, 0, 0],
							"lerp_mode": "catmullrom"
						},
						"0.7": {
							"post": [0, 0, 0],
							"lerp_mode": "catmullrom"
						}
					}
				},
				"hook2": {
					"rotation": {
						"0.0": {
							"post": [0, 0, 0],
							"lerp_mode": "catmullrom"
						},
						"0.1": {
							"post": [-45, 0, 0],
							"lerp_mode": "catmullrom"
						},
						"0.6": {
							"post": [-45, 0, 0],
							"lerp_mode": "catmullrom"
						},
						"0.7": {
							"post": [0, 0, 0],
							"lerp_mode": "catmullrom"
						}
					}
				},
				"hook3": {
					"rotation": {
						"0.0": {
							"post": [0, 0, 0],
							"lerp_mode": "catmullrom"
						},
						"0.1": {
							"post": [-45, 0, 0],
							"lerp_mode": "catmullrom"
						},
						"0.6": {
							"post": [-45, 0, 0],
							"lerp_mode": "catmullrom"
						},
						"0.7": {
							"post": [0, 0, 0],
							"lerp_mode": "catmullrom"
						}
					}
				},
				"hokkk3": {
					"rotation": {
						"0.0": {
							"post": [0, 0, 0],
							"lerp_mode": "catmullrom"
						},
						"0.1": {
							"post": [65, 0, 0],
							"lerp_mode": "catmullrom"
						},
						"0.6": {
							"post": [65, 0, 0],
							"lerp_mode": "catmullrom"
						},
						"0.7": {
							"post": [0, 0, 0],
							"lerp_mode": "catmullrom"
						}
					}
				},
				"hokk3": {
					"rotation": {
						"0.0": {
							"post": [0, 0, 0],
							"lerp_mode": "catmullrom"
						},
						"0.1": {
							"post": [-15, 0, 0],
							"lerp_mode": "catmullrom"
						},
						"0.6": {
							"post": [-15, 0, 0],
							"lerp_mode": "catmullrom"
						},
						"0.7": {
							"post": [0, 0, 0],
							"lerp_mode": "catmullrom"
						}
					}
				},
				"constraint": {
					"rotation": [0.3, 0.3, 0.3],
					"position": [0.3, 0.3, 0.3]
				},
				"camera": {
					"rotation": {
						"0.0": {
							"post": [0, 0, 0],
							"lerp_mode": "catmullrom"
						},
						"0.3": {
							"post": [-13, 0, 0],
							"lerp_mode": "catmullrom"
						},
						"0.5": {
							"post": [-10, 0, 0],
							"lerp_mode": "catmullrom"
						},
						"0.8": {
							"post": [0, 0, 0],
							"lerp_mode": "catmullrom"
						}
					},
					"position": {
						"0.0": {
							"post": [0, 0, 0],
							"lerp_mode": "catmullrom"
						},
						"0.2": {
							"post": [0, 0, 6],
							"lerp_mode": "catmullrom"
						},
						"0.8": {
							"post": [0, 0, 0],
							"lerp_mode": "catmullrom"
						}
					}
				}
			}
		},
		"put_away": {
			"loop": "hold_on_last_frame",
			"animation_length": 0.4667,
			"bones": {
				"root": {
					"rotation": {
						"0.0": [0, 0, 0],
						"0.0333": [-0.47, -1.28, -1.35],
						"0.0667": [-0.64, -3.66, -2.19],
						"0.1": [0.26, -7.55, -0.77],
						"0.1333": [1.8, -12.38, 1.96],
						"0.1667": [3.1, -15.6, 4.35],
						"0.2": [4.61, -19.11, 7.2],
						"0.2333": [6.24, -23.59, 10.25],
						"0.2667": [8.04, -29.69, 13.62],
						"0.3": [9.94, -36.77, 17.19],
						"0.3333": [11.64, -43.66, 20.29],
						"0.3667": [13.08, -50.6, 22.78],
						"0.4": [14.32, -57.35, 24.8],
						"0.4333": [15.16, -62.05, 26.17]
					},
					"position": {
						"0.0": [0, 0, 0],
						"0.4667": [-8.87, -36.92, -0.35]
					}
				},
				"constraint": {
					"rotation": {
						"0.0": [0.2, 0.2, 0.2],
						"0.3333": [1, 1, 1]
					},
					"position": {
						"0.0": [0.1, 0.1, 0.1],
						"0.3333": [1, 1, 1]
					}
				},
				"camera": {
					"rotation": {
						"0.0": {
							"post": [0, 0, 0],
							"lerp_mode": "catmullrom"
						},
						"0.1333": {
							"post": [0.3, 0, -0.125],
							"lerp_mode": "catmullrom"
						},
						"0.2333": {
							"post": [0.64, 0, 0.3],
							"lerp_mode": "catmullrom"
						},
						"0.3667": {
							"post": [0.5, 0, 0.15],
							"lerp_mode": "catmullrom"
						},
						"0.5333": {
							"post": [0, 0, 0],
							"lerp_mode": "catmullrom"
						}
					}
				}
			}
		}
	}
}