{
	"format_version": "1.8.0",
	"animations": {
		"static_idle": {
			"loop": true,
			"bones": {
				"ggg": {
					"rotation": [-5, 0, 0]
				},
				"rin": {
					"scale": 0
				}
			}
		},
		"inspect": {
			"animation_length": 2,
			"bones": {
				"ggg": {
					"rotation": [-5, 0, 0],
					"position": {
						"0.0": [0, 0, 0],
						"0.6333": [0, 0, 0],
						"0.7667": [9.70318, 9.42227, -3.61511],
						"0.9": [0, 0, 0],
						"1.2": [0, 0, 0],
						"1.3333": [9.70318, 9.42227, -3.61511],
						"1.4667": [0, 0, 0]
					}
				},
				"gr": {
					"rotation": {
						"0.0": {
							"post": [0, 0, 0],
							"lerp_mode": "catmullrom"
						},
						"0.2333": {
							"post": [5, 0, -47.5],
							"lerp_mode": "catmullrom"
						},
						"0.3333": {
							"post": [5, 0, -47.5],
							"lerp_mode": "catmullrom"
						},
						"0.4667": {
							"post": [5.12076, 12.45167, -46.39307],
							"lerp_mode": "catmullrom"
						},
						"0.7333": [5.51385, -24.89837, -49.8273],
						"0.8": [5.51385, -24.89837, -49.8273],
						"0.9": [5, 0, -47.5],
						"1.0": {
							"pre": [5.019, 4.98093, -47.06312],
							"post": [5.019, 4.98093, -47.06312],
							"lerp_mode": "catmullrom"
						},
						"1.2333": {
							"post": [5.12076, 12.45167, -46.39307],
							"lerp_mode": "catmullrom"
						},
						"1.4": {
							"post": [5.51385, -24.89837, -49.8273],
							"lerp_mode": "catmullrom"
						},
						"1.4667": [5.51385, -24.89837, -49.8273],
						"1.5667": [5, 0, -47.5],
						"1.6667": [5, 0, -47.5],
						"1.8333": {
							"pre": [5, 0, -47.5],
							"post": [5, 0, -47.5],
							"lerp_mode": "catmullrom"
						},
						"2.0": {
							"post": [0, 0, 0],
							"lerp_mode": "catmullrom"
						}
					}
				}
			}
		},
		"static_bolt_caught": {
			"loop": true,
			"bones": {
				"ggg": {
					"rotation": [-5, 0, 0],
					"position": [0, -88, 0],
					"scale": 0
				},
				"lefthand": {
					"position": [0, -108, 0],
					"scale": 0
				}
			}
		},
		"shoot": {
			"animation_length": 0.6333,
			"bones": {
				"gr": {
					"rotation": {
						"0.0": [0, 0, 0],
						"0.0833": [-75, 0, 0],
						"0.1333": [5, 0, 0],
						"0.1583": [0, 0, 0]
					},
					"position": {
						"0.0": [0, 0, 0],
						"0.0667": [0, 0, 1],
						"0.125": [0, 0, -1],
						"0.15": [0, 0, 0]
					}
				},
				"ggg": {
					"rotation": {
						"0.0": [-5, 0, 0],
						"0.1": [0, 0, 0],
						"0.1333": [5, 0, 0],
						"0.175": [32.5, 0, 0]
					},
					"position": {
						"0.0": [0, 0, 0],
						"0.1": [0, 0, 0],
						"0.125": [0, 7, -4],
						"0.1583": [0, 13, -74]
					},
					"scale": {
						"0.1083": [1, 1, 1],
						"0.1583": [0, 0, 0]
					}
				},
				"righthand": {
					"rotation": {
						"0.0": {
							"post": [0, 0, 0],
							"lerp_mode": "catmullrom"
						},
						"0.25": {
							"post": [-17.5, 0, 0],
							"lerp_mode": "catmullrom"
						},
						"0.6333": [0, 0, 0]
					},
					"position": {
						"0.0": {
							"post": [0, 0, 0],
							"lerp_mode": "catmullrom"
						},
						"0.25": {
							"post": [0, -3.1875, -0.3125],
							"lerp_mode": "catmullrom"
						},
						"0.6333": [0, 0, 0]
					}
				}
			}
		},
		"reload_empty": {
			"animation_length": 0.8333,
			"bones": {
				"gr": {
					"rotation": {
						"0.0": [0, 0, 0],
						"0.1333": [47.5, 0, 0],
						"0.1667": [40.9, -0.67, 0.98],
						"0.2": [31.19, -1.67, 2.45],
						"0.2333": [19.98, -2.83, 4.13],
						"0.2667": [8.86, -3.92, 5.74],
						"0.4333": [-1.19002, -1.0141, 19.64093],
						"0.5333": [-1.19002, -1.0141, 19.64093],
						"0.7333": [-0.46, -0.46, 0],
						"0.7667": [-0.28, -0.28, 0],
						"0.8": [-0.11, -0.11, 0],
						"0.8333": [0, 0, 0]
					},
					"position": {
						"0.0": [0, 0, 0],
						"0.1333": [-4.5, -6.45, 4.05],
						"0.1667": [-4.8, -4.57, 3.06],
						"0.2": [-4.58, -2.43, 1.8],
						"0.2333": [-4.24, -2.07, 1.51],
						"0.2667": [-3.76, -1.75, 1.21],
						"0.3": [-3.18, -1.45, 0.9],
						"0.3333": [-2.55, -1.19, 0.59],
						"0.3667": [-1.92, -0.95, 0.31],
						"0.4": [-1.33, -0.75, 0.05],
						"0.4333": [-0.82, -0.57, -0.15],
						"0.5667": [0.05, -0.16, -0.22],
						"0.6": [0.03, -0.17, -0.08],
						"0.6333": [0.04, -0.16, 0],
						"0.6667": [0.06, -0.11, 0.02],
						"0.7": [0.05, -0.09, 0.02],
						"0.7333": [0.04, -0.06, 0.01],
						"0.7667": [0.02, -0.04, 0.01],
						"0.8": [0.01, -0.02, 0],
						"0.8333": [0, 0, 0]
					}
				},
				"camera": {
					"rotation": {
						"0.1333": {
							"pre": [0, 0, 0],
							"post": [0, 0, 0],
							"lerp_mode": "catmullrom"
						},
						"0.3333": {
							"post": [1.075, -0.275, 0.43125],
							"lerp_mode": "catmullrom"
						},
						"0.5": {
							"post": [0.2625, 0, 0.15],
							"lerp_mode": "catmullrom"
						},
						"0.6": {
							"post": [-0.06875, 0, -0.08125],
							"lerp_mode": "catmullrom"
						},
						"0.7": {
							"post": [0.01875, 0, 0.0625],
							"lerp_mode": "catmullrom"
						},
						"0.8333": {
							"post": [0, 0, 0],
							"lerp_mode": "catmullrom"
						}
					}
				},
				"ggg": {
					"rotation": [-5, 0, 0],
					"scale": {
						"0.0": [0, 0, 0],
						"0.0333": {
							"pre": [0, 0, 0],
							"post": [1, 1, 1]
						}
					}
				},
				"rin": {
					"position": {
						"0.5": [0, 0, 0],
						"0.6": [0, -0.47854, -6.98362],
						"0.7": [4.92642, -16.09365, -12.54275]
					},
					"scale": {
						"0.5667": [1, 1, 1],
						"0.6667": [0, 0, 0]
					}
				},
				"lefthand": {
					"rotation": {
						"0.0": [0, 0, 0],
						"0.1333": [0, 0, 0],
						"0.3333": [-17.5, 0, -40],
						"0.5": [-31.33353, -15.94973, -30.50251],
						"0.6": [17.5, 0, -40],
						"0.7333": [62.5, 0, -40],
						"0.8333": [0, 0, 0]
					},
					"position": {
						"0.0": [22, -17, 5],
						"0.3333": [-8, 0, -9],
						"0.5": [-4.5, 25.4375, -2.3125],
						"0.6": [-8.5, 26.44, -9.62],
						"0.7333": [0.5, 10.44, -16.62],
						"0.8333": [-8, 0, -14]
					},
					"scale": [1, 1.5, 1]
				}
			}
		},
		"draw": {
			"animation_length": 0.7,
			"bones": {
				"gr": {
					"rotation": {
						"0.0": [47.5, 0, 0],
						"0.0333": [40.9, -0.67, 0.98],
						"0.0667": [31.19, -1.67, 2.45],
						"0.1": [19.98, -2.83, 4.13],
						"0.1333": [8.86, -3.92, 5.74],
						"0.3": [-1.19002, -1.0141, 19.64093],
						"0.4": [-1.19002, -1.0141, 19.64093],
						"0.6": [-0.46, -0.46, 0],
						"0.6333": [-0.28, -0.28, 0],
						"0.6667": [-0.11, -0.11, 0],
						"0.7": [0, 0, 0]
					},
					"position": {
						"0.0": [-4.5, -6.45, 4.05],
						"0.0333": [-4.8, -4.57, 3.06],
						"0.0667": [-4.58, -2.43, 1.8],
						"0.1": [-4.24, -2.07, 1.51],
						"0.1333": [-3.76, -1.75, 1.21],
						"0.1667": [-3.18, -1.45, 0.9],
						"0.2": [-2.55, -1.19, 0.59],
						"0.2333": [-1.92, -0.95, 0.31],
						"0.2667": [-1.33, -0.75, 0.05],
						"0.3": [-0.82, -0.57, -0.15],
						"0.4333": [0.05, -0.16, -0.22],
						"0.4667": [0.03, -0.17, -0.08],
						"0.5": [0.04, -0.16, 0],
						"0.5333": [0.06, -0.11, 0.02],
						"0.5667": [0.05, -0.09, 0.02],
						"0.6": [0.04, -0.06, 0.01],
						"0.6333": [0.02, -0.04, 0.01],
						"0.6667": [0.01, -0.02, 0],
						"0.7": [0, 0, 0]
					}
				},
				"ggg": {
					"scale": 1
				},
				"rin": {
					"position": {
						"0.3667": [0, 0, 0],
						"0.4667": [0, -0.47854, -6.98362],
						"0.5667": [4.92642, -16.09365, -12.54275]
					},
					"scale": {
						"0.4333": [1, 1, 1],
						"0.5333": [0, 0, 0]
					}
				},
				"lefthand": {
					"rotation": {
						"0.0": [0, 0, 0],
						"0.2": [-17.5, 0, -40],
						"0.3667": [-31.33353, -15.94973, -30.50251],
						"0.4667": [17.5, 0, -40],
						"0.6": [62.5, 0, -40],
						"0.7": [0, 0, 0]
					},
					"position": {
						"0.2": [-8, 0, -9],
						"0.3667": [-4.5, 25.4375, -2.3125],
						"0.4667": [-8.5, 26.44, -9.62],
						"0.6": [0.5, 10.44, -16.62],
						"0.7": [-8, 0, -14]
					}
				},
				"camera": {
					"rotation": {
						"0.0": {
							"post": [0, 0, 0],
							"lerp_mode": "catmullrom"
						},
						"0.2": {
							"post": [1.075, -0.275, 0.43125],
							"lerp_mode": "catmullrom"
						},
						"0.3667": {
							"post": [0.2625, 0, 0.15],
							"lerp_mode": "catmullrom"
						},
						"0.4667": {
							"post": [-0.06875, 0, -0.08125],
							"lerp_mode": "catmullrom"
						},
						"0.5667": {
							"post": [0.01875, 0, 0.0625],
							"lerp_mode": "catmullrom"
						},
						"0.7": {
							"post": [0, 0, 0],
							"lerp_mode": "catmullrom"
						}
					}
				}
			}
		}
	}
}