{
	"format_version": "1.8.0",
	"animations": {
		"static_idle": {
			"loop": true,
			"bones": {
				"lefthand": {
					"rotation": [109.80512, -8.72735, -179.16691],
					"position": [7.75, -17.2125, 4.15625],
					"scale": [0.9, 1.4, 0.9]
				},
				"righthand": {
					"rotation": [-264.97476, 6.2574, -176.94134],
					"position": [-6.9125, -16.625, 4.8875],
					"scale": [0.9, 1.4, 0.9]
				},
				"constraint": {
					"rotation": [0.2, 0.2, 0.2],
					"position": [0.2, 0.2, 0.2]
				},
				"defaultgun": {
					"scale": 0.45
				},
				"lefthand_pos": {
					"position": [0, 0, 1]
				},
				"righthand_pos": {
					"position": [0, 0, 1]
				}
			}
		},
		"inspect": {
			"animation_length": 1.2222,
			"bones": {
				"lefthand": {
					"rotation": [109.80512, -8.72735, -179.16691],
					"position": [7.75, -17.2125, 4.15625],
					"scale": [0.9, 1.4, 0.9]
				},
				"righthand": {
					"rotation": [-264.97476, 6.2574, -176.94134],
					"position": {
						"0.0": [-6.9125, -16.625, 4.8875],
						"0.1667": [-6.91, -16.62, 6.89],
						"0.6667": [-6.91, -16.62, 6.39],
						"0.8333": [-6.9125, -16.625, 4.8875]
					},
					"scale": [0.9, 1.4, 0.9]
				},
				"constraint": {
					"rotation": [0.2, 0.2, 0.2],
					"position": [0.2, 0.2, 0.2]
				},
				"defaultgun": {
					"scale": 0.45
				},
				"lefthand_pos": {
					"rotation": {
						"0.0": {
							"post": [0, 0, 0],
							"lerp_mode": "catmullrom"
						},
						"0.4444": {
							"post": [-5, 6, 52.5],
							"lerp_mode": "catmullrom"
						},
						"0.8889": {
							"post": [-0.20309, 1.54224, 6.10838],
							"lerp_mode": "catmullrom"
						},
						"1.2222": {
							"post": [0, 0, 0],
							"lerp_mode": "catmullrom"
						}
					},
					"position": {
						"0.0": {
							"post": [0, 0, 1],
							"lerp_mode": "catmullrom"
						},
						"0.4444": {
							"post": [-7.9375, -2.1875, 0],
							"lerp_mode": "catmullrom"
						},
						"0.8889": {
							"post": [-5.95, -9.57, 2.3],
							"lerp_mode": "catmullrom"
						},
						"1.2222": {
							"post": [0, 0, 1],
							"lerp_mode": "catmullrom"
						}
					}
				},
				"righthand_pos": {
					"position": [0, 0, 1]
				},
				"roll": {
					"rotation": {
						"0.2222": {
							"pre": [0, 0, 0],
							"post": [0, 0, 0],
							"lerp_mode": "catmullrom"
						},
						"0.3333": {
							"post": [0, 0, -100],
							"lerp_mode": "catmullrom"
						},
						"0.4444": {
							"post": [0, 0, -360],
							"lerp_mode": "catmullrom"
						},
						"0.6667": {
							"post": [0, 0, -601.92],
							"lerp_mode": "catmullrom"
						},
						"1.0": {
							"post": [0, 0, -720],
							"lerp_mode": "catmullrom"
						}
					}
				},
				"camera": {
					"rotation": {
						"0.0": {
							"post": [0, 0, 0],
							"lerp_mode": "catmullrom"
						},
						"0.3333": {
							"post": [30.00706, -2.4786, -0.32652],
							"lerp_mode": "catmullrom"
						},
						"0.8889": {
							"post": [26.02, -2.15, -0.28],
							"lerp_mode": "catmullrom"
						},
						"1.2222": {
							"post": [0, 0, 0],
							"lerp_mode": "catmullrom"
						}
					},
					"position": {
						"0.0": {
							"post": [0, 0, 0],
							"lerp_mode": "catmullrom"
						},
						"0.3333": {
							"post": [0, 0, 13],
							"lerp_mode": "catmullrom"
						},
						"0.8889": {
							"post": [0, 0, 11.27],
							"lerp_mode": "catmullrom"
						},
						"1.2222": {
							"post": [0, 0, 0],
							"lerp_mode": "catmullrom"
						}
					}
				},
				"gunr": {
					"rotation": {
						"0.0": {
							"post": [0, 0, 0],
							"lerp_mode": "catmullrom"
						},
						"0.2222": {
							"post": [-17.03799, -5.66104, 81.45857],
							"lerp_mode": "catmullrom"
						},
						"0.5": {
							"post": [-13.34958, -14.97161, 48.87734],
							"lerp_mode": "catmullrom"
						},
						"0.8889": {
							"post": [-4.67, -5.99, 34.57],
							"lerp_mode": "catmullrom"
						},
						"1.2222": {
							"post": [0, 0, 0],
							"lerp_mode": "catmullrom"
						}
					},
					"position": {
						"0.0": {
							"post": [0, 0, 0],
							"lerp_mode": "catmullrom"
						},
						"0.2778": {
							"post": [-5, 4, 3],
							"lerp_mode": "catmullrom"
						},
						"0.4444": {
							"post": [-6.1075, 0.25, 3.28],
							"lerp_mode": "catmullrom"
						},
						"0.7778": {
							"post": [-7, 0, 3],
							"lerp_mode": "catmullrom"
						},
						"1.2222": {
							"post": [0, 0, 0],
							"lerp_mode": "catmullrom"
						}
					}
				},
				"root": {
					"position": {
						"0.0": {
							"post": [0, 0, 0],
							"lerp_mode": "catmullrom"
						},
						"0.2222": {
							"post": [0, 0, -5],
							"lerp_mode": "catmullrom"
						},
						"0.5556": {
							"post": [0, 0, -4],
							"lerp_mode": "catmullrom"
						},
						"0.8889": {
							"post": [0, 0, 0],
							"lerp_mode": "catmullrom"
						}
					}
				}
			}
		},
		"inspect_empty": {
			"animation_length": 1.2222,
			"bones": {
				"lefthand": {
					"rotation": [109.80512, -8.72735, -179.16691],
					"position": [7.75, -17.2125, 4.15625],
					"scale": [0.9, 1.4, 0.9]
				},
				"righthand": {
					"rotation": [-264.97476, 6.2574, -176.94134],
					"position": {
						"0.0": [-6.9125, -16.625, 4.8875],
						"0.1667": [-6.91, -16.62, 6.89],
						"0.6667": [-6.91, -16.62, 6.39],
						"0.8333": [-6.9125, -16.625, 4.8875]
					},
					"scale": [0.9, 1.4, 0.9]
				},
				"constraint": {
					"rotation": [0.2, 0.2, 0.2],
					"position": [0.2, 0.2, 0.2]
				},
				"defaultgun": {
					"scale": 0.45
				},
				"lefthand_pos": {
					"rotation": {
						"0.0": {
							"post": [0, 0, 0],
							"lerp_mode": "catmullrom"
						},
						"0.4444": {
							"post": [-5, 6, 52.5],
							"lerp_mode": "catmullrom"
						},
						"0.8889": {
							"post": [-0.20309, 1.54224, 6.10838],
							"lerp_mode": "catmullrom"
						},
						"1.2222": {
							"post": [0, 0, 0],
							"lerp_mode": "catmullrom"
						}
					},
					"position": {
						"0.0": {
							"post": [0, 0, 1],
							"lerp_mode": "catmullrom"
						},
						"0.4444": {
							"post": [-7.9375, -2.1875, 0],
							"lerp_mode": "catmullrom"
						},
						"0.8889": {
							"post": [-5.95, -9.57, 2.3],
							"lerp_mode": "catmullrom"
						},
						"1.2222": {
							"post": [0, 0, 1],
							"lerp_mode": "catmullrom"
						}
					}
				},
				"righthand_pos": {
					"position": [0, 0, 1]
				},
				"roll": {
					"rotation": {
						"0.2222": {
							"pre": [0, 0, 0],
							"post": [0, 0, 0],
							"lerp_mode": "catmullrom"
						},
						"0.3333": {
							"post": [0, 0, -100],
							"lerp_mode": "catmullrom"
						},
						"0.4444": {
							"post": [0, 0, -360],
							"lerp_mode": "catmullrom"
						},
						"0.6667": {
							"post": [0, 0, -601.92],
							"lerp_mode": "catmullrom"
						},
						"1.0": {
							"post": [0, 0, -720],
							"lerp_mode": "catmullrom"
						}
					}
				},
				"camera": {
					"rotation": {
						"0.0": {
							"post": [0, 0, 0],
							"lerp_mode": "catmullrom"
						},
						"0.3333": {
							"post": [30.00706, -2.4786, -0.32652],
							"lerp_mode": "catmullrom"
						},
						"0.8889": {
							"post": [26.02, -2.15, -0.28],
							"lerp_mode": "catmullrom"
						},
						"1.2222": {
							"post": [0, 0, 0],
							"lerp_mode": "catmullrom"
						}
					},
					"position": {
						"0.0": {
							"post": [0, 0, 0],
							"lerp_mode": "catmullrom"
						},
						"0.3333": {
							"post": [0, 0, 13],
							"lerp_mode": "catmullrom"
						},
						"0.8889": {
							"post": [0, 0, 11.27],
							"lerp_mode": "catmullrom"
						},
						"1.2222": {
							"post": [0, 0, 0],
							"lerp_mode": "catmullrom"
						}
					}
				},
				"gunr": {
					"rotation": {
						"0.0": {
							"post": [0, 0, 0],
							"lerp_mode": "catmullrom"
						},
						"0.2222": {
							"post": [-17.03799, -5.66104, 81.45857],
							"lerp_mode": "catmullrom"
						},
						"0.5": {
							"post": [-13.34958, -14.97161, 48.87734],
							"lerp_mode": "catmullrom"
						},
						"0.8889": {
							"post": [-4.67, -5.99, 34.57],
							"lerp_mode": "catmullrom"
						},
						"1.2222": {
							"post": [0, 0, 0],
							"lerp_mode": "catmullrom"
						}
					},
					"position": {
						"0.0": {
							"post": [0, 0, 0],
							"lerp_mode": "catmullrom"
						},
						"0.2778": {
							"post": [-5, 4, 3],
							"lerp_mode": "catmullrom"
						},
						"0.4444": {
							"post": [-6.1075, 0.25, 3.28],
							"lerp_mode": "catmullrom"
						},
						"0.7778": {
							"post": [-7, 0, 3],
							"lerp_mode": "catmullrom"
						},
						"1.2222": {
							"post": [0, 0, 0],
							"lerp_mode": "catmullrom"
						}
					}
				},
				"root": {
					"position": {
						"0.0": {
							"post": [0, 0, 0],
							"lerp_mode": "catmullrom"
						},
						"0.2222": {
							"post": [0, 0, -5],
							"lerp_mode": "catmullrom"
						},
						"0.5556": {
							"post": [0, 0, -4],
							"lerp_mode": "catmullrom"
						},
						"0.8889": {
							"post": [0, 0, 0],
							"lerp_mode": "catmullrom"
						}
					}
				}
			}
		},
		"shoot": {
			"animation_length": 0.6667,
			"bones": {
				"slide2": {
					"position": {
						"0.0": [0, 0, 0],
						"0.0333": [0, 0, 3],
						"0.0667": [0, 0, 0]
					}
				},
				"bullet_in_barrel": {
					"scale": {
						"0.0": [0, 0, 0],
						"0.0667": [0, 0, 0],
						"0.1": [1, 1, 1]
					}
				},
				"constraint": {
					"rotation": {
						"0.0333": [0.1, 0.1, 0.1],
						"0.3333": [0.7, 0.7, 0.7]
					},
					"position": {
						"0.0333": [0.1, 0.1, 0.1],
						"0.3333": [0.4, 0.4, 0.4]
					}
				},
				"camera": {
					"rotation": {
						"0.1": [0, 0, 0],
						"0.1333": [0, 0, 3.15],
						"0.1667": [0, 0, -2.29],
						"0.2": [0, 0, 1.94],
						"0.2333": [0, 0, -0.96],
						"0.2667": [0, 0, 0.6],
						"0.3": [0, 0, -0.32],
						"0.3333": [0, 0, 0]
					}
				},
				"root": {
					"rotation": {
						"0.0": {
							"post": [0, 0, 0],
							"lerp_mode": "catmullrom"
						},
						"0.1333": {
							"post": [-16.61808, 0, -2.5],
							"lerp_mode": "catmullrom"
						},
						"0.2333": {
							"post": [-25, 0, 0],
							"lerp_mode": "catmullrom"
						},
						"0.4": {
							"post": [-12.71264, 0, 3.65627],
							"lerp_mode": "catmullrom"
						},
						"0.4667": {
							"post": [-3.37, 0, 0.55],
							"lerp_mode": "catmullrom"
						},
						"0.5667": {
							"post": [0, 0, 0],
							"lerp_mode": "catmullrom"
						}
					},
					"position": {
						"0.0": {
							"post": [0, 0, 0],
							"lerp_mode": "catmullrom"
						},
						"0.2333": {
							"post": [0, -1.5, 3.5],
							"lerp_mode": "catmullrom"
						},
						"0.5667": {
							"post": [0, 0, 0],
							"lerp_mode": "catmullrom"
						}
					}
				},
				"roll": {
					"rotation": {
						"0.0": {
							"post": [0, 0, 0],
							"lerp_mode": "catmullrom"
						},
						"0.0667": {
							"post": [0, 0, 60],
							"lerp_mode": "catmullrom"
						}
					}
				},
				"hammer": {
					"rotation": {
						"0.0": {
							"post": [0, 0, 0],
							"lerp_mode": "catmullrom"
						},
						"0.0667": {
							"post": [-25, 0, 0],
							"lerp_mode": "catmullrom"
						},
						"0.1": {
							"post": [0, 0, 0],
							"lerp_mode": "catmullrom"
						}
					}
				}
			},
			"sound_effects": {
				"0.0": {
					"effect": "weap_decho_fire_first_plr_03"
				},
				"0.0333": {
					"effect": "weap_deagle_fire_npc_mech_02"
				}
			}
		},
		"reload_tactical": {
			"loop": "hold_on_last_frame",
			"animation_length": 3.7667,
			"bones": {
				"lefthand": {
					"rotation": {
						"0.0": [109.80512, -8.72735, -179.16691],
						"0.8333": [111.59, -22.9, -184.85],
						"1.1": [112.16748, -27.4288, -186.66893],
						"1.4667": [111.64, -23.27, -185],
						"1.6667": [112.16748, -27.4288, -186.66893],
						"1.9": [121.54084, -27.57699, -212.01724],
						"2.0333": [121.54084, -27.57699, -212.01724],
						"2.2667": [109.80512, -8.72735, -179.16691],
						"2.8": [109.80512, -8.72735, -179.16691],
						"3.0": [111.70644, -25.10975, -185.62747],
						"3.2": [111.70644, -25.10975, -185.62747],
						"3.4": [111.70644, -25.10975, -185.62747],
						"3.7667": [109.80512, -8.72735, -179.16691]
					},
					"position": {
						"0.0": [7.75, -17.2125, 4.15625],
						"0.5": [7.75, -21.21, 5.16],
						"0.8333": [7.75, -19.21, 1.16],
						"1.1": [6.875, -16.01, 2.16],
						"1.4667": [7.2025, -16.28, 3.8],
						"1.6667": [8.25, -16.01, 1.41],
						"1.9": [7.75, -30.21, 1.16],
						"2.0333": [7.75, -30.21, 1.16],
						"2.2667": [7.75, -17.2125, 5.15625],
						"2.5333": [7.46658, -17.07742, 2.17142],
						"2.8": [9.72177, -16.92661, 4.98194],
						"3.0": [9.22093, -15.48283, 2.99301],
						"3.2": [8.70443, -15.2402, 2.16178],
						"3.4": [9.17425, -14.98822, 1.99142],
						"3.7667": [7.75, -17.2125, 4.15625]
					},
					"scale": {
						"0.0": [0.9, 1.4, 0.9],
						"3.7667": [0.9, 1.4, 0.9]
					}
				},
				"righthand": {
					"rotation": {
						"0.0": [-264.97476, 6.2574, -176.94134],
						"3.7": [-264.97476, 6.2574, -176.94134],
						"3.7667": [-264.97476, 6.2574, -176.94134]
					},
					"position": {
						"0.0": [-6.9125, -16.625, 4.8875],
						"0.1333": {
							"pre": [-6.9125, -16.625, 4.8875],
							"post": [-6.9125, -16.625, 4.8875],
							"lerp_mode": "catmullrom"
						},
						"0.9667": {
							"post": [-7.7225, -16.62, 4.89],
							"lerp_mode": "catmullrom"
						},
						"3.0667": {
							"post": [-7.7225, -16.62, 4.89],
							"lerp_mode": "catmullrom"
						},
						"3.5": {
							"post": [-6.9125, -16.625, 4.8875],
							"lerp_mode": "catmullrom"
						},
						"3.7667": [-6.9125, -16.625, 4.8875]
					},
					"scale": {
						"0.0": [0.9, 1.4, 0.9],
						"2.5667": [1, 1.3, 1],
						"3.7667": [0.9, 1.4, 0.9]
					}
				},
				"defaultgun": {
					"scale": 0.45
				},
				"mag": {
					"rotation": {
						"0.3667": [0, 0, 0],
						"0.6667": [0, 0, 100],
						"2.8667": [0, 0, 100],
						"3.2": [0, 0, 0]
					},
					"position": {
						"0.3667": [0, 0, 0],
						"3.2": [0, 0, 0]
					}
				},
				"cylinder_bullets": {
					"rotation": [0, 0, 0],
					"position": {
						"1.1": [0, 0, 0],
						"1.4333": [0, 0, 3],
						"2.5": [0, 0, 3],
						"2.5333": {
							"pre": [0, 0, 3],
							"post": [0, 0, 0]
						}
					}
				},
				"b7": {
					"rotation": {
						"1.2667": [0, 0, 0],
						"1.4333": [1.98782, 4.56803, 0.51534],
						"1.5333": [83.81002, 61.8415, 66.05725],
						"2.5333": [0, 0, 0]
					},
					"position": {
						"1.3": [0, 0, 0],
						"1.4333": [0, 0, 0],
						"1.8333": [28.48253, 12.23706, 0],
						"2.5": [28.48253, 12.23706, 0],
						"2.5333": {
							"pre": [28.48253, 12.23706, 0],
							"post": [0, 0, 0]
						}
					}
				},
				"b2": {
					"rotation": {
						"1.3": [0, 0, 0],
						"1.4333": [3.41372, 7.75357, 0.97358],
						"1.5333": [48.27693, 56.08789, 33.64432],
						"2.5333": [0, 0, 0]
					},
					"position": {
						"1.3": [0, 0, 0],
						"1.4333": [0, 0, 0],
						"1.8333": [27.56374, 11.84232, 0],
						"2.5": [27.56374, 11.84232, 0],
						"2.5333": {
							"pre": [27.56374, 11.84232, 0],
							"post": [0, 0, 0]
						}
					}
				},
				"b3": {
					"rotation": {
						"1.3": [0, 0, 0],
						"1.4333": [4.03619, 9.11512, 1.19563],
						"1.5333": [73.37411, 61.36193, 56.4353],
						"2.5333": [0, 0, 0]
					},
					"position": {
						"1.3": [0, 0, 0],
						"1.4333": [0, 0, 0],
						"1.8333": [26.64495, 11.44757, 0],
						"2.5": [26.64495, 11.44757, 0],
						"2.5333": {
							"pre": [26.64495, 11.44757, 0],
							"post": [0, 0, 0]
						}
					}
				},
				"b4": {
					"rotation": {
						"1.3": [0, 0, 0],
						"1.4333": [1.79459, 4.17731, 5.48161],
						"1.5333": [72.92571, 61.32685, 58.5323],
						"2.5333": [0, 0, 0]
					},
					"position": {
						"1.3": [0, 0, 0],
						"1.4333": [0, 0, 0],
						"1.8333": [28.48253, 12.23706, 0],
						"2.5": [28.48253, 12.23706, 0],
						"2.5333": {
							"pre": [28.48253, 12.23706, 0],
							"post": [0, 0, 0]
						}
					}
				},
				"b5": {
					"rotation": {
						"1.3": [0, 0, 0],
						"1.4333": [2.80663, 6.45494, 5.79249],
						"1.5333": [92.77756, 56.56012, 74.85956],
						"2.5333": [0, 0, 0]
					},
					"position": {
						"1.3": [0, 0, 0],
						"1.4333": [0, 0, 0],
						"1.8333": [29.40132, 12.6318, 0],
						"2.5": [29.40132, 12.6318, 0],
						"2.5333": {
							"pre": [29.40132, 12.6318, 0],
							"post": [0, 0, 0]
						}
					}
				},
				"b6": {
					"rotation": {
						"1.3": [0, 0, 0],
						"1.4333": [5.29684, 5.81922, 1.08726],
						"1.5333": [36.1845, 48.113, 21.04261],
						"2.5333": [0, 0, 0]
					},
					"position": {
						"1.3": [0, 0, 0],
						"1.4333": [0, 0, 0],
						"1.8333": [30.32011, 13.02655, 0],
						"2.5": [30.32011, 13.02655, 0],
						"2.5333": {
							"pre": [30.32011, 13.02655, 0],
							"post": [0, 0, 0]
						}
					}
				},
				"lefthand_pos": {
					"rotation": {
						"0.0": [0, 0, 0],
						"1.0": [0, 0, 37.5],
						"2.1": [0, 0, 45],
						"3.7667": [0, 0, 0]
					},
					"position": {
						"0.0": [0, 0, 1],
						"1.0": [-10, 1, 0],
						"2.1": [-9.68792, -3.28578, -1.84187],
						"2.5": [-6.53485, -2.86923, -1.28894],
						"2.8333": [-4.58861, -2.45713, 1.26324],
						"3.0": [-3.28072, -1.38543, -0.3152],
						"3.2": [-1.69949, -1.245, -0.56347],
						"3.7667": [0, 0, 1]
					}
				},
				"righthand_pos": {
					"position": [0, 0, 1]
				},
				"camera": {
					"rotation": {
						"0.0": [0, 0, 0],
						"0.0333": [-0.01, 0, 0],
						"0.0667": [-0.03, 0, 0.01],
						"0.1": [-0.01, 0, 0.01],
						"0.1333": [0.08, 0, -0.03],
						"0.1667": [0.25, 0.01, -0.1],
						"0.2": [0.49, 0.02, -0.19],
						"0.2333": [0.76, 0.03, -0.3],
						"0.2667": [1, 0.04, -0.4],
						"0.3": [1.18, 0.05, -0.47],
						"0.3333": [1.27, 0.05, -0.52],
						"0.3667": [1.32, 0.05, -0.55],
						"0.4": [1.34, 0.05, -0.56],
						"0.4333": [1.33, 0.05, -0.57],
						"0.4667": [1.32, 0.05, -0.58],
						"0.5": [1.27, 0.05, -0.63],
						"0.5333": [1.18, 0.05, -0.67],
						"0.5667": [1.03, 0.05, -0.6],
						"0.6": [0.57, 0.05, -0.01],
						"0.6333": [0.26, 0.05, 0.38],
						"0.6667": [0.47, 0.05, -0.06],
						"0.7": [0.86, 0.06, -0.78],
						"0.7333": [1.1, 0.06, -1.23],
						"0.7667": [1.05, 0.06, -1.16],
						"0.8": [0.89, 0.07, -0.87],
						"0.8333": [0.71, 0.07, -0.54],
						"0.8667": [0.59, 0.07, -0.35],
						"0.9": [0.55, 0.07, -0.36],
						"0.9333": [0.57, 0.07, -0.48],
						"0.9667": [0.6, 0.07, -0.62],
						"1.0": [0.64, 0.07, -0.71],
						"1.0333": [0.66, 0.07, -0.74],
						"1.0667": [0.69, 0.06, -0.75],
						"1.1": [0.74, 0.05, -0.71],
						"1.1333": [0.84, 0.05, -0.6],
						"1.1667": [1.27, 0.05, 0.07],
						"1.2": [1.58, 0.05, 0.5],
						"1.2333": [1.4, 0.05, 0.03],
						"1.2667": [1.05, 0.05, -0.76],
						"1.3": [0.81, 0.05, -1.25],
						"1.3333": [0.84, 0.05, -1.08],
						"1.3667": [0.98, 0.05, -0.61],
						"1.4": [1.03, 0.05, -0.25],
						"1.4333": [0.95, 0.04, -0.21],
						"1.4667": [0.81, 0.04, -0.26],
						"1.5": [0.64, 0.03, -0.33],
						"1.5333": [0.48, 0.02, -0.32],
						"1.5667": [0.32, 0.01, -0.18],
						"1.6": [0.16, 0.01, 0.03],
						"1.6333": [0.01, 0, 0.23],
						"1.6667": [-0.07, 0, 0.33],
						"1.7": [-0.07, 0, 0.2],
						"1.7333": [0.02, 0, -0.06],
						"1.7667": [0.08, 0, -0.22],
						"1.8": [0.06, 0, -0.18],
						"1.8333": [0.01, 0, -0.05],
						"1.8667": [-0.02, 0, 0.05],
						"1.9": [-0.03, 0, 0.06],
						"1.9333": [-0.02, 0, 0.04],
						"1.9667": [-0.01, 0, 0.02],
						"2.0": [-0.01, 0, 0],
						"2.0333": [-0.03, 0, 0.01],
						"2.0667": [-0.01, 0, 0.01],
						"2.1": [0.08, 0, -0.03],
						"2.1333": [0.25, 0.01, -0.1],
						"2.1667": [0.49, 0.02, -0.19],
						"2.2": [0.76, 0.03, -0.3],
						"2.2333": [1, 0.04, -0.4],
						"2.2667": [1.18, 0.05, -0.47],
						"2.3": [1.27, 0.05, -0.52],
						"2.3333": [1.32, 0.05, -0.55],
						"2.3667": [1.34, 0.05, -0.56],
						"2.4": [1.33, 0.05, -0.57],
						"2.4333": [1.32, 0.05, -0.58],
						"2.4667": [1.27, 0.05, -0.63],
						"2.5": [1.18, 0.05, -0.67],
						"2.5333": [1.03, 0.05, -0.6],
						"2.5667": [0.57, 0.05, -0.01],
						"2.6": [0.26, 0.05, 0.38],
						"2.6333": [0.47, 0.05, -0.06],
						"2.6667": [0.86, 0.06, -0.78],
						"2.7": [1.1, 0.06, -1.23],
						"2.7333": [1.05, 0.06, -1.16],
						"2.7667": [0.89, 0.07, -0.87],
						"2.8": [0.71, 0.07, -0.54],
						"2.8333": [0.59, 0.07, -0.35],
						"2.8667": [0.55, 0.07, -0.36],
						"2.9": [0.57, 0.07, -0.48],
						"2.9333": [0.6, 0.07, -0.62],
						"2.9667": [0.64, 0.07, -0.71],
						"3.0": [0.66, 0.07, -0.74],
						"3.0333": [0.69, 0.06, -0.75],
						"3.0667": [0.74, 0.05, -0.71],
						"3.1": [0.84, 0.05, -0.6],
						"3.1333": [1.27, 0.05, 0.07],
						"3.1667": [1.58, 0.05, 0.5],
						"3.2": [1.4, 0.05, 0.03],
						"3.2333": [1.05, 0.05, -0.76],
						"3.2667": [0.81, 0.05, -1.25],
						"3.3": [0.84, 0.05, -1.08],
						"3.3333": [0.98, 0.05, -0.61],
						"3.3667": [1.03, 0.05, -0.25],
						"3.4": [0.95, 0.04, -0.21],
						"3.4333": [0.81, 0.04, -0.26],
						"3.4667": [0.64, 0.03, -0.33],
						"3.5": [0.48, 0.02, -0.32],
						"3.5333": [0.32, 0.01, -0.18],
						"3.5667": [0.16, 0.01, 0.03],
						"3.6": [0.01, 0, 0.23],
						"3.6333": [-0.07, 0, 0.33],
						"3.6667": [-0.07, 0, 0.2],
						"3.7": [0.02, 0, -0.06],
						"3.7333": [0.08, 0, -0.22],
						"3.7667": [0, 0, 0]
					},
					"position": {
						"0.0": [0, 0, 0],
						"3.7667": [0, 0, 0]
					}
				},
				"root": {
					"rotation": {
						"0.0": [0, 0, 0],
						"0.1333": {
							"pre": [-0.32902, 7.49282, -2.52154],
							"post": [-0.32902, 7.49282, -2.52154],
							"lerp_mode": "catmullrom"
						},
						"0.2": {
							"post": [-0.49333, 7.48385, -3.78227],
							"lerp_mode": "catmullrom"
						},
						"0.3667": {
							"post": [-1.08482, -4.88119, 12.54624],
							"lerp_mode": "catmullrom"
						},
						"0.4667": {
							"post": [-1.14877, -4.86657, 13.29882],
							"lerp_mode": "catmullrom"
						},
						"1.1": {
							"post": [-1.14877, -4.86657, 13.29882],
							"lerp_mode": "catmullrom"
						},
						"1.4333": [-4.07601, -4.17045, 13.52949],
						"2.4": [-2.34, -4.58, 13.39],
						"2.5333": [-0.14827, -5.09708, 13.206],
						"3.1": [-1.14877, -4.86657, 5.79882],
						"3.2333": [0, 0, -2],
						"3.7667": [0, 0, 0]
					},
					"position": {
						"0.0": [0, 0, 0],
						"3.7667": [0, 0, 0]
					}
				},
				"gunr": {
					"rotation": {
						"0.0": {
							"post": [0, 0, 0],
							"lerp_mode": "catmullrom"
						},
						"0.2333": {
							"post": [-2.66399, 14.76689, -10.34527],
							"lerp_mode": "catmullrom"
						},
						"0.3667": {
							"post": [0, 0, 0],
							"lerp_mode": "catmullrom"
						},
						"0.8333": [0, 0, 0]
					}
				},
				"roll": {
					"rotation": {
						"0.6": [0, 0, 0],
						"0.8333": [0, 0, 14.29],
						"1.0667": [0, 0, 20],
						"1.4333": [0, 0, 0]
					}
				},
				"hexadecagon": {
					"position": {
						"1.1": {
							"pre": [0, 0, 0],
							"post": [0, 0, 0],
							"lerp_mode": "catmullrom"
						},
						"1.4": {
							"post": [0, 0, 1],
							"lerp_mode": "catmullrom"
						},
						"1.7": {
							"post": [0, 0, 0],
							"lerp_mode": "catmullrom"
						}
					}
				},
				"group5": {
					"position": {
						"1.1": {
							"pre": [0, 0, 0],
							"post": [0, 0, 0],
							"lerp_mode": "catmullrom"
						},
						"1.4": {
							"post": [0, 0, 1],
							"lerp_mode": "catmullrom"
						},
						"1.7": {
							"post": [0, 0, 0],
							"lerp_mode": "catmullrom"
						}
					}
				}
			}
		},
		"reload_empty": {
			"loop": "hold_on_last_frame",
			"animation_length": 4.4,
			"bones": {
				"additional_magazine": {
					"rotation": {
						"0.6": [0, 0, 0],
						"0.6667": [0, 0, 0],
						"0.7333": [7.21429, 0, 1.28571],
						"0.8667": [-68, 0, 6],
						"1.1333": [-68, 0, 6],
						"1.2": [38.06829, 1.32587, 18.69847],
						"1.2333": [43.06829, 1.32587, 18.69847],
						"1.3": [38.06829, 1.32587, 18.69847],
						"1.4667": [-67.08302, -12.49222, -7.50082],
						"1.6": [-136.4378, -25.44441, 5.75809]
					},
					"position": {
						"0.6": [0, 0, 0],
						"0.6667": [0, -5.8875, 1.3625],
						"0.7667": [0.9, -6.76, 2.0275],
						"0.8333": [1.175, -7.295, 4.3125],
						"0.8667": [1.21, -7.8175, 4.905],
						"1.0333": [1.385, -7.205, 2.9075],
						"1.1333": [1.4875, -7.1575, 3.575],
						"1.2": [1.9375, -2.57, -2.5625],
						"1.2333": [1.9375, -2.42, -2.625],
						"1.3": [1.9375, -2.57, -2.5625],
						"1.4": [3.97351, -3.51221, 1.01549],
						"1.5333": [3.50738, -10.86034, 3.76493]
					},
					"scale": {
						"1.6": [1, 1, 1],
						"1.6333": [0, 0, 0]
					}
				},
				"mag_and_lefthand": {
					"rotation": {
						"0.0": [0, 0, 0],
						"0.3667": [-11.30075, 14.21245, 5.23023],
						"0.5333": [74.43377, 21.1167, 1.06218],
						"0.6": [74.43377, 21.1167, 1.06218],
						"0.6667": [61.83, 21.12, 1.06],
						"0.7333": [61.83, 21.12, 1.06],
						"0.8333": [16, 0, 0],
						"0.9333": [0, 0, 0],
						"1.0333": [-11, 0, 0],
						"1.1333": [0, 0, 0],
						"1.2": [0, 0, 0]
					},
					"position": {
						"0.0": [0, 0, 0],
						"0.1333": [-0.64982, -15.94911, 3.58202],
						"0.2667": [-0.64982, -15.94911, 3.58202],
						"0.3667": [-1.80999, -11.82526, 4.16541],
						"0.4333": [-4.84042, -6.79785, 1.52705],
						"0.5333": [-2.925, -3.5125, -2.485],
						"0.6": [-2.925, -3.5125, -2.485],
						"0.6667": [-2.925, -8.075, -1.3975],
						"0.7667": [-1.46, -7.8625, -0.03],
						"0.8667": [0, -5.725, 1.3375],
						"1.0333": [0, -5.0125, 0.7525],
						"1.1333": [0, -4.4125, 1.1125],
						"1.2": [0, 0, 0]
					}
				},
				"lefthand": {
					"rotation": {
						"0.0": [109.80512, -8.72735, -179.16691],
						"0.8333": [111.59, -22.9, -184.85],
						"1.1": [112.16748, -27.4288, -186.66893],
						"1.4667": [111.64, -23.27, -185],
						"1.6667": [112.16748, -27.4288, -186.66893],
						"1.9": [121.54084, -27.57699, -212.01724],
						"2.0333": [121.54084, -27.57699, -212.01724],
						"2.2667": [109.80512, -8.72735, -179.16691],
						"2.8": [109.80512, -8.72735, -179.16691],
						"3.0": [111.70644, -25.10975, -185.62747],
						"3.2": [111.70644, -25.10975, -185.62747],
						"3.8333": [127.8952, -13.3306, -180.99977],
						"3.9667": [111.93, -9.27, -179.38],
						"4.4": [109.80512, -8.72735, -179.16691]
					},
					"position": {
						"0.0": [7.75, -17.2125, 4.15625],
						"0.5": [7.75, -21.21, 5.16],
						"0.8333": [7.75, -19.21, 1.16],
						"1.1": [6.875, -16.01, 2.16],
						"1.4667": [7.2025, -16.28, 3.8],
						"1.6667": [8.25, -16.01, 1.41],
						"1.9": [7.75, -30.21, 1.16],
						"2.0333": [7.75, -30.21, 1.16],
						"2.2667": [7.75, -17.2125, 5.15625],
						"2.5333": [7.46658, -17.07742, 2.17142],
						"2.8": [11.07708, -16.78121, 2.20808],
						"3.0": [9.17425, -14.98822, 1.99142],
						"3.2": [9.09602, -15.15487, 2.94389],
						"3.4": [9.17425, -14.98822, 1.99142],
						"3.8333": [8.76805, -14.70235, 3.35382],
						"3.9667": [9.93017, -19.89199, 4.94814],
						"4.4": [7.75, -17.2125, 4.15625]
					},
					"scale": {
						"0.0": [0.9, 1.4, 0.9],
						"4.4": [0.9, 1.4, 0.9]
					}
				},
				"righthand": {
					"rotation": {
						"0.0": [-264.97476, 6.2574, -176.94134],
						"3.7": [-264.97476, 6.2574, -176.94134],
						"4.4": [-264.97476, 6.2574, -176.94134]
					},
					"position": {
						"0.0": [-6.9125, -16.625, 4.8875],
						"0.1333": {
							"pre": [-6.9125, -16.625, 4.8875],
							"post": [-6.9125, -16.625, 4.8875],
							"lerp_mode": "catmullrom"
						},
						"0.9667": {
							"post": [-7.7225, -16.62, 4.89],
							"lerp_mode": "catmullrom"
						},
						"3.0667": {
							"post": [-7.7225, -16.62, 4.89],
							"lerp_mode": "catmullrom"
						},
						"3.5": {
							"post": [-6.9125, -16.625, 4.8875],
							"lerp_mode": "catmullrom"
						},
						"3.7": [-6.9125, -16.625, 4.8875],
						"4.4": [-6.9125, -16.625, 4.8875]
					},
					"scale": {
						"0.0": [0.9, 1.4, 0.9],
						"2.5667": [1, 1.3, 1],
						"4.4": [0.9, 1.4, 0.9]
					}
				},
				"bullet": {
					"scale": 1
				},
				"defaultgun": {
					"scale": 0.45
				},
				"mag": {
					"rotation": {
						"0.3667": [0, 0, 0],
						"0.6667": [0, 0, 100],
						"2.8667": [0, 0, 100],
						"3.2": [0, 0, 0]
					},
					"position": {
						"0.3667": [0, 0, 0],
						"3.2": [0, 0, 0]
					}
				},
				"cylinder_bullets": {
					"rotation": [0, 0, 0],
					"position": {
						"1.1": [0, 0, 0],
						"1.4333": [0, 0, 3],
						"2.5": [0, 0, 3],
						"2.5333": {"pre": [0, 0, 3], "post": [0, 0, 0]}
					}
				},
				"b7": {
					"rotation": {
						"1.2667": [0, 0, 0],
						"1.4333": [1.98782, 4.56803, 0.51534],
						"1.5333": [83.81002, 61.8415, 66.05725],
						"2.5333": [0, 0, 0]
					},
					"position": {
						"1.3": [0, 0, 0],
						"1.4333": [0, 0, 0],
						"1.8333": [28.48253, 12.23706, 0],
						"2.5": [28.48253, 12.23706, 0],
						"2.5333": {"pre": [28.48253, 12.23706, 0], "post": [0, 0, 0]}
					}
				},
				"b2": {
					"rotation": {
						"1.3": [0, 0, 0],
						"1.4333": [3.41372, 7.75357, 0.97358],
						"1.5333": [48.27693, 56.08789, 33.64432],
						"2.5333": [0, 0, 0]
					},
					"position": {
						"1.3": [0, 0, 0],
						"1.4333": [0, 0, 0],
						"1.8333": [27.56374, 11.84232, 0],
						"2.5": [27.56374, 11.84232, 0],
						"2.5333": {"pre": [27.56374, 11.84232, 0], "post": [0, 0, 0]}
					}
				},
				"b3": {
					"rotation": {
						"1.3": [0, 0, 0],
						"1.4333": [4.03619, 9.11512, 1.19563],
						"1.5333": [73.37411, 61.36193, 56.4353],
						"2.5333": [0, 0, 0]
					},
					"position": {
						"1.3": [0, 0, 0],
						"1.4333": [0, 0, 0],
						"1.8333": [26.64495, 11.44757, 0],
						"2.5": [26.64495, 11.44757, 0],
						"2.5333": {"pre": [26.64495, 11.44757, 0], "post": [0, 0, 0]}
					}
				},
				"b4": {
					"rotation": {
						"1.3": [0, 0, 0],
						"1.4333": [1.79459, 4.17731, 5.48161],
						"1.5333": [72.92571, 61.32685, 58.5323],
						"2.5333": [0, 0, 0]
					},
					"position": {
						"1.3": [0, 0, 0],
						"1.4333": [0, 0, 0],
						"1.8333": [28.48253, 12.23706, 0],
						"2.5": [28.48253, 12.23706, 0],
						"2.5333": {"pre": [28.48253, 12.23706, 0], "post": [0, 0, 0]}
					}
				},
				"b5": {
					"rotation": {
						"1.3": [0, 0, 0],
						"1.4333": [2.80663, 6.45494, 5.79249],
						"1.5333": [92.77756, 56.56012, 74.85956],
						"2.5333": [0, 0, 0]
					},
					"position": {
						"1.3": [0, 0, 0],
						"1.4333": [0, 0, 0],
						"1.8333": [29.40132, 12.6318, 0],
						"2.5": [29.40132, 12.6318, 0],
						"2.5333": {"pre": [29.40132, 12.6318, 0], "post": [0, 0, 0]}
					}
				},
				"b6": {
					"rotation": {
						"1.3": [0, 0, 0],
						"1.4333": [5.29684, 5.81922, 1.08726],
						"1.5333": [36.1845, 48.113, 21.04261],
						"2.5333": [0, 0, 0]
					},
					"position": {
						"1.3": [0, 0, 0],
						"1.4333": [0, 0, 0],
						"1.8333": [30.32011, 13.02655, 0],
						"2.5": [30.32011, 13.02655, 0],
						"2.5333": {"pre": [30.32011, 13.02655, 0], "post": [0, 0, 0]}
					}
				},
				"lefthand_pos": {
					"rotation": {
						"0.0": [0, 0, 0],
						"1.0": [0, 0, 37.5],
						"2.1": [0, 0, 45],
						"4.4": [0, 0, 0]
					},
					"position": {
						"0.0": [0, 0, 1],
						"1.0": [-10, 1, 0],
						"2.1": [-9.68792, -3.28578, -1.84187],
						"2.5": [-6.53485, -2.86923, -1.28894],
						"2.7667": [-4.90842, -2.11278, -0.79554],
						"2.8333": [-4.58861, -2.45713, 1.26324],
						"3.0": [-3.28072, -1.38543, -0.3152],
						"4.4": [0, 0, 1]
					}
				},
				"righthand_pos": {
					"position": [0, 0, 1]
				},
				"camera": {
					"rotation": {
						"0.0": [0, 0, 0],
						"0.0333": [-0.01, 0, 0],
						"0.0667": [-0.03, 0, 0.01],
						"0.1": [-0.01, 0, 0.01],
						"0.1333": [0.08, 0, -0.03],
						"0.1667": [0.25, 0.01, -0.1],
						"0.2": [0.49, 0.02, -0.19],
						"0.2333": [0.76, 0.03, -0.3],
						"0.2667": [1, 0.04, -0.4],
						"0.3": [1.18, 0.05, -0.47],
						"0.3333": [1.27, 0.05, -0.52],
						"0.3667": [1.32, 0.05, -0.55],
						"0.4": [1.34, 0.05, -0.56],
						"0.4333": [1.33, 0.05, -0.57],
						"0.4667": [1.32, 0.05, -0.58],
						"0.5": [1.27, 0.05, -0.63],
						"0.5333": [1.18, 0.05, -0.67],
						"0.5667": [1.03, 0.05, -0.6],
						"0.6": [0.57, 0.05, -0.01],
						"0.6333": [0.26, 0.05, 0.38],
						"0.6667": [0.47, 0.05, -0.06],
						"0.7": [0.86, 0.06, -0.78],
						"0.7333": [1.1, 0.06, -1.23],
						"0.7667": [1.05, 0.06, -1.16],
						"0.8": [0.89, 0.07, -0.87],
						"0.8333": [0.71, 0.07, -0.54],
						"0.8667": [0.59, 0.07, -0.35],
						"0.9": [0.55, 0.07, -0.36],
						"0.9333": [0.57, 0.07, -0.48],
						"0.9667": [0.6, 0.07, -0.62],
						"1.0": [0.64, 0.07, -0.71],
						"1.0333": [0.66, 0.07, -0.74],
						"1.0667": [0.69, 0.06, -0.75],
						"1.1": [0.74, 0.05, -0.71],
						"1.1333": [0.84, 0.05, -0.6],
						"1.1667": [1.27, 0.05, 0.07],
						"1.2": [1.58, 0.05, 0.5],
						"1.2333": [1.4, 0.05, 0.03],
						"1.2667": [1.05, 0.05, -0.76],
						"1.3": [0.81, 0.05, -1.25],
						"1.3333": [0.84, 0.05, -1.08],
						"1.3667": [0.98, 0.05, -0.61],
						"1.4": [1.03, 0.05, -0.25],
						"1.4333": [0.95, 0.04, -0.21],
						"1.4667": [0.81, 0.04, -0.26],
						"1.5": [0.64, 0.03, -0.33],
						"1.5333": [0.48, 0.02, -0.32],
						"1.5667": [0.32, 0.01, -0.18],
						"1.6": [0.16, 0.01, 0.03],
						"1.6333": [0.01, 0, 0.23],
						"1.6667": [-0.07, 0, 0.33],
						"1.7": [-0.07, 0, 0.2],
						"1.7333": [0.02, 0, -0.06],
						"1.7667": [0.08, 0, -0.22],
						"1.8": [0.06, 0, -0.18],
						"1.8333": [0.01, 0, -0.05],
						"1.8667": [-0.02, 0, 0.05],
						"1.9": [-0.03, 0, 0.06],
						"1.9333": [-0.02, 0, 0.04],
						"1.9667": [-0.01, 0, 0.02],
						"2.0": [-0.01, 0, 0],
						"2.0333": [-0.03, 0, 0.01],
						"2.0667": [-0.01, 0, 0.01],
						"2.1": [0.08, 0, -0.03],
						"2.1333": [0.25, 0.01, -0.1],
						"2.1667": [0.49, 0.02, -0.19],
						"2.2": [0.76, 0.03, -0.3],
						"2.2333": [1, 0.04, -0.4],
						"2.2667": [1.18, 0.05, -0.47],
						"2.3": [1.27, 0.05, -0.52],
						"2.3333": [1.32, 0.05, -0.55],
						"2.3667": [1.34, 0.05, -0.56],
						"2.4": [1.33, 0.05, -0.57],
						"2.4333": [1.32, 0.05, -0.58],
						"2.4667": [1.27, 0.05, -0.63],
						"2.5": [1.18, 0.05, -0.67],
						"2.5333": [1.03, 0.05, -0.6],
						"2.5667": [0.57, 0.05, -0.01],
						"2.6": [0.26, 0.05, 0.38],
						"2.6333": [0.47, 0.05, -0.06],
						"2.6667": [0.86, 0.06, -0.78],
						"2.7": [1.1, 0.06, -1.23],
						"2.7333": [1.05, 0.06, -1.16],
						"2.7667": [0.89, 0.07, -0.87],
						"2.8": [0.71, 0.07, -0.54],
						"2.8333": [0.59, 0.07, -0.35],
						"2.8667": [0.55, 0.07, -0.36],
						"2.9": [0.57, 0.07, -0.48],
						"2.9333": [0.6, 0.07, -0.62],
						"2.9667": [0.64, 0.07, -0.71],
						"3.0": [0.66, 0.07, -0.74],
						"3.0333": [0.69, 0.06, -0.75],
						"3.0667": [0.74, 0.05, -0.71],
						"3.1": [0.84, 0.05, -0.6],
						"3.1333": [1.27, 0.05, 0.07],
						"3.1667": [1.58, 0.05, 0.5],
						"3.2": [1.4, 0.05, 0.03],
						"3.2333": [1.05, 0.05, -0.76],
						"3.2667": [0.81, 0.05, -1.25],
						"3.3": [0.84, 0.05, -1.08],
						"3.3333": [0.98, 0.05, -0.61],
						"3.3667": [1.03, 0.05, -0.25],
						"3.4": [0.95, 0.04, -0.21],
						"3.4333": [0.81, 0.04, -0.26],
						"3.4667": [0.64, 0.03, -0.33],
						"3.5": [0.48, 0.02, -0.32],
						"3.5333": [0.32, 0.01, -0.18],
						"3.5667": [0.16, 0.01, 0.03],
						"3.6": [0.01, 0, 0.23],
						"3.6333": [-0.07, 0, 0.33],
						"3.6667": [-0.07, 0, 0.2],
						"3.7": [0.02, 0, -0.06],
						"3.7333": [0.08, 0, -0.22],
						"4.4": [0, 0, 0]
					},
					"position": {
						"0.0": [0, 0, 0],
						"4.4": [0, 0, 0]
					}
				},
				"root": {
					"rotation": {
						"0.0": [0, 0, 0],
						"0.1333": {
							"pre": [-0.32902, 7.49282, -2.52154],
							"post": [-0.32902, 7.49282, -2.52154],
							"lerp_mode": "catmullrom"
						},
						"0.2": {
							"post": [-0.49333, 7.48385, -3.78227],
							"lerp_mode": "catmullrom"
						},
						"0.3667": {
							"post": [-1.08482, -4.88119, 12.54624],
							"lerp_mode": "catmullrom"
						},
						"0.4667": {
							"post": [-1.14877, -4.86657, 13.29882],
							"lerp_mode": "catmullrom"
						},
						"1.1": {
							"post": [-1.14877, -4.86657, 13.29882],
							"lerp_mode": "catmullrom"
						},
						"1.4333": [-4.07601, -4.17045, 13.52949],
						"2.4": [-2.34, -4.58, 13.39],
						"2.5333": [-0.14827, -5.09708, 13.206],
						"3.0333": [-0.89648, -3.79778, 2.16532],
						"3.1333": [0, 0, -2],
						"3.7667": [0, 0, 0],
						"3.8667": [0, 0, 3],
						"4.4": [0, 0, 0]
					},
					"position": {
						"0.0": [0, 0, 0],
						"4.4": [0, 0, 0]
					}
				},
				"roll": {
					"rotation": {
						"0.6": [0, 0, 0],
						"0.8333": [0, 0, 14.29],
						"1.0667": [0, 0, 20],
						"1.4333": [0, 0, 0],
						"3.8": [0, 0, 0],
						"3.8333": [0, 0, 20],
						"3.8667": [0, 0, 60],
						"3.9": [0, 0, 110],
						"3.9333": [0, 0, 160],
						"3.9667": [0, 0, 210],
						"4.0": [0, 0, 260],
						"4.0333": [0, 0, 310],
						"4.0667": [0, 0, 370],
						"4.1": [0, 0, 410],
						"4.1333": [0, 0, 450],
						"4.1667": [0, 0, 480],
						"4.2": [0, 0, 510],
						"4.2333": [0, 0, 540],
						"4.2667": [0, 0, 560],
						"4.4": [0, 0, 600]
					},
					"position": [0, 0, 0]
				},
				"gunr": {
					"rotation": {
						"0.0": {
							"post": [0, 0, 0],
							"lerp_mode": "catmullrom"
						},
						"0.2333": {
							"post": [-2.66399, 14.76689, -10.34527],
							"lerp_mode": "catmullrom"
						},
						"0.3667": {
							"post": [0, 0, 0],
							"lerp_mode": "catmullrom"
						},
						"0.8333": [0, 0, 0]
					}
				},
				"hexadecagon": {
					"position": {
						"1.1": {
							"pre": [0, 0, 0],
							"post": [0, 0, 0],
							"lerp_mode": "catmullrom"
						},
						"1.4": {
							"post": [0, 0, 1],
							"lerp_mode": "catmullrom"
						},
						"1.7": {
							"post": [0, 0, 0],
							"lerp_mode": "catmullrom"
						}
					}
				},
				"group5": {
					"position": {
						"1.1": {
							"pre": [0, 0, 0],
							"post": [0, 0, 0],
							"lerp_mode": "catmullrom"
						},
						"1.4": {
							"post": [0, 0, 1],
							"lerp_mode": "catmullrom"
						},
						"1.7": {
							"post": [0, 0, 0],
							"lerp_mode": "catmullrom"
						}
					}
				}
			}
		},
		"put_away": {
			"animation_length": 0.4333,
			"bones": {
				"lefthand": {
					"rotation": {
						"0.0": [109.80512, -8.72735, -179.16691],
						"0.0667": [125.05069, -13.28299, -219.96163]
					},
					"position": {
						"0.0": [7.75, -17.2125, 4.15625],
						"0.0667": [9.35, -16.8975, 6.65625],
						"0.1333": [12.0275, -18.235, 6.65625]
					},
					"scale": [0.9, 1.4, 0.9]
				},
				"righthand": {
					"rotation": [-264.97476, 6.2574, -176.94134],
					"position": [-6.9125, -16.625, 4.8875],
					"scale": [0.9, 1.4, 0.9]
				},
				"defaultgun": {
					"scale": 0.45
				},
				"lefthand_pos": {
					"position": [0, 0, 1]
				},
				"righthand_pos": {
					"position": [0, 0, 1]
				},
				"camera": {
					"rotation": {
						"0.0": [0, 0, 0],
						"0.0333": [0, 0, -0.1],
						"0.0667": [0, 0, -0.25],
						"0.1": [0, 0, -0.4],
						"0.1333": [0, 0, -0.53],
						"0.1667": [0, 0, -0.58],
						"0.2": [0, 0, -0.5],
						"0.2333": [0, 0, -0.33],
						"0.2667": [0, 0, -0.13],
						"0.3": [0, 0, 0]
					}
				},
				"root": {
					"rotation": {
						"0.0": [0, 0, 0],
						"0.0333": [0.13, -0.48, 2.81],
						"0.0667": [0.5, -1.35, 6.63],
						"0.1": [2.19, -3.57, 9.1],
						"0.1333": [6.11, -8.14, 8.67],
						"0.1667": [11.36, -14.05, 6.9],
						"0.2": [16.24, -19.23, 6.01],
						"0.2333": [20.48, -23.1, 7.22],
						"0.2667": [24.37, -26.23, 9.31],
						"0.3": [27.05, -28.35, 10.87]
					},
					"position": {
						"0.0": [0, 0, 0],
						"0.0333": [-0.08, 0.02, 0.06],
						"0.0667": [-0.22, 0.02, 0.15],
						"0.1": [-0.5, -0.28, 0.19],
						"0.1333": [-0.97, -1.02, 0.04],
						"0.1667": [-1.59, -2.04, -0.15],
						"0.2": [-2.32, -3.11, 0],
						"0.2333": [-3.27, -4.28, 0.85],
						"0.2667": [-4.33, -5.49, 2.05],
						"0.3": [-5.08, -6.34, 2.92]
					},
					"scale": 1
				}
			},
			"sound_effects": {
				"0.0": {
					"effect": "sks_tactical_draw"
				}
			}
		},
		"draw": {
			"animation_length": 0.6333,
			"bones": {
				"lefthand": {
					"rotation": {
						"0.0": [109.80512, -8.72735, -179.16691],
						"0.2": [120.31833, -15.29038, -206.56892],
						"0.3": [108.345, -5.72091, -170.6654],
						"0.3333": [109.80512, -8.72735, -179.16691]
					},
					"position": {
						"0.0": [7.75, -17.2125, 4.15625],
						"0.2": [11.56625, -19.8775, 6.2275],
						"0.3": [8.22625, -17.255, 4.6375],
						"0.3333": [7.75, -17.2125, 5.15625]
					},
					"scale": [0.9, 1.4, 0.9]
				},
				"righthand": {
					"rotation": [-264.97476, 6.2574, -176.94134],
					"position": [-6.9125, -16.625, 4.8875],
					"scale": [0.9, 1.4, 0.9]
				},
				"defaultgun": {
					"scale": 0.45
				},
				"lefthand_pos": {
					"position": [0, 0, 1]
				},
				"righthand_pos": {
					"position": [0, 0, 1]
				},
				"camera": {
					"rotation": {
						"0.0": {
							"post": [0, 0, 0],
							"lerp_mode": "catmullrom"
						},
						"0.1667": {
							"post": [0.25, 0, 0.75],
							"lerp_mode": "catmullrom"
						},
						"0.3333": {
							"post": [0, 0, -0.58],
							"lerp_mode": "catmullrom"
						},
						"0.5": {
							"post": [0, 0, 0],
							"lerp_mode": "catmullrom"
						}
					}
				},
				"root": {
					"rotation": {
						"0.0": [32.48842, -32.63161, 14.03859],
						"0.1667": {
							"pre": [8.03425, -9.61409, 8.83101],
							"post": [8.03425, -9.61409, 8.83101],
							"lerp_mode": "catmullrom"
						},
						"0.3": {
							"post": [0, -2.5, -5],
							"lerp_mode": "catmullrom"
						},
						"0.4": {
							"post": [0.01745, 0.99985, -1.24985],
							"lerp_mode": "catmullrom"
						},
						"0.5": {
							"post": [0, -0.5, 0],
							"lerp_mode": "catmullrom"
						},
						"0.6": {
							"post": [0, 0, 0],
							"lerp_mode": "catmullrom"
						}
					},
					"position": {
						"0.0": {
							"post": [-6.6, -8.065, 0],
							"lerp_mode": "catmullrom"
						},
						"0.1667": {
							"post": [-1.32, -1.615, 0],
							"lerp_mode": "catmullrom"
						},
						"0.3": {
							"post": [0, -0.2875, -0.1625],
							"lerp_mode": "catmullrom"
						},
						"0.4": {
							"post": [0, 0, 0.22813],
							"lerp_mode": "catmullrom"
						},
						"0.5": {
							"post": [0, 0, 0],
							"lerp_mode": "catmullrom"
						},
						"0.6": {
							"post": [0, 0, 0],
							"lerp_mode": "catmullrom"
						}
					}
				}
			},
			"sound_effects": {
				"0.0": {
					"effect": "sks_tactical_draw"
				},
				"0.3": {
					"effect": "p25_pi_decho_raise_grab"
				}
			}
		}
	}
}