{
	"format_version": "1.8.0",
	"animations": {
		"shoot": {
			"animation_length": 1,
			"bones": {
				"root": {
					"rotation": {
						"0.0": [0, 0, 0],
						"0.0333": [0.33, -0.01, -0.43],
						"0.0667": [0.55, -0.02, -0.7],
						"0.1": [0.32, -0.02, -0.36],
						"0.1333": [-0.07, 0, 0.19],
						"0.1667": [-0.3, 0.01, 0.53],
						"0.2": [-0.28, 0.01, 0.51],
						"0.2333": [-0.21, 0.01, 0.42],
						"0.2667": [-0.1, 0.02, 0.28],
						"0.3": [0.03, 0.02, 0.12],
						"0.3333": [0.15, 0.02, -0.04],
						"0.3667": [0.25, 0.02, -0.17],
						"0.4": [0.3, 0.02, -0.24],
						"0.4333": [0.31, 0.02, -0.26],
						"0.4667": [0.31, 0.01, -0.25],
						"0.5": [0.28, 0.01, -0.22],
						"0.5333": [0.25, 0, -0.18],
						"0.5667": [0.21, -0.01, -0.13],
						"0.6": [0.17, -0.01, -0.08],
						"0.6333": [0.13, -0.02, -0.03],
						"0.6667": [0.1, -0.02, 0],
						"0.7": [0.08, -0.02, 0.03],
						"0.7333": [0.06, -0.03, 0.03],
						"0.7667": [0.05, -0.02, 0.04],
						"0.8": [0.04, -0.02, 0.04],
						"0.8333": [0.03, -0.02, 0.03],
						"0.8667": [0.02, -0.01, 0.03],
						"0.9": [0.01, -0.01, 0.02],
						"0.9333": [0.01, -0.01, 0.01],
						"0.9667": [0, 0, 0],
						"1.0": [0, 0, 0]
					},
					"position": {
						"0.0": [0, 0, 0],
						"0.0333": [-0.01, -0.09, 0.1],
						"0.0667": [-0.02, -0.17, 0.2],
						"0.1": [-0.04, -0.16, 0.21],
						"0.1333": [-0.05, -0.12, 0.2],
						"0.1667": [-0.05, -0.09, 0.18],
						"0.2": [-0.05, -0.08, 0.14],
						"0.2333": [-0.04, -0.09, 0.1],
						"0.2667": [-0.04, -0.09, 0.05],
						"0.3": [-0.03, -0.09, 0],
						"0.3333": [-0.02, -0.09, -0.02],
						"0.3667": [-0.02, -0.08, -0.03],
						"0.4": [-0.01, -0.07, -0.03],
						"0.4333": [0, -0.05, -0.03],
						"0.4667": [0.01, -0.03, -0.02],
						"0.5": [0.02, -0.02, -0.01],
						"0.5333": [0.02, -0.01, 0],
						"0.5667": [0.03, 0, 0],
						"0.6": [0.02, 0.01, 0],
						"0.6333": [0.02, 0.01, 0],
						"0.6667": [0.02, 0.01, 0],
						"0.7": [0.01, 0, 0],
						"0.7333": [0, 0, 0],
						"0.7667": [0, 0, 0]
					}
				},
				"camera": {
					"rotation": {
						"0.0": [0, 0, 0],
						"0.0333": [0.45, 0.33, 2.5],
						"0.0667": [0.62, 0.11, 0.35],
						"0.1": [0.68, -0.15, -1.72],
						"0.1333": [0.55, -0.22, -1.01],
						"0.1667": [0.35, -0.25, 0.52],
						"0.2": [0.15, -0.22, 1.41],
						"0.2333": [0.02, -0.16, 1.03],
						"0.2667": [-0.11, -0.05, 0.13],
						"0.3": [-0.21, 0.05, -0.8],
						"0.3333": [-0.28, 0.13, -1.26],
						"0.3667": [-0.28, 0.15, -1.1],
						"0.4": [-0.24, 0.15, -0.63],
						"0.4333": [-0.19, 0.13, -0.03],
						"0.4667": [-0.14, 0.12, 0.52],
						"0.5": [-0.1, 0.1, 0.83],
						"0.5333": [-0.08, 0.09, 0.86],
						"0.5667": [-0.07, 0.08, 0.8],
						"0.6": [-0.05, 0.06, 0.69],
						"0.6333": [-0.04, 0.05, 0.54],
						"0.6667": [-0.03, 0.03, 0.38],
						"0.7": [-0.02, 0.02, 0.22],
						"0.7333": [-0.01, 0.01, 0.08],
						"0.7667": [0, 0, 0]
					}
				}
			},
			"sound_effects": {
				"0.0": {
					"effect": "weap_rpapa7_fire_plr_mech_01"
				},
				"0.0333": {
					"effect": "weap_rpapa7_fire_plr_mech_01"
				}
			}
		},
		"reload_empty": {
			"animation_length": 3.5,
			"bones": {
				"root": {
					"rotation": {
						"0.0": {
							"post": [0, 0, 0],
							"lerp_mode": "catmullrom"
						},
						"0.6333": {
							"post": [0, -30, 0],
							"lerp_mode": "catmullrom"
						},
						"1.4667": {
							"post": [0, -33.72, 0],
							"lerp_mode": "catmullrom"
						},
						"1.5333": {
							"post": [0, -33.8, 0],
							"lerp_mode": "catmullrom"
						},
						"1.6": {
							"post": [0, -33.72, 0],
							"lerp_mode": "catmullrom"
						},
						"2.5333": {
							"post": [0, -30, 0],
							"lerp_mode": "catmullrom"
						},
						"3.4": {
							"post": [0, 0, 0],
							"lerp_mode": "catmullrom"
						}
					},
					"position": {
						"0.0": {
							"post": [0, 0, 0],
							"lerp_mode": "catmullrom"
						},
						"0.6333": {
							"post": [-30, 0, 10],
							"lerp_mode": "catmullrom"
						},
						"2.5333": {
							"post": [-30, 0, 10],
							"lerp_mode": "catmullrom"
						},
						"3.4": {
							"post": [0, 0, 0],
							"lerp_mode": "catmullrom"
						}
					}
				},
				"rocket": {
					"rotation": {
						"0.0": [0, 0, 0],
						"0.6333": [0, -27.5, 0],
						"2.0667": [0, -27.5, 0]
					},
					"position": {
						"0.5333": [0, -22, 0],
						"0.6333": [25.67691, -22, -27.52628],
						"2.0667": [25.67691, -22, -27.52628],
						"2.1333": [25.67691, -22, -27.52628],
						"2.2667": [22.44776, -22, -21.32092],
						"2.3667": [20.60301, -22, -17.77196]
					},
					"scale": {
						"0.6333": {
							"pre": [0, 0, 0],
							"post": [1, 1, 1]
						},
						"2.4333": {
							"pre": [1, 1, 1],
							"post": [0, 0, 0]
						}
					}
				},
				"lefthand": {
					"rotation": {
						"0.0": [99.48341, -59.79713, -172.92002],
						"0.4": [99.48341, -59.79713, -172.92002],
						"0.4667": [40.89237, -22.62418, -89.36103],
						"1.7667": [40.89237, -22.62418, -89.36103],
						"1.9333": [62.14038, -46.88356, -125.0279],
						"2.0667": [101.49048, -51.93008, -175.4145],
						"2.2": [109.88633, -68.83232, -184.95846],
						"2.7667": [109.88633, -68.83232, -184.95846],
						"3.1333": [104.41, -64.08, -178.62],
						"3.5": [99.48341, -59.79713, -172.92002]
					},
					"position": {
						"0.0": [6.13694, -16.13262, -10.34812],
						"0.4": [6.13694, -16.13262, -10.34812],
						"0.5333": [24.66408, -29.37136, -24.15597],
						"1.4667": [24.66, -29.37, -24.16],
						"1.6333": [32.52323, -28.73721, -33.68729],
						"1.8333": [37.1249, -26.75564, -38.57439],
						"2.0": [39.06018, -25.73266, -42.20047],
						"2.0667": [39.06018, -25.73266, -42.20047],
						"2.2": [36.17453, -24.93098, -36.85228],
						"2.7667": [36.17453, -24.93098, -30],
						"3.1333": [20.37, -20.3, -15],
						"3.5": [6.13694, -16.13262, -10.34812]
					},
					"scale": {
						"0.0": [1, 1.5, 1],
						"0.5333": [1, 1.5, 1],
						"0.6333": [1.5, 2.25, 1.5],
						"1.9667": [1.5, 2.25, 1.5],
						"3.5": [1, 1.5, 1]
					}
				},
				"righthand": {
					"rotation": [94.35, 18.68, -173.87],
					"position": [-7.28662, -15.0946, 0.03289],
					"scale": [1, 1.5, 1]
				},
				"camera": {
					"rotation": {
						"0.0": [0, 0, 0],
						"0.0333": [-0.07, 0.06, -0.21],
						"0.0667": [-0.16, 0.14, -0.51],
						"0.1": [-0.28, 0.23, -0.87],
						"0.1333": [-0.4, 0.33, -1.25],
						"0.1667": [-0.52, 0.44, -1.64],
						"0.2": [-0.64, 0.54, -2.01],
						"0.2333": [-0.73, 0.63, -2.32],
						"0.2667": [-0.8, 0.71, -2.56],
						"0.3": [-0.87, 0.9, -2.88],
						"0.3333": [-0.86, 1.05, -2.97],
						"0.3667": [-0.84, 1.14, -2.97],
						"0.4": [-0.83, 1.16, -2.95],
						"0.4333": [-0.81, 1.16, -2.89],
						"0.4667": [-0.79, 1.14, -2.82],
						"0.5": [-0.77, 1.12, -2.73],
						"0.5333": [-0.78, 1.1, -2.65],
						"0.5667": [-0.81, 1.08, -2.58],
						"0.6": [-0.9, 1.08, -2.54],
						"0.6333": [-1.02, 1.08, -2.53],
						"0.6667": [-1.17, 1.08, -2.52],
						"0.7": [-1.31, 1.08, -2.49],
						"0.7333": [-1.43, 1.07, -2.42],
						"0.7667": [-1.51, 1.04, -2.29],
						"0.8": [-1.53, 1, -2.05],
						"0.8333": [-1.51, 0.93, -1.73],
						"0.8667": [-1.47, 0.86, -1.36],
						"0.9": [-1.42, 0.79, -1],
						"0.9333": [-1.38, 0.72, -0.69],
						"0.9667": [-1.36, 0.68, -0.47],
						"1.0": [-1.37, 0.66, -0.37],
						"1.0333": [-1.38, 0.65, -0.3],
						"1.0667": [-1.41, 0.64, -0.28],
						"1.1": [-1.44, 0.64, -0.29],
						"1.1333": [-1.47, 0.65, -0.33],
						"1.1667": [-1.49, 0.65, -0.4],
						"1.2": [-1.52, 0.65, -0.49],
						"1.2333": [-1.61, 0.64, -1.34],
						"1.2667": [-1.65, 0.63, -1.97],
						"1.3": [-1.59, 0.65, -1.61],
						"1.3333": [-1.48, 0.67, -0.91],
						"1.3667": [-1.41, 0.68, -0.35],
						"1.4": [-1.39, 0.68, -0.21],
						"1.4333": [-1.39, 0.68, -0.1],
						"1.4667": [-1.39, 0.67, -0.01],
						"1.5": [-1.4, 0.66, 0.05],
						"1.5333": [-1.41, 0.66, 0.08],
						"1.5667": [-1.44, 0.65, 0.07],
						"1.6": [-1.47, 0.64, 0.03],
						"1.6333": [-1.53, 0.63, -0.17],
						"1.6667": [-1.61, 0.61, -0.51],
						"1.7": [-1.71, 0.6, -0.87],
						"1.7333": [-1.82, 0.59, -1.15],
						"1.7667": [-1.95, 0.6, -1.24],
						"1.8": [-2.27, 0.67, -0.79],
						"1.8333": [-2.64, 0.77, 0],
						"1.8667": [-2.88, 0.85, 0.53],
						"1.9": [-2.67, 0.87, 0],
						"1.9333": [-2.65, 0.85, -0.09],
						"1.9667": [-2.64, 0.84, 0.05],
						"2.0": [-2.58, 0.85, 1.39],
						"2.0333": [-2.61, 0.69, -0.23],
						"2.0667": [-2.6, 0.73, -0.22],
						"2.1": [-2.57, 0.81, -0.1],
						"2.1333": [-2.54, 0.9, 0.08],
						"2.1667": [-2.51, 1.01, 0.29],
						"2.2": [-2.47, 1.1, 0.5],
						"2.2333": [-2.44, 1.19, 0.67],
						"2.2667": [-2.4, 1.25, 0.77],
						"2.3": [-2.35, 1.28, 0.8],
						"2.3333": [-2.3, 1.3, 0.77],
						"2.3667": [-2.24, 1.3, 0.72],
						"2.4": [-2.19, 1.3, 0.65],
						"2.4333": [-2.14, 1.3, 0.59],
						"2.4667": [-2.1, 1.3, 0.56],
						"2.5": [-2.07, 1.31, 0.57],
						"2.5333": [-2.11, 1.39, 0.87],
						"2.5667": [-2.2, 1.49, 1.29],
						"2.6": [-2.22, 1.51, 1.46],
						"2.6333": [-2.09, 1.39, 1.1],
						"2.6667": [-1.9, 1.19, 0.5],
						"2.7": [-1.74, 1.04, 0.12],
						"2.7333": [-1.74, 1.01, 0.26],
						"2.7667": [-1.78, 1.03, 0.63],
						"2.8": [-1.63, 0.96, 0.8],
						"2.8333": [-1.52, 0.91, 0.76],
						"2.8667": [-1.37, 0.85, 0.69],
						"2.9": [-1.19, 0.78, 0.59],
						"2.9333": [-0.99, 0.69, 0.47],
						"2.9667": [-0.78, 0.61, 0.34],
						"3.0": [-0.57, 0.52, 0.2],
						"3.0333": [-0.37, 0.43, 0.07],
						"3.0667": [-0.18, 0.35, -0.05],
						"3.1": [-0.01, 0.28, -0.15],
						"3.1333": [0.12, 0.21, -0.22],
						"3.1667": [0.21, 0.16, -0.26],
						"3.2": [0.23, 0.05, -0.13],
						"3.2333": [0.01, 0.02, 0.19],
						"3.2667": [-0.15, 0, 0.38],
						"3.3": [-0.11, -0.01, 0.24],
						"3.3333": [0, -0.01, -0.02],
						"3.3667": [0.08, 0, -0.2],
						"3.4": [0.08, 0, -0.2],
						"3.4333": [0.05, 0, -0.14],
						"3.4667": [0.02, 0, -0.05],
						"3.5": [0, 0, 0]
					}
				},
				"hok": {
					"rotation": {
						"0.6667": [-90, 0, 0],
						"1.3333": [-90, 0, 0],
						"1.4667": [0, 0, 0]
					}
				},
				"hok2": {
					"rotation": {
						"0.6667": [-90, 0, 0],
						"1.3333": [-90, 0, 0],
						"1.4667": [0, 0, 0]
					}
				},
				"hok3": {
					"rotation": {
						"0.6667": [-90, 0, 0],
						"1.3333": [-90, 0, 0],
						"1.4667": [0, 0, 0]
					}
				},
				"hok4": {
					"rotation": {
						"0.6667": [-90, 0, 0],
						"1.3333": [-90, 0, 0],
						"1.4667": [0, 0, 0]
					}
				},
				"hok5": {
					"rotation": {
						"0.6667": [-90, 0, 0],
						"1.3333": [-90, 0, 0],
						"1.4667": [0, 0, 0]
					}
				},
				"hok6": {
					"rotation": {
						"0.6667": [-90, 0, 0],
						"1.3333": [-90, 0, 0],
						"1.4667": [0, 0, 0]
					}
				},
				"hok7": {
					"rotation": {
						"0.6667": [-90, 0, 0],
						"1.3333": [-90, 0, 0],
						"1.4667": [0, 0, 0]
					}
				},
				"hok8": {
					"rotation": {
						"0.6667": [-90, 0, 0],
						"1.3333": [-90, 0, 0],
						"1.4667": [0, 0, 0]
					}
				},
				"hok9": {
					"rotation": {
						"0.6667": [-90, 0, 0],
						"1.3333": [-90, 0, 0],
						"1.4667": [0, 0, 0]
					}
				},
				"hok10": {
					"rotation": {
						"0.6667": [-90, 0, 0],
						"1.3333": [-90, 0, 0],
						"1.4667": [0, 0, 0]
					}
				},
				"hok11": {
					"rotation": {
						"0.6667": [-90, 0, 0],
						"1.3333": [-90, 0, 0],
						"1.4667": [0, 0, 0]
					}
				},
				"hok12": {
					"rotation": {
						"0.6667": [-90, 0, 0],
						"1.3333": [-90, 0, 0],
						"1.4667": [0, 0, 0]
					}
				},
				"hok13": {
					"rotation": {
						"0.6667": [-90, 0, 0],
						"1.3333": [-90, 0, 0],
						"1.4667": [0, 0, 0]
					}
				},
				"hok14": {
					"rotation": {
						"0.6667": [-90, 0, 0],
						"1.3333": [-90, 0, 0],
						"1.4667": [0, 0, 0]
					}
				},
				"hok15": {
					"rotation": {
						"0.6667": [-90, 0, 0],
						"1.3333": [-90, 0, 0],
						"1.4667": [0, 0, 0]
					}
				},
				"hok16": {
					"rotation": {
						"0.6667": [-90, 0, 0],
						"1.3333": [-90, 0, 0],
						"1.4667": [0, 0, 0]
					}
				},
				"magL": {
					"rotation": {
						"0.7333": [0, 0, 0],
						"1.3333": [0, 27.5, 0],
						"2.0": [0, 27.5, 0],
						"2.0667": [0, 28, 0],
						"2.4333": [0, 28, 0],
						"2.7667": [0, 0, 0]
					},
					"position": {
						"0.7333": {
							"pre": [0, 0, 0],
							"post": [0, 0, 0],
							"lerp_mode": "catmullrom"
						},
						"0.9667": {
							"post": [-9.788, 8.94, -26.21683],
							"lerp_mode": "catmullrom"
						},
						"1.3333": {
							"post": [-18.5, 23, -32.04294],
							"lerp_mode": "catmullrom"
						},
						"1.6": [-19.22566, 22, -7.98723],
						"2.0667": [-19.35917, 22, 4.78628],
						"2.4333": [-19.35917, 22, 4.78628],
						"2.7667": [0, 0, 0]
					}
				}
			},
			"sound_effects": {
				"0.4667": {
					"effect": "rpg_reload1"
				}
			}
		},
		"static_bolt_caught": {
			"animation_length": 0.0333,
			"bones": {
				"root": {
					"rotation": [0, 0, 0],
					"position": [0, 0, 0]
				},
				"rocket": {
					"scale": {
						"0.0": [0, 0, 0],
						"0.0333": [0, 0, 0]
					}
				},
				"camera": {
					"rotation": [0, 0, 0]
				},
				"lefthand": {
					"rotation": [99.48341, -59.79713, -172.92002],
					"position": [6.13694, -16.13262, -10.34812],
					"scale": [1, 1.5, 1]
				},
				"righthand": {
					"rotation": [94.35, 18.68, -173.87],
					"position": [-7.28662, -15.0946, 0.03289],
					"scale": [1, 1.5, 1]
				}
			},
			"sound_effects": {
				"0.0": {
					"effect": "rpg7_reload_lower"
				}
			}
		},
		"static_idle": {
			"loop": true,
			"bones": {
				"root": {
					"rotation": [0, 0, 0],
					"position": [0, 0, 0]
				},
				"lefthand": {
					"rotation": [99.48341, -59.79713, -172.92002],
					"position": [6.13694, -16.13262, -10.34812],
					"scale": [1, 1.5, 1]
				},
				"righthand": {
					"rotation": [94.35, 18.68, -173.87],
					"position": [-7.28662, -15.0946, 0.03289],
					"scale": [1, 1.5, 1]
				},
				"constraint": {
					"rotation": [0.2, 0.2, 0.2],
					"position": [0.2, 0.2, 0.2]
				},
				"camera": {
					"rotation": [0, 0, 0]
				},
				"scope_pos": {
					"scale": 1.5
				}
			},
			"sound_effects": {
				"0.0": {
					"effect": "rpg7_reload_lower"
				}
			}
		},
		"inspect": {
			"animation_length": 3.4,
			"bones": {
				"root": {
					"rotation": {
						"0.0": [0, 0, 0],
						"0.2": [-2.58564, -14.98779, 0],
						"0.4333": [-2.59, -14.99, 2],
						"2.0667": [-2.58564, -14.98779, 0],
						"2.9667": [-2.58564, -14.98779, 0],
						"3.3333": [0, 0, 0]
					},
					"position": {
						"0.0": [0, 0, 0],
						"0.2": [-10, 0, 0],
						"2.9667": [-10, 0, 0],
						"3.3333": [0, 0, 0]
					}
				},
				"lefthand": {
					"rotation": {
						"0.0": [99.48341, -59.79713, -172.92002],
						"0.2": [99.48, -59.8, -172.92],
						"0.5667": [99.48, -59.8, -172.92],
						"1.2333": [178.64273, 0.84732, -230.95004],
						"1.5667": [186.14273, 0.84732, -230.95003],
						"1.7": [176.91539, 1.41742, -230.99141],
						"1.9": [178.64273, 0.84732, -230.95004],
						"2.2": [186.14273, 0.84732, -230.95003],
						"2.3333": [176.91539, 1.41742, -230.99141],
						"3.0333": [99.48, -59.8, -172.92],
						"3.2": [99.48341, -59.79713, -172.92002]
					},
					"position": {
						"0.0": [6.13694, -16.13262, -10.34812],
						"0.3333": [6.13694, -16.13262, -10.34812],
						"0.8333": [21.14, -16.13, -10.35],
						"1.2333": [12.14, -1.13, -3.35],
						"1.5667": [12.14, -1.13, 0.65],
						"1.7": {
							"pre": [15.97982, -0.46435, -1.35047],
							"post": [15.97982, -0.46435, -1.35047],
							"lerp_mode": "catmullrom"
						},
						"1.9": {
							"post": [12.14, -1.13, -3.35],
							"lerp_mode": "catmullrom"
						},
						"2.2": [12.14, -1.13, 0.65],
						"2.3333": {
							"pre": [15.97982, -0.46435, -1.35047],
							"post": [15.97982, -0.46435, -1.35047],
							"lerp_mode": "catmullrom"
						},
						"2.7": {
							"post": [15.04864, -8.64417, -3.07239],
							"lerp_mode": "catmullrom"
						},
						"2.9667": [6.13694, -16.13262, -10.34812],
						"3.2": [6.13694, -16.13262, -10.34812]
					},
					"scale": [1, 1.5, 1]
				},
				"righthand": {
					"rotation": [94.35, 18.68, -173.87],
					"position": [-7.28662, -15.0946, 0.03289],
					"scale": [1, 1.5, 1]
				},
				"camera": {
					"rotation": {
						"0.0": [0, 0, 0],
						"0.0333": [0.04, -0.01, -0.02],
						"0.0667": [0.11, -0.03, -0.06],
						"0.1": [0.2, -0.05, -0.12],
						"0.1333": [0.29, -0.07, -0.18],
						"0.1667": [0.38, -0.09, -0.22],
						"0.2": [0.45, -0.1, -0.24],
						"0.2333": [0.5, -0.09, -0.22],
						"0.2667": [0.52, -0.06, -0.14],
						"0.3": [0.5, 0, 0],
						"0.3333": [0.43, 0.1, 0.24],
						"0.3667": [0.3, 0.23, 0.58],
						"0.4": [0.15, 0.39, 0.99],
						"0.4333": [-0.03, 0.57, 1.44],
						"0.4667": [-0.22, 0.75, 1.9],
						"0.5": [-0.41, 0.93, 2.34],
						"0.5333": [-0.58, 1.09, 2.73],
						"0.5667": [-0.72, 1.23, 3.04],
						"0.6": [-0.82, 1.33, 3.23],
						"0.6333": [-0.94, 1.46, 3.17],
						"0.6667": [-0.93, 1.45, 2.65],
						"0.7": [-0.88, 1.46, 2.27],
						"0.7333": [-0.86, 1.52, 2.31],
						"0.7667": [-0.81, 1.6, 2.48],
						"0.8": [-0.74, 1.7, 2.56],
						"0.8333": [-0.74, 1.7, 2.54],
						"0.8667": [-0.79, 1.68, 2.49],
						"0.9": [-0.86, 1.63, 2.43],
						"0.9333": [-0.95, 1.58, 2.36],
						"0.9667": [-1.03, 1.53, 2.29],
						"1.0": [-1.08, 1.5, 2.21],
						"1.0333": [-1.09, 1.5, 2.14],
						"1.0667": [-1.05, 1.55, 2.07],
						"1.1": [-0.92, 1.64, 2.02],
						"1.1333": [-0.71, 1.81, 1.98],
						"1.1667": [-0.39, 2.05, 1.97],
						"1.2": [-0.03, 2.32, 1.97],
						"1.2333": [0.44, 2.66, 1.98],
						"1.2667": [0.99, 3.07, 2.01],
						"1.3": [1.6, 3.53, 2.04],
						"1.3333": [2.27, 4.02, 2.08],
						"1.3667": [2.98, 4.54, 2.13],
						"1.4": [3.7, 5.06, 2.17],
						"1.4333": [4.42, 5.59, 2.22],
						"1.4667": [5.12, 6.11, 2.27],
						"1.5": [5.78, 6.59, 2.32],
						"1.5333": [6.39, 7.04, 2.37],
						"1.5667": [6.92, 7.44, 2.41],
						"1.6": [7.37, 7.77, 2.44],
						"1.6333": [7.71, 8.02, 2.47],
						"1.6667": [7.87, 8.15, 2.48],
						"1.7": [8.02, 8.26, 2.51],
						"1.7333": [8.16, 8.36, 2.54],
						"1.7667": [8.27, 8.45, 2.58],
						"1.8": [8.37, 8.52, 2.61],
						"1.8333": [8.45, 8.58, 2.66],
						"1.8667": [8.51, 8.63, 2.7],
						"1.9": [8.55, 8.67, 2.74],
						"1.9333": [8.58, 8.69, 2.78],
						"1.9667": [8.59, 8.7, 2.82],
						"2.0": [8.58, 8.7, 2.85],
						"2.0333": [8.56, 8.69, 2.88],
						"2.0667": [8.52, 8.66, 2.9],
						"2.1": [8.46, 8.62, 2.91],
						"2.1333": [8.39, 8.58, 2.91],
						"2.1667": [8.3, 8.52, 2.9],
						"2.2": [8.19, 8.45, 2.88],
						"2.2333": [8.07, 8.37, 2.85],
						"2.2667": [7.93, 8.28, 2.8],
						"2.3": [7.77, 8.18, 2.73],
						"2.3333": [7.6, 8.07, 2.65],
						"2.3667": [7.41, 7.95, 2.55],
						"2.4": [7.17, 7.79, 2.41],
						"2.4333": [6.87, 7.61, 2.23],
						"2.4667": [6.53, 7.39, 2.02],
						"2.5": [6.14, 7.14, 1.78],
						"2.5333": [5.72, 6.87, 1.51],
						"2.5667": [5.27, 6.59, 1.23],
						"2.6": [4.79, 6.28, 0.93],
						"2.6333": [4.3, 5.97, 0.62],
						"2.6667": [3.8, 5.65, 0.3],
						"2.7": [3.29, 5.32, -0.01],
						"2.7333": [2.77, 4.99, -0.33],
						"2.7667": [2.27, 4.66, -0.64],
						"2.8": [1.77, 4.33, -0.94],
						"2.8333": [1.29, 4.02, -1.23],
						"2.8667": [0.83, 3.72, -1.5],
						"2.9": [0.4, 3.43, -1.74],
						"2.9333": [0, 3.17, -1.96],
						"2.9667": [-0.35, 2.92, -2.14],
						"3.0": [-0.66, 2.71, -2.29],
						"3.0333": [-0.93, 2.52, -2.39],
						"3.0667": [-1.36, 2.19, -2.49],
						"3.1": [-1.65, 1.93, -2.43],
						"3.1333": [-1.81, 1.73, -2.26],
						"3.4": [0, 0, 0]
					}
				}
			},
			"sound_effects": {
				"0.0": {
					"effect": "p30_la_rpapa7_inspect_hip_raise"
				}
			}
		},
		"inspect_empty": {
			"animation_length": 3.4,
			"bones": {
				"root": {
					"rotation": {
						"0.0": [0, 0, 0],
						"0.2": [-2.58564, -14.98779, 0],
						"0.4333": [-2.59, -14.99, 2],
						"2.0667": [-2.58564, -14.98779, 0],
						"2.9667": [-2.58564, -14.98779, 0],
						"3.3333": [0, 0, 0]
					},
					"position": {
						"0.0": [0, 0, 0],
						"0.2": [-10, 0, 0],
						"2.9667": [-10, 0, 0],
						"3.3333": [0, 0, 0]
					}
				},
				"lefthand": {
					"rotation": {
						"0.0": [99.48341, -59.79713, -172.92002],
						"0.2": [99.48, -59.8, -172.92],
						"0.5667": [99.48, -59.8, -172.92],
						"1.2333": [178.64273, 0.84732, -230.95004],
						"1.5667": [186.14273, 0.84732, -230.95003],
						"1.7": [176.91539, 1.41742, -230.99141],
						"1.9": [178.64273, 0.84732, -230.95004],
						"2.2": [186.14273, 0.84732, -230.95003],
						"2.3333": [176.91539, 1.41742, -230.99141],
						"3.0333": [99.48, -59.8, -172.92],
						"3.2": [99.48341, -59.79713, -172.92002]
					},
					"position": {
						"0.0": [6.13694, -16.13262, -10.34812],
						"0.3333": [6.13694, -16.13262, -10.34812],
						"0.8333": [21.14, -16.13, -10.35],
						"1.2333": [12.14, -1.13, -3.35],
						"1.5667": [12.14, -1.13, 0.65],
						"1.7": {
							"pre": [15.97982, -0.46435, -1.35047],
							"post": [15.97982, -0.46435, -1.35047],
							"lerp_mode": "catmullrom"
						},
						"1.9": {
							"post": [12.14, -1.13, -3.35],
							"lerp_mode": "catmullrom"
						},
						"2.2": [12.14, -1.13, 0.65],
						"2.3333": {
							"pre": [15.97982, -0.46435, -1.35047],
							"post": [15.97982, -0.46435, -1.35047],
							"lerp_mode": "catmullrom"
						},
						"2.7": {
							"post": [15.04864, -8.64417, -3.07239],
							"lerp_mode": "catmullrom"
						},
						"2.9667": [6.13694, -16.13262, -10.34812],
						"3.2": [6.13694, -16.13262, -10.34812]
					},
					"scale": [1, 1.5, 1]
				},
				"righthand": {
					"rotation": [94.35, 18.68, -173.87],
					"position": [-7.28662, -15.0946, 0.03289],
					"scale": [1, 1.5, 1]
				},
				"camera": {
					"rotation": {
						"0.0": [0, 0, 0],
						"0.0333": [0.04, -0.01, -0.02],
						"0.0667": [0.11, -0.03, -0.06],
						"0.1": [0.2, -0.05, -0.12],
						"0.1333": [0.29, -0.07, -0.18],
						"0.1667": [0.38, -0.09, -0.22],
						"0.2": [0.45, -0.1, -0.24],
						"0.2333": [0.5, -0.09, -0.22],
						"0.2667": [0.52, -0.06, -0.14],
						"0.3": [0.5, 0, 0],
						"0.3333": [0.43, 0.1, 0.24],
						"0.3667": [0.3, 0.23, 0.58],
						"0.4": [0.15, 0.39, 0.99],
						"0.4333": [-0.03, 0.57, 1.44],
						"0.4667": [-0.22, 0.75, 1.9],
						"0.5": [-0.41, 0.93, 2.34],
						"0.5333": [-0.58, 1.09, 2.73],
						"0.5667": [-0.72, 1.23, 3.04],
						"0.6": [-0.82, 1.33, 3.23],
						"0.6333": [-0.94, 1.46, 3.17],
						"0.6667": [-0.93, 1.45, 2.65],
						"0.7": [-0.88, 1.46, 2.27],
						"0.7333": [-0.86, 1.52, 2.31],
						"0.7667": [-0.81, 1.6, 2.48],
						"0.8": [-0.74, 1.7, 2.56],
						"0.8333": [-0.74, 1.7, 2.54],
						"0.8667": [-0.79, 1.68, 2.49],
						"0.9": [-0.86, 1.63, 2.43],
						"0.9333": [-0.95, 1.58, 2.36],
						"0.9667": [-1.03, 1.53, 2.29],
						"1.0": [-1.08, 1.5, 2.21],
						"1.0333": [-1.09, 1.5, 2.14],
						"1.0667": [-1.05, 1.55, 2.07],
						"1.1": [-0.92, 1.64, 2.02],
						"1.1333": [-0.71, 1.81, 1.98],
						"1.1667": [-0.39, 2.05, 1.97],
						"1.2": [-0.03, 2.32, 1.97],
						"1.2333": [0.44, 2.66, 1.98],
						"1.2667": [0.99, 3.07, 2.01],
						"1.3": [1.6, 3.53, 2.04],
						"1.3333": [2.27, 4.02, 2.08],
						"1.3667": [2.98, 4.54, 2.13],
						"1.4": [3.7, 5.06, 2.17],
						"1.4333": [4.42, 5.59, 2.22],
						"1.4667": [5.12, 6.11, 2.27],
						"1.5": [5.78, 6.59, 2.32],
						"1.5333": [6.39, 7.04, 2.37],
						"1.5667": [6.92, 7.44, 2.41],
						"1.6": [7.37, 7.77, 2.44],
						"1.6333": [7.71, 8.02, 2.47],
						"1.6667": [7.87, 8.15, 2.48],
						"1.7": [8.02, 8.26, 2.51],
						"1.7333": [8.16, 8.36, 2.54],
						"1.7667": [8.27, 8.45, 2.58],
						"1.8": [8.37, 8.52, 2.61],
						"1.8333": [8.45, 8.58, 2.66],
						"1.8667": [8.51, 8.63, 2.7],
						"1.9": [8.55, 8.67, 2.74],
						"1.9333": [8.58, 8.69, 2.78],
						"1.9667": [8.59, 8.7, 2.82],
						"2.0": [8.58, 8.7, 2.85],
						"2.0333": [8.56, 8.69, 2.88],
						"2.0667": [8.52, 8.66, 2.9],
						"2.1": [8.46, 8.62, 2.91],
						"2.1333": [8.39, 8.58, 2.91],
						"2.1667": [8.3, 8.52, 2.9],
						"2.2": [8.19, 8.45, 2.88],
						"2.2333": [8.07, 8.37, 2.85],
						"2.2667": [7.93, 8.28, 2.8],
						"2.3": [7.77, 8.18, 2.73],
						"2.3333": [7.6, 8.07, 2.65],
						"2.3667": [7.41, 7.95, 2.55],
						"2.4": [7.17, 7.79, 2.41],
						"2.4333": [6.87, 7.61, 2.23],
						"2.4667": [6.53, 7.39, 2.02],
						"2.5": [6.14, 7.14, 1.78],
						"2.5333": [5.72, 6.87, 1.51],
						"2.5667": [5.27, 6.59, 1.23],
						"2.6": [4.79, 6.28, 0.93],
						"2.6333": [4.3, 5.97, 0.62],
						"2.6667": [3.8, 5.65, 0.3],
						"2.7": [3.29, 5.32, -0.01],
						"2.7333": [2.77, 4.99, -0.33],
						"2.7667": [2.27, 4.66, -0.64],
						"2.8": [1.77, 4.33, -0.94],
						"2.8333": [1.29, 4.02, -1.23],
						"2.8667": [0.83, 3.72, -1.5],
						"2.9": [0.4, 3.43, -1.74],
						"2.9333": [0, 3.17, -1.96],
						"2.9667": [-0.35, 2.92, -2.14],
						"3.0": [-0.66, 2.71, -2.29],
						"3.0333": [-0.93, 2.52, -2.39],
						"3.0667": [-1.36, 2.19, -2.49],
						"3.1": [-1.65, 1.93, -2.43],
						"3.1333": [-1.81, 1.73, -2.26],
						"3.4": [0, 0, 0]
					}
				}
			},
			"sound_effects": {
				"0.0": {
					"effect": "p30_la_rpapa7_inspect_hip_raise"
				}
			}
		},
		"put_away": {
			"animation_length": 0.7333,
			"bones": {
				"root": {
					"rotation": {
						"0.0": [0, 0, 0],
						"0.0333": [-2.03, 0, 0],
						"0.0667": [-4.54, 0, 0],
						"0.1": [-7.48, 0, 0],
						"0.1333": [-10.79, 0, 0],
						"0.1667": [-14.42, 0, 0],
						"0.2": [-18.32, 0, 0],
						"0.2333": [-22.43, 0, 0],
						"0.2667": [-26.7, 0, 0],
						"0.3": [-31.07, 0, 0],
						"0.3333": [-35.5, 0, 0],
						"0.3667": [-39.93, 0, 0],
						"0.4": [-44.3, 0, 0],
						"0.4333": [-48.57, 0, 0],
						"0.4667": [-52.68, 0, 0],
						"0.5": [-56.58, 0, 0],
						"0.5333": [-60.21, 0, 0],
						"0.5667": [-63.52, 0, 0],
						"0.6": [-66.46, 0, 0],
						"0.6333": [-68.97, 0, 0],
						"0.6667": [-71, 0, 0]
					},
					"position": {
						"0.0": [0, 0, 0],
						"0.0333": [-0.03, 0.01, 0.08],
						"0.0667": [-0.06, -0.02, 0.17],
						"0.1": [-0.1, -0.06, 0.27],
						"0.1333": [-0.15, -0.04, 0.41],
						"0.1667": [-0.21, 0.07, 0.61],
						"0.2": [-0.28, 0.34, 0.89],
						"0.2333": [-0.38, 0.81, 1.28],
						"0.2667": [-0.45, 1.22, 1.57],
						"0.3": [-0.53, 1.76, 1.92],
						"0.3333": [-0.63, 2.39, 2.31],
						"0.3667": [-0.73, 3.1, 2.74],
						"0.4": [-0.83, 3.86, 3.2],
						"0.4333": [-0.94, 4.63, 3.67],
						"0.4667": [-1.05, 5.4, 4.14],
						"0.5": [-1.15, 6.14, 4.61],
						"0.5333": [-1.26, 6.81, 5.06],
						"0.5667": [-1.35, 7.4, 5.48],
						"0.6": [-1.43, 7.88, 5.87],
						"0.6333": [-1.5, 8.22, 6.21],
						"0.6667": [-1.58, 8.48, 6.66],
						"0.7": [-1.65, 8.51, 7.08],
						"0.7333": [-1.71, 8.38, 7.46]
					}
				},
				"lefthand": {
					"rotation": [99.48341, -59.79713, -172.92002],
					"position": {
						"0.0": [6.14, -28.13, -10.35],
						"0.3": [6.13694, -16.13262, -10.34812],
						"0.5333": {
							"pre": [15.14, -37.7, 17.95],
							"post": [15.14, -37.7, 17.95],
							"lerp_mode": "catmullrom"
						},
						"0.7": {
							"post": [16.14, -60.27473, 58.96238],
							"lerp_mode": "catmullrom"
						}
					},
					"scale": [1, 1.5, 1]
				},
				"righthand": {
					"rotation": [94.35, 18.68, -173.87],
					"position": [-6.8, -17, -2],
					"scale": [1, 1.5, 1]
				},
				"camera": {
					"rotation": {
						"0.0": [0, 0, 0],
						"0.0333": [0.19, -0.01, -0.02],
						"0.0667": [0.47, -0.02, -0.07],
						"0.1": [0.78, -0.04, -0.1],
						"0.1333": [1.03, -0.06, -0.11],
						"0.1667": [1.15, -0.1, -0.07],
						"0.2": [1.14, -0.14, -0.01],
						"0.2333": [1.06, -0.18, 0.08],
						"0.2667": [0.93, -0.23, 0.2],
						"0.3": [0.78, -0.28, 0.32],
						"0.3333": [0.62, -0.33, 0.46],
						"0.3667": [0.47, -0.39, 0.59],
						"0.4": [0.34, -0.44, 0.73],
						"0.4333": [0.28, -0.45, 0.76],
						"0.4667": [0.22, -0.46, 0.76],
						"0.5": [0.17, -0.42, 0.7],
						"0.5333": [0.14, -0.38, 0.62],
						"0.5667": [0.11, -0.32, 0.52],
						"0.6": [0.08, -0.25, 0.41],
						"0.6333": [0.06, -0.17, 0.28],
						"0.6667": [0.03, -0.1, 0.17],
						"0.7": [0.01, -0.04, 0.07],
						"0.7333": [0, 0, 0]
					}
				}
			},
			"sound_effects": {
				"0.1667": {
					"effect": "p30_la_rpapa7_drop_hip_rattle"
				}
			}
		},
		"run": {
			"loop": true,
			"animation_length": 0.8,
			"bones": {
				"root": {
					"rotation": {
						"0.0": [-36.52, -35.74, 32.48],
						"0.05": [-32.27, -37.05, 28.57],
						"0.1": [-28.28, -39.11, 24.8],
						"0.15": [-28.4, -41.87, 24.55],
						"0.2": [-30.29, -45.12, 25.96],
						"0.25": [-32.29, -47.74, 27.79],
						"0.3": [-34.73, -50.52, 30.11],
						"0.35": [-36.18, -52.5, 31.56],
						"0.4": [-35.37, -53.43, 30.99],
						"0.45": [-33.57, -53.55, 29.56],
						"0.5": [-33.2, -52.65, 29.35],
						"0.55": [-36.12, -50.26, 32.02],
						"0.6": [-40.46, -46.84, 35.9],
						"0.65": [-43, -43.56, 38.17],
						"0.7": [-41.8, -40.57, 37.14],
						"0.75": [-38.8, -37.72, 34.49],
						"0.8": [-36.52, -35.74, 32.48]
					},
					"position": {
						"0.0": [-4.83998, -15.67528, -6.43637],
						"0.8": [-4.83998, -15.67528, -6.43637]
					}
				}
			}
		},
		"run_start": {
			"animation_length": 0.3,
			"bones": {
				"root": {
					"rotation": {
						"0.0": [0, 0, 0],
						"0.05": [-0.95, -1.92, 2.35],
						"0.1": [-1.43, -5.57, 7],
						"0.15": [-3.35, -11.62, 12.62],
						"0.2": [-9.28, -22.28, 18.1],
						"0.25": [-15.78, -32.66, 22.73],
						"0.3": [-22.75, -40.1, 26.1]
					},
					"position": {
						"0.0": [0, 0, 0],
						"0.3": [-1.80428, -16.16295, -4.06964]
					}
				}
			}
		},
		"run_end": {
			"loop": "hold_on_last_frame",
			"animation_length": 0.65,
			"bones": {
				"root": {
					"rotation": {
						"0.0": [-15.07, -19.06, 18.3],
						"0.05": [-11.69, -14.15, 13.18],
						"0.1": [-6.99, -7.36, 6.13],
						"0.15": [-3.18, -2.12, 1],
						"0.2": [-0.53, 0.39, -0.08],
						"0.25": [0.6, 0.79, 0.94],
						"0.3": [0.34, 0.79, 0.44],
						"0.35": [-0.19, 0.28, 0.13],
						"0.4": [-0.59, -0.2, -0.11],
						"0.45": [-0.25, -0.11, -0.09],
						"0.5": [0.19, 0.1, 0],
						"0.55": [0.19, 0.09, 0.01],
						"0.6": [0.09, 0.04, 0],
						"0.65": [0, 0, 0]
					},
					"position": {
						"0.0": [-4.261, -17.6512, -5.08894],
						"0.65": [0, 0, 0]
					}
				},
				"camera": {
					"rotation": {
						"0.2": {
							"pre": [0, 0, 0],
							"post": [0, 0, 0],
							"lerp_mode": "catmullrom"
						},
						"0.25": {
							"post": [0, 0, 0.3],
							"lerp_mode": "catmullrom"
						},
						"0.3": {
							"post": [0, 0, -0.125],
							"lerp_mode": "catmullrom"
						},
						"0.4": {
							"post": [0, 0, 0],
							"lerp_mode": "catmullrom"
						}
					}
				}
			}
		}
	}
}