{
	"format_version": "1.8.0",
	"animations": {
		"static_idle": {
			"loop": true,
			"bones": {
				"lefthand": {
					"rotation": [122.88036, -393.60624, -184.02408],
					"position": [5.5, -13, -3.5],
					"scale": [1.2, 1.5, 1.2]
				},
				"righthand": {
					"rotation": [100.21875, 11.81504, -177.88617],
					"position": [-6.6, -14.2, 2.2],
					"scale": [0.9, 1.5, 0.9]
				},
				"constraint": {
					"rotation": [0.05, 0.2, 0.1],
					"position": [0.15, 0.2, 0.35]
				}
			}
		},
		"draw": {
			"animation_length": 0.9524,
			"bones": {
				"root": {
					"rotation": {
						"0.0": [0.81, -32.64, 33.95],
						"0.0476": [0.27, -29.86, 31.4],
						"0.0952": [-0.53, -25.86, 27.73],
						"0.1429": [-1.28, -21.36, 23.7],
						"0.1905": [-1.65, -17.06, 20.1],
						"0.3333": [-1.47, -12.69, 17.07],
						"0.381": [-0.93, -8.04, 14.24],
						"0.4286": [-0.31, -3.86, 11.52],
						"0.4762": [0.1, -0.92, 8.88],
						"0.5238": [0.23, 0.25, 6.05],
						"0.5714": [0.22, 0.18, 3.17],
						"0.619": [0.16, -0.37, 0.67],
						"0.6667": [0.11, -0.62, -0.98],
						"0.7143": [0.05, -0.14, -0.96],
						"0.7619": [-0.01, 0.27, 0.27],
						"0.8095": [-0.02, 0.27, 0.3],
						"0.8571": [-0.01, 0.19, 0.21],
						"0.9048": [0, 0.07, 0.08],
						"0.9524": [0, 0, 0]
					},
					"position": {
						"0.0": [-3.18, -5.58, 24],
						"0.0476": [-2.73, -4.99, 20.05],
						"0.0952": [-2.08, -4.13, 14.3],
						"0.1429": [-1.41, -3.22, 8.44],
						"0.1905": [-0.9, -2.45, 4.15],
						"0.3333": [-0.45, -1.32, 1.17],
						"0.381": [-0.25, -0.53, 0.54],
						"0.4286": [-0.14, -0.24, -0.06],
						"0.4762": [-0.07, -0.1, -0.38],
						"0.5238": [-0.03, -0.04, -0.5],
						"0.5714": [-0.01, -0.05, -0.36],
						"0.619": [-0.02, -0.14, -0.04],
						"0.6667": [-0.03, -0.19, 0.17],
						"0.7143": [-0.02, -0.13, 0.02],
						"0.7619": [-0.01, -0.05, -0.18],
						"0.8095": [-0.01, -0.02, -0.16],
						"0.8571": [0, -0.01, -0.07],
						"0.9048": [0, 0, 0]
					}
				},
				"lefthand": {
					"rotation": {
						"0.0": [122.88036, -393.60624, -184.02408],
						"0.1429": [258.65298, -444.11442, -294.55719],
						"0.7619": [170.8, -411.43, -223.04],
						"0.9524": [122.88036, -393.60624, -184.02408]
					},
					"position": {
						"0.0": [7.75, -13, -3.5],
						"0.1429": [7.75, -9, 20.5],
						"0.5714": [7.75, -9, 27.5],
						"0.6667": [8.9375, -11, 12],
						"0.7619": [5.79, -13.67, 3.83],
						"0.8571": [5.65, -15.33, 0.17],
						"0.9524": [5.5, -13, -3.5]
					},
					"scale": {
						"0.0": [1.2, 1.5, 1.2],
						"0.9524": [1.2, 1.5, 1.2]
					}
				},
				"righthand": {
					"rotation": {
						"0.0476": [125.83218, -9.9242, -160.40804],
						"0.1429": [100.21875, 11.81504, -177.88617],
						"0.4286": [100.21875, 11.81504, -177.88617]
					},
					"position": {
						"0.0476": [-8, -14.4, 2.5],
						"0.1429": [-7.9, -14.2, 2.4],
						"0.4286": [-6.6, -14.2, 2.2]
					},
					"scale": [0.9, 1.5, 0.9]
				},
				"back": {
					"position": {
						"0.1429": [0, 0, -6],
						"0.4286": [0, 0, 0]
					}
				},
				"han": {
					"rotation": {
						"0.8095": [90, 0, 0],
						"0.9524": [0, 0, 0]
					}
				},
				"camera": {
					"rotation": {
						"0.0952": [0, 0, 0],
						"0.1429": [0.01, 0.01, 0.02],
						"0.1905": [0.03, 0.03, 0.06],
						"0.2381": [0.11, 0.06, 0.13],
						"0.2857": [0.43, 0.14, 0.35],
						"0.3333": [0.76, 0.22, 0.53],
						"0.381": [0.91, 0.23, 0.52],
						"0.4286": [1.01, 0.22, 0.45],
						"0.4762": [1.02, 0.19, 0.35],
						"0.5238": [0.79, 0.09, 0.05],
						"0.5714": [0.48, 0, -0.17],
						"0.619": [0.31, -0.02, -0.02],
						"0.6667": [0.17, -0.01, 0.19],
						"0.7143": [-0.17, -0.01, 0.09],
						"0.7619": [-0.11, 0, 0.01],
						"0.8095": [0, 0, -0.05],
						"0.8571": [0.01, 0, -0.05],
						"0.9048": [0.01, 0, -0.02],
						"0.9524": [0, 0, 0]
					}
				}
			},
			"sound_effects": {
				"0.0952": {
					"effect": "wfoly_plr_sm_uzulu_raise_up"
				}
			}
		},
		"inspect": {
			"animation_length": 5.1,
			"bones": {
				"root": {
					"rotation": {
						"0.0": {
							"post": [0, 0, 0],
							"lerp_mode": "catmullrom"
						},
						"0.2667": {
							"post": [-11.4, -39.17, -45.465],
							"lerp_mode": "catmullrom"
						},
						"0.4": {
							"post": [-12.09, -47.67, -53.42],
							"lerp_mode": "catmullrom"
						},
						"0.6": {
							"post": [-10.94, -48.79, -55.465],
							"lerp_mode": "catmullrom"
						},
						"0.8333": {
							"post": [-8.36907, -49.45083, -58.20011],
							"lerp_mode": "catmullrom"
						},
						"1.0667": {
							"post": [-8.975, -48.64, -58.35],
							"lerp_mode": "catmullrom"
						},
						"1.2333": {
							"post": [-16.26359, -34.63452, -39.31901],
							"lerp_mode": "catmullrom"
						},
						"1.4333": {
							"post": [-15.32021, -10.31204, -36.61094],
							"lerp_mode": "catmullrom"
						},
						"1.6667": {
							"post": [-15.32021, -10.31204, -36.61094],
							"lerp_mode": "catmullrom"
						},
						"1.9": {
							"post": [-7.35352, 15.12253, 51.01074],
							"lerp_mode": "catmullrom"
						},
						"2.9667": {
							"post": [-7.35352, 15.12253, 51.01074],
							"lerp_mode": "catmullrom"
						},
						"3.6667": {
							"post": [-20.2, -29.55, -30.96],
							"lerp_mode": "catmullrom"
						},
						"4.0333": {
							"post": [-21.64066, -30.62855, -33.43114],
							"lerp_mode": "catmullrom"
						},
						"4.2333": {
							"post": [-20.10535, -28.88692, -32.59058],
							"lerp_mode": "catmullrom"
						},
						"4.3333": {
							"post": [-14.08, -23.34, -22.49],
							"lerp_mode": "catmullrom"
						},
						"4.5667": {
							"post": [2.51996, -7.02572, -0.01833],
							"lerp_mode": "catmullrom"
						},
						"4.6667": {
							"post": [0.25183, -0.82226, -1.85471],
							"lerp_mode": "catmullrom"
						},
						"4.7333": {
							"post": [-0.00274, -0.34214, 0.80421],
							"lerp_mode": "catmullrom"
						},
						"4.8333": {
							"post": [0, 0.08125, -0.775],
							"lerp_mode": "catmullrom"
						},
						"4.9667": {
							"post": [0, 0, 0.25],
							"lerp_mode": "catmullrom"
						},
						"5.1": {
							"post": [0, 0, 0],
							"lerp_mode": "catmullrom"
						}
					},
					"position": {
						"0.0": {
							"post": [0, 0, 0],
							"lerp_mode": "catmullrom"
						},
						"0.1333": {
							"post": [0.345, -0.28, -0.12],
							"lerp_mode": "catmullrom"
						},
						"0.3": {
							"post": [1.6, 3.75, 0.6],
							"lerp_mode": "catmullrom"
						},
						"0.4333": {
							"post": [2.325, 4.25, 1.18],
							"lerp_mode": "catmullrom"
						},
						"0.6": {
							"post": [2.545, 3.825, 1.53],
							"lerp_mode": "catmullrom"
						},
						"0.9": {
							"post": [2.54, 3.695, 1.68],
							"lerp_mode": "catmullrom"
						},
						"1.0333": {
							"post": [2.52, 3.925, 1.74],
							"lerp_mode": "catmullrom"
						},
						"1.1333": {
							"post": [2.395, 3.6, 1.68],
							"lerp_mode": "catmullrom"
						},
						"1.2667": {
							"post": [1.435, 1.145, 0.955],
							"lerp_mode": "catmullrom"
						},
						"1.4333": {
							"post": [-0.03, 0.85, 1.23],
							"lerp_mode": "catmullrom"
						},
						"1.5333": {
							"post": [-0.27, 0.98, 1.105],
							"lerp_mode": "catmullrom"
						},
						"1.6667": {
							"post": [-0.345, 0.48, 1.11],
							"lerp_mode": "catmullrom"
						},
						"1.9": {
							"post": [6.85, 0.75, 1.32],
							"lerp_mode": "catmullrom"
						},
						"2.9667": {
							"post": [6.85, 0.75, 1.32],
							"lerp_mode": "catmullrom"
						},
						"3.1667": {
							"post": [0.135, 2.055, 0.995],
							"lerp_mode": "catmullrom"
						},
						"3.3": {
							"post": [0.14, 0.36, -0.425],
							"lerp_mode": "catmullrom"
						},
						"3.5333": {
							"post": [0.49, 5.51, 1.605],
							"lerp_mode": "catmullrom"
						},
						"3.6333": {
							"post": [0.565, 5.485, 1.695],
							"lerp_mode": "catmullrom"
						},
						"3.8": {
							"post": [0.52, 5.075, 1.7],
							"lerp_mode": "catmullrom"
						},
						"4.1333": {
							"post": [0.47, 5.08, 1.3],
							"lerp_mode": "catmullrom"
						},
						"4.2333": {
							"post": [0.47, 4.82, 1.025],
							"lerp_mode": "catmullrom"
						},
						"4.3333": {
							"post": [0.53, 2.93, -0.6],
							"lerp_mode": "catmullrom"
						},
						"4.4667": {
							"post": [0.6, -2.65, -3.9],
							"lerp_mode": "catmullrom"
						},
						"4.5333": {
							"post": [0.51, -2.965, -2.34],
							"lerp_mode": "catmullrom"
						},
						"4.6": {
							"post": [0.31, -0.86, -0.41],
							"lerp_mode": "catmullrom"
						},
						"4.6667": {
							"post": [0, -0.05, 0.6],
							"lerp_mode": "catmullrom"
						},
						"4.7667": {
							"post": [0, -0.125, -0.15],
							"lerp_mode": "catmullrom"
						},
						"4.8667": {
							"post": [0, 0, 0.15],
							"lerp_mode": "catmullrom"
						},
						"5.0": {
							"post": [0, 0, 0],
							"lerp_mode": "catmullrom"
						}
					}
				},
				"mag_and_lefthand": {
					"rotation": {
						"1.6667": [0, 0, 0],
						"1.7333": [0, 0, 0],
						"1.8": [0.31838, -3.05966, -13.14528],
						"1.9333": [-22.93073, -9.02445, 14.64036],
						"2.5": [-22.93073, -9.02445, 14.64036],
						"2.5667": [-12.36449, -8.13627, -2.98672],
						"2.6667": [0, 0, 0],
						"2.8": [0, 0, 0],
						"2.8667": [0, 0, 0]
					},
					"position": {
						"1.6667": {
							"pre": [0, 0, 0],
							"post": [0, 0, 0],
							"lerp_mode": "catmullrom"
						},
						"1.7333": {
							"post": [0, -5.9, 0],
							"lerp_mode": "catmullrom"
						},
						"1.8": {
							"post": [1.86, -7.34, -0.07],
							"lerp_mode": "catmullrom"
						},
						"1.9333": {
							"post": [5.325, -3.575, -0.225],
							"lerp_mode": "catmullrom"
						},
						"2.0667": {
							"post": [6.45, -2.345, -0.24],
							"lerp_mode": "catmullrom"
						},
						"2.3": {
							"post": [6.39, -2.2, -0.25],
							"lerp_mode": "catmullrom"
						},
						"2.4667": {
							"post": [5.575, -2.775, -0.225],
							"lerp_mode": "catmullrom"
						},
						"2.5667": {
							"post": [3.42, -5.57, -0.14],
							"lerp_mode": "catmullrom"
						},
						"2.6667": [0, -5.9, 0],
						"2.8": [0, -5.9, 0],
						"2.8667": [0, 0, 0]
					}
				},
				"lefthand": {
					"rotation": {
						"0.0": [122.88036, -393.60624, -184.02408],
						"1.2": [122.88036, -393.60624, -184.02408],
						"1.6": [100.88876, -412.25625, -127.33969],
						"2.4667": [100.88876, -412.25625, -127.33969],
						"2.6667": [100.89, -412.26, -127.34],
						"2.8667": [97.86919, -393.1749, -112.94775],
						"3.0667": [98.37623, -398.12485, -113.81688],
						"4.3667": [122.88036, -393.60624, -184.02408]
					},
					"position": {
						"0.0": [5.5, -13, -3.5],
						"0.3": [6.75, -17, -3.5],
						"0.5": [6.34, -13.15, 2.79],
						"0.7667": [6.34, -13.15, 2.79],
						"1.2333": [6.34, -13.15, 2.79],
						"1.6": {
							"pre": [6.34, -20.15, 2.79],
							"post": [6.34, -20.15, 2.79],
							"lerp_mode": "catmullrom"
						},
						"1.9333": {
							"post": [28.24, -21.07, 2.83],
							"lerp_mode": "catmullrom"
						},
						"2.4667": {
							"post": [19.34, -20.15, 2.79],
							"lerp_mode": "catmullrom"
						},
						"2.8667": [7.43, -11.55, 1.9],
						"3.0667": [7.01848, -16.24215, -2.76999],
						"3.8667": [7.01848, -16.24215, -2.76999],
						"4.3667": [5.5, -13, -3.5],
						"4.4667": [5.5, -13, -3.5]
					},
					"scale": [1.2, 1.5, 1.2]
				},
				"mag_and_bullet": {
					"scale": {
						"0.0": [1, 1, 1],
						"3.0": {
							"pre": [1, 1, 1],
							"post": [0, 0, 0]
						},
						"4.7": {
							"pre": [0, 0, 0],
							"post": [1, 1, 1]
						}
					}
				},
				"gun_and_righthand": {
					"rotation": {
						"1.7": {
							"pre": [0, 0, 0],
							"post": [0, 0, 0],
							"lerp_mode": "catmullrom"
						},
						"1.7667": {
							"post": [1.02678, 0.00359, -3.14566],
							"lerp_mode": "catmullrom"
						},
						"1.8667": {
							"post": [2.27514, 0.29255, -8.26714],
							"lerp_mode": "catmullrom"
						},
						"2.1": {
							"post": [1.19454, 0.09593, -4.58574],
							"lerp_mode": "catmullrom"
						},
						"2.4333": {
							"post": [1.19454, 0.09593, -4.58574],
							"lerp_mode": "catmullrom"
						},
						"2.6667": [0, 0, 0],
						"3.2": [0, 0, 0],
						"3.3333": {
							"pre": [-12.98684, -1.05276, 70.22997],
							"post": [-12.98684, -1.05276, 70.22997],
							"lerp_mode": "catmullrom"
						},
						"3.4": {
							"post": [-26.82445, 6.74406, 100.13205],
							"lerp_mode": "catmullrom"
						},
						"3.4667": [-32.513, 21.027, 113.94539],
						"4.2667": [-32.513, 21.027, 113.94539],
						"4.4333": {
							"pre": [1.95012, 5.05678, 26.81178],
							"post": [1.95012, 5.05678, 26.81178],
							"lerp_mode": "catmullrom"
						},
						"4.5667": {
							"post": [0, 0, 0],
							"lerp_mode": "catmullrom"
						}
					}
				},
				"righthand": {
					"rotation": [100.21875, 11.81504, -177.88617],
					"position": {
						"0.0": [-6.6, -14.2, 2.2],
						"0.1333": [-6.6, -14.2, 4.95],
						"3.0333": [-6.6, -14.2, 4.79],
						"3.3": [-6.6, -14.2, 2.2]
					},
					"scale": [0.9, 1.5, 0.9]
				},
				"constraint": {
					"rotation": [0.05, 0.2, 0.1],
					"position": [0.15, 0.2, 0.35]
				},
				"camera": {
					"relative_to": {
						"rotation": "entity"
					},
					"rotation": {
						"0.0": {
							"post": [0, 0, 0],
							"lerp_mode": "catmullrom"
						},
						"0.4333": {
							"post": [3.275, 0.65, -0.225],
							"lerp_mode": "catmullrom"
						},
						"1.0667": {
							"post": [3.745, 0.65, -0.3],
							"lerp_mode": "catmullrom"
						},
						"1.3667": {
							"post": [1.415, 0.85, -0.8],
							"lerp_mode": "catmullrom"
						},
						"1.6333": {
							"post": [1.58, 0.82, -0.15],
							"lerp_mode": "catmullrom"
						},
						"1.7333": {
							"post": [2.86, 0.5, 0.525],
							"lerp_mode": "catmullrom"
						},
						"1.9": {
							"post": [2.24, -0.76, -0.895],
							"lerp_mode": "catmullrom"
						},
						"2.0667": {
							"post": [3.215, -2.375, -0.425],
							"lerp_mode": "catmullrom"
						},
						"2.2667": {
							"post": [3.695, -2.62, -1.12],
							"lerp_mode": "catmullrom"
						},
						"2.5": {
							"post": [3.465, -2.375, -0.925],
							"lerp_mode": "catmullrom"
						},
						"2.8": {
							"post": [0.985, 0, -0.575],
							"lerp_mode": "catmullrom"
						},
						"2.9": {
							"post": [1.78, 0.17, 0.54],
							"lerp_mode": "catmullrom"
						},
						"3.0333": {
							"post": [0.13, 0.13, -1.215],
							"lerp_mode": "catmullrom"
						},
						"3.2333": {
							"post": [0.605, 0, 0.175],
							"lerp_mode": "catmullrom"
						},
						"3.4": {
							"post": [-1.695, -0.13, -0.085],
							"lerp_mode": "catmullrom"
						},
						"3.6333": {
							"post": [-2.19, -0.2, 0.225],
							"lerp_mode": "catmullrom"
						},
						"4.0": {
							"post": [-1.49, -0.2, 0.225],
							"lerp_mode": "catmullrom"
						},
						"4.3333": {
							"post": [-0.905, -0.06, 0.18],
							"lerp_mode": "catmullrom"
						},
						"4.4667": {
							"post": [0.6, 0, 0.15],
							"lerp_mode": "catmullrom"
						},
						"4.6": {
							"post": [0.915, 0, 0.52],
							"lerp_mode": "catmullrom"
						},
						"4.7": {
							"post": [-0.3, 0, -0.275],
							"lerp_mode": "catmullrom"
						},
						"4.8333": {
							"post": [0.25, 0, 0.05],
							"lerp_mode": "catmullrom"
						},
						"5.0333": {
							"post": [0, 0, 0],
							"lerp_mode": "catmullrom"
						}
					}
				},
				"han": {
					"rotation": {
						"0.3": [0, 0, 0],
						"0.4667": [90, 0, 0],
						"2.8667": [90, 0, 0],
						"3.0667": [0, 0, 0]
					}
				}
			},
			"sound_effects": {
				"0.0": {
					"effect": "wfoly_plr_sm_uzulu_raise_first_start"
				},
				"1.1667": {
					"effect": "wfoly_plr_sm_uzulu_reload_shake"
				},
				"1.5667": {
					"effect": "wfoly_plr_sm_uzulu_reload_fast_magout_01"
				},
				"2.6333": {
					"effect": "wfoly_plr_sm_uzulu_reload_fast_magin_01"
				},
				"3.3": {
					"effect": "wfoly_plr_sm_uzulu_reload_rattle"
				},
				"4.1667": {
					"effect": "wfoly_plr_sm_uzulu_reload_end"
				}
			}
		},
		"inspect_empty": {
			"animation_length": 5.1,
			"bones": {
				"root": {
					"rotation": {
						"0.0": {
							"post": [0, 0, 0],
							"lerp_mode": "catmullrom"
						},
						"0.2667": {
							"post": [-11.4, -39.17, -45.465],
							"lerp_mode": "catmullrom"
						},
						"0.4": {
							"post": [-12.09, -47.67, -53.42],
							"lerp_mode": "catmullrom"
						},
						"0.6": {
							"post": [-10.94, -48.79, -55.465],
							"lerp_mode": "catmullrom"
						},
						"0.8333": {
							"post": [-8.36907, -49.45083, -58.20011],
							"lerp_mode": "catmullrom"
						},
						"1.0667": {
							"post": [-8.975, -48.64, -58.35],
							"lerp_mode": "catmullrom"
						},
						"1.2333": {
							"post": [-16.26359, -34.63452, -39.31901],
							"lerp_mode": "catmullrom"
						},
						"1.4333": {
							"post": [-15.32021, -10.31204, -36.61094],
							"lerp_mode": "catmullrom"
						},
						"1.6667": {
							"post": [-15.32021, -10.31204, -36.61094],
							"lerp_mode": "catmullrom"
						},
						"1.9": {
							"post": [-7.35352, 15.12253, 51.01074],
							"lerp_mode": "catmullrom"
						},
						"2.9667": {
							"post": [-7.35352, 15.12253, 51.01074],
							"lerp_mode": "catmullrom"
						},
						"3.6667": {
							"post": [-20.2, -29.55, -30.96],
							"lerp_mode": "catmullrom"
						},
						"4.0333": {
							"post": [-21.64066, -30.62855, -33.43114],
							"lerp_mode": "catmullrom"
						},
						"4.2333": {
							"post": [-20.10535, -28.88692, -32.59058],
							"lerp_mode": "catmullrom"
						},
						"4.3333": {
							"post": [-14.08, -23.34, -22.49],
							"lerp_mode": "catmullrom"
						},
						"4.5667": {
							"post": [2.51996, -7.02572, -0.01833],
							"lerp_mode": "catmullrom"
						},
						"4.6667": {
							"post": [0.25183, -0.82226, -1.85471],
							"lerp_mode": "catmullrom"
						},
						"4.7333": {
							"post": [-0.00274, -0.34214, 0.80421],
							"lerp_mode": "catmullrom"
						},
						"4.8333": {
							"post": [0, 0.08125, -0.775],
							"lerp_mode": "catmullrom"
						},
						"4.9667": {
							"post": [0, 0, 0.25],
							"lerp_mode": "catmullrom"
						},
						"5.1": {
							"post": [0, 0, 0],
							"lerp_mode": "catmullrom"
						}
					},
					"position": {
						"0.0": {
							"post": [0, 0, 0],
							"lerp_mode": "catmullrom"
						},
						"0.1333": {
							"post": [0.345, -0.28, -0.12],
							"lerp_mode": "catmullrom"
						},
						"0.3": {
							"post": [1.6, 3.75, 0.6],
							"lerp_mode": "catmullrom"
						},
						"0.4333": {
							"post": [2.325, 4.25, 1.18],
							"lerp_mode": "catmullrom"
						},
						"0.6": {
							"post": [2.545, 3.825, 1.53],
							"lerp_mode": "catmullrom"
						},
						"0.9": {
							"post": [2.54, 3.695, 1.68],
							"lerp_mode": "catmullrom"
						},
						"1.0333": {
							"post": [2.52, 3.925, 1.74],
							"lerp_mode": "catmullrom"
						},
						"1.1333": {
							"post": [2.395, 3.6, 1.68],
							"lerp_mode": "catmullrom"
						},
						"1.2667": {
							"post": [1.435, 1.145, 0.955],
							"lerp_mode": "catmullrom"
						},
						"1.4333": {
							"post": [-0.03, 0.85, 1.23],
							"lerp_mode": "catmullrom"
						},
						"1.5333": {
							"post": [-0.27, 0.98, 1.105],
							"lerp_mode": "catmullrom"
						},
						"1.6667": {
							"post": [-0.345, 0.48, 1.11],
							"lerp_mode": "catmullrom"
						},
						"1.9": {
							"post": [6.85, 0.75, 1.32],
							"lerp_mode": "catmullrom"
						},
						"2.9667": {
							"post": [6.85, 0.75, 1.32],
							"lerp_mode": "catmullrom"
						},
						"3.1667": {
							"post": [0.135, 2.055, 0.995],
							"lerp_mode": "catmullrom"
						},
						"3.3": {
							"post": [0.14, 0.36, -0.425],
							"lerp_mode": "catmullrom"
						},
						"3.5333": {
							"post": [0.49, 5.51, 1.605],
							"lerp_mode": "catmullrom"
						},
						"3.6333": {
							"post": [0.565, 5.485, 1.695],
							"lerp_mode": "catmullrom"
						},
						"3.8": {
							"post": [0.52, 5.075, 1.7],
							"lerp_mode": "catmullrom"
						},
						"4.1333": {
							"post": [0.47, 5.08, 1.3],
							"lerp_mode": "catmullrom"
						},
						"4.2333": {
							"post": [0.47, 4.82, 1.025],
							"lerp_mode": "catmullrom"
						},
						"4.3333": {
							"post": [0.53, 2.93, -0.6],
							"lerp_mode": "catmullrom"
						},
						"4.4667": {
							"post": [0.6, -2.65, -3.9],
							"lerp_mode": "catmullrom"
						},
						"4.5333": {
							"post": [0.51, -2.965, -2.34],
							"lerp_mode": "catmullrom"
						},
						"4.6": {
							"post": [0.31, -0.86, -0.41],
							"lerp_mode": "catmullrom"
						},
						"4.6667": {
							"post": [0, -0.05, 0.6],
							"lerp_mode": "catmullrom"
						},
						"4.7667": {
							"post": [0, -0.125, -0.15],
							"lerp_mode": "catmullrom"
						},
						"4.8667": {
							"post": [0, 0, 0.15],
							"lerp_mode": "catmullrom"
						},
						"5.0": {
							"post": [0, 0, 0],
							"lerp_mode": "catmullrom"
						}
					}
				},
				"mag_and_lefthand": {
					"rotation": {
						"1.6667": [0, 0, 0],
						"1.7333": [0, 0, 0],
						"1.8": [0.31838, -3.05966, -13.14528],
						"1.9333": [-22.93073, -9.02445, 14.64036],
						"2.5": [-22.93073, -9.02445, 14.64036],
						"2.5667": [-12.36449, -8.13627, -2.98672],
						"2.6667": [0, 0, 0],
						"2.8": [0, 0, 0],
						"2.8667": [0, 0, 0]
					},
					"position": {
						"1.6667": {
							"pre": [0, 0, 0],
							"post": [0, 0, 0],
							"lerp_mode": "catmullrom"
						},
						"1.7333": {
							"post": [0, -5.9, 0],
							"lerp_mode": "catmullrom"
						},
						"1.8": {
							"post": [1.86, -7.34, -0.07],
							"lerp_mode": "catmullrom"
						},
						"1.9333": {
							"post": [5.325, -3.575, -0.225],
							"lerp_mode": "catmullrom"
						},
						"2.0667": {
							"post": [6.45, -2.345, -0.24],
							"lerp_mode": "catmullrom"
						},
						"2.3": {
							"post": [6.39, -2.2, -0.25],
							"lerp_mode": "catmullrom"
						},
						"2.4667": {
							"post": [5.575, -2.775, -0.225],
							"lerp_mode": "catmullrom"
						},
						"2.5667": {
							"post": [3.42, -5.57, -0.14],
							"lerp_mode": "catmullrom"
						},
						"2.6667": [0, -5.9, 0],
						"2.8": [0, -5.9, 0],
						"2.8667": [0, 0, 0]
					}
				},
				"lefthand": {
					"rotation": {
						"0.0": [122.88036, -393.60624, -184.02408],
						"1.2": [122.88036, -393.60624, -184.02408],
						"1.6": [100.88876, -412.25625, -127.33969],
						"2.4667": [100.88876, -412.25625, -127.33969],
						"2.6667": [100.89, -412.26, -127.34],
						"2.8667": [97.86919, -393.1749, -112.94775],
						"3.0667": [98.37623, -398.12485, -113.81688],
						"4.3667": [122.88036, -393.60624, -184.02408]
					},
					"position": {
						"0.0": [5.5, -13, -3.5],
						"0.3": [6.75, -17, -3.5],
						"0.5": [6.34, -13.15, 2.79],
						"0.7667": [6.34, -13.15, 2.79],
						"1.2333": [6.34, -13.15, 2.79],
						"1.6": {
							"pre": [6.34, -20.15, 2.79],
							"post": [6.34, -20.15, 2.79],
							"lerp_mode": "catmullrom"
						},
						"1.9333": {
							"post": [28.24, -21.07, 2.83],
							"lerp_mode": "catmullrom"
						},
						"2.4667": {
							"post": [19.34, -20.15, 2.79],
							"lerp_mode": "catmullrom"
						},
						"2.8667": [7.43, -11.55, 1.9],
						"3.0667": [7.01848, -16.24215, -2.76999],
						"3.8667": [7.01848, -16.24215, -2.76999],
						"4.3667": [5.5, -13, -3.5],
						"4.4667": [5.5, -13, -3.5]
					},
					"scale": [1.2, 1.5, 1.2]
				},
				"mag_and_bullet": {
					"scale": {
						"0.0": [1, 1, 1],
						"3.0": {
							"pre": [1, 1, 1],
							"post": [0, 0, 0]
						},
						"4.7": {
							"pre": [0, 0, 0],
							"post": [1, 1, 1]
						}
					}
				},
				"gun_and_righthand": {
					"rotation": {
						"1.7": {
							"pre": [0, 0, 0],
							"post": [0, 0, 0],
							"lerp_mode": "catmullrom"
						},
						"1.7667": {
							"post": [1.02678, 0.00359, -3.14566],
							"lerp_mode": "catmullrom"
						},
						"1.8667": {
							"post": [2.27514, 0.29255, -8.26714],
							"lerp_mode": "catmullrom"
						},
						"2.1": {
							"post": [1.19454, 0.09593, -4.58574],
							"lerp_mode": "catmullrom"
						},
						"2.4333": {
							"post": [1.19454, 0.09593, -4.58574],
							"lerp_mode": "catmullrom"
						},
						"2.6667": [0, 0, 0],
						"3.2": [0, 0, 0],
						"3.3333": {
							"pre": [-12.98684, -1.05276, 70.22997],
							"post": [-12.98684, -1.05276, 70.22997],
							"lerp_mode": "catmullrom"
						},
						"3.4": {
							"post": [-26.82445, 6.74406, 100.13205],
							"lerp_mode": "catmullrom"
						},
						"3.4667": [-32.513, 21.027, 113.94539],
						"4.2667": [-32.513, 21.027, 113.94539],
						"4.4333": {
							"pre": [1.95012, 5.05678, 26.81178],
							"post": [1.95012, 5.05678, 26.81178],
							"lerp_mode": "catmullrom"
						},
						"4.5667": {
							"post": [0, 0, 0],
							"lerp_mode": "catmullrom"
						}
					}
				},
				"righthand": {
					"rotation": [100.21875, 11.81504, -177.88617],
					"position": {
						"0.0": [-6.6, -14.2, 2.2],
						"0.1333": [-6.6, -14.2, 4.95],
						"3.0333": [-6.6, -14.2, 4.79],
						"3.3": [-6.6, -14.2, 2.2]
					},
					"scale": [0.9, 1.5, 0.9]
				},
				"constraint": {
					"rotation": [0.05, 0.2, 0.1],
					"position": [0.15, 0.2, 0.35]
				},
				"camera": {
					"relative_to": {
						"rotation": "entity"
					},
					"rotation": {
						"0.0": {
							"post": [0, 0, 0],
							"lerp_mode": "catmullrom"
						},
						"0.4333": {
							"post": [3.275, 0.65, -0.225],
							"lerp_mode": "catmullrom"
						},
						"1.0667": {
							"post": [3.745, 0.65, -0.3],
							"lerp_mode": "catmullrom"
						},
						"1.3667": {
							"post": [1.415, 0.85, -0.8],
							"lerp_mode": "catmullrom"
						},
						"1.6333": {
							"post": [1.58, 0.82, -0.15],
							"lerp_mode": "catmullrom"
						},
						"1.7333": {
							"post": [2.86, 0.5, 0.525],
							"lerp_mode": "catmullrom"
						},
						"1.9": {
							"post": [2.24, -0.76, -0.895],
							"lerp_mode": "catmullrom"
						},
						"2.0667": {
							"post": [3.215, -2.375, -0.425],
							"lerp_mode": "catmullrom"
						},
						"2.2667": {
							"post": [3.695, -2.62, -1.12],
							"lerp_mode": "catmullrom"
						},
						"2.5": {
							"post": [3.465, -2.375, -0.925],
							"lerp_mode": "catmullrom"
						},
						"2.8": {
							"post": [0.985, 0, -0.575],
							"lerp_mode": "catmullrom"
						},
						"2.9": {
							"post": [1.78, 0.17, 0.54],
							"lerp_mode": "catmullrom"
						},
						"3.0333": {
							"post": [0.13, 0.13, -1.215],
							"lerp_mode": "catmullrom"
						},
						"3.2333": {
							"post": [0.605, 0, 0.175],
							"lerp_mode": "catmullrom"
						},
						"3.4": {
							"post": [-1.695, -0.13, -0.085],
							"lerp_mode": "catmullrom"
						},
						"3.6333": {
							"post": [-2.19, -0.2, 0.225],
							"lerp_mode": "catmullrom"
						},
						"4.0": {
							"post": [-1.49, -0.2, 0.225],
							"lerp_mode": "catmullrom"
						},
						"4.3333": {
							"post": [-0.905, -0.06, 0.18],
							"lerp_mode": "catmullrom"
						},
						"4.4667": {
							"post": [0.6, 0, 0.15],
							"lerp_mode": "catmullrom"
						},
						"4.6": {
							"post": [0.915, 0, 0.52],
							"lerp_mode": "catmullrom"
						},
						"4.7": {
							"post": [-0.3, 0, -0.275],
							"lerp_mode": "catmullrom"
						},
						"4.8333": {
							"post": [0.25, 0, 0.05],
							"lerp_mode": "catmullrom"
						},
						"5.0333": {
							"post": [0, 0, 0],
							"lerp_mode": "catmullrom"
						}
					}
				},
				"han": {
					"rotation": {
						"0.3": [0, 0, 0],
						"0.4667": [90, 0, 0],
						"2.8667": [90, 0, 0],
						"3.0667": [0, 0, 0]
					}
				}
			},
			"sound_effects": {
				"0.0": {
					"effect": "wfoly_plr_sm_uzulu_raise_first_start"
				},
				"1.1667": {
					"effect": "wfoly_plr_sm_uzulu_reload_shake"
				},
				"1.5667": {
					"effect": "wfoly_plr_sm_uzulu_reload_fast_magout_01"
				},
				"2.6333": {
					"effect": "wfoly_plr_sm_uzulu_reload_fast_magin_01"
				},
				"3.3": {
					"effect": "wfoly_plr_sm_uzulu_reload_rattle"
				},
				"4.1667": {
					"effect": "wfoly_plr_sm_uzulu_reload_end"
				}
			}
		},
		"shoot": {
			"animation_length": 0.36667,
			"bones": {
				"root": {
					"rotation": {
						"0.0": [0, 0, 0],
						"0.0333": [1.94, -0.59, 3.43],
						"0.0667": [-0.83, 0.24, -0.52],
						"0.1": [-0.54, 0.16, -1.35],
						"0.1333": [0.08, -0.01, -1.75],
						"0.1667": [0.1, -0.02, -2.22],
						"0.2": [0, 0, -2.25],
						"0.2333": [-0.01, 0, -1.62],
						"0.2667": [0, 0, -0.69],
						"0.3": [0, 0, 0]
					},
					"position": {
						"0.0": [0, 0, 0],
						"0.0333": [0, -0.12, 1.13],
						"0.0667": [0, -0.25, 0.9],
						"0.1": [0, -0.01, -0.04],
						"0.1333": [0, -0.04, -0.29],
						"0.1667": [0, -0.1, -0.37],
						"0.2": [0, -0.1, -0.27],
						"0.2333": [0, -0.08, -0.08],
						"0.2667": [0, -0.06, 0.05],
						"0.3": [0, -0.04, 0.07],
						"0.3333": [0, -0.02, 0.03],
						"0.3667": [0, 0, 0]
					}
				},
				"pull": {
					"position": {
						"0.0": [0, 0, 0],
						"0.0333": [0, 0, 0.25],
						"0.0667": [0, 0, 0],
						"0.1": [0, 0, 0.15],
						"0.1333": [0, 0, 0]
					}
				},
				"bolt": {
					"position": {
						"0.0": [0, 0, 0],
						"0.0333": [0, 0, -3],
						"0.0667": [0, 0, 0]
					}
				},
				"camera": {
					"rotation": {
						"0.0": [0, 0, 0],
						"0.0333": [0, 0, 0.625],
						"0.0667": [0, 0, -0.37],
						"0.1": [0, 0, 0.4],
						"0.1333": [0, 0, -0.12],
						"0.1667": [0, 0, 0.185],
						"0.2": [0, 0, 0]
					},
					"scale": 1
				}
			}
		},
		"reload_tactical": {
			"animation_length": 1.3675,
			"bones": {
				"9mm2": {
					"position": {
						"0.0": [0, 1, 0],
						"1.2333": [0, 1, 0]
					}
				},
				"root": {
					"rotation": {
						"0.0": {
							"post": [0, 0, 0],
							"lerp_mode": "catmullrom"
						},
						"0.0667": {
							"post": [-6.0138, -4.32632, -1.32223],
							"lerp_mode": "catmullrom"
						},
						"0.1333": {
							"post": [-12.12464, -6.97892, -12.11251],
							"lerp_mode": "catmullrom"
						},
						"0.1667": {
							"post": [-15.76216, -11.2285, -22.20705],
							"lerp_mode": "catmullrom"
						},
						"0.2333": {
							"post": [-19.26364, -12.64972, -25.48627],
							"lerp_mode": "catmullrom"
						},
						"0.3333": {
							"post": [-20.14, -12.66, -25.87],
							"lerp_mode": "catmullrom"
						},
						"0.4": {
							"post": [-19.40168, -11.75024, -18.39142],
							"lerp_mode": "catmullrom"
						},
						"0.4333": {
							"post": [-22.27673, -13.93474, -29.1944],
							"lerp_mode": "catmullrom"
						},
						"0.4667": {
							"post": [-24.41942, -11.65156, -23.96836],
							"lerp_mode": "catmullrom"
						},
						"0.5333": {
							"post": [-19.42993, -16.93624, -30.78823],
							"lerp_mode": "catmullrom"
						},
						"0.6": {
							"post": [-18.49657, -19.78822, -32.86998],
							"lerp_mode": "catmullrom"
						},
						"0.6333": {
							"post": [-14.47847, -20.52419, -34.82557],
							"lerp_mode": "catmullrom"
						},
						"0.7": [-14.96726, -19.85815, -33.26856],
						"0.7333": [-17.23187, -19.07921, -32.38322],
						"0.7667": [-14.09241, -19.3756, -25.95664],
						"0.8": [-12.50012, -19.21131, -30.14353],
						"0.8333": {
							"pre": [-7.31013, -16.97711, -23.25199],
							"post": [-7.31013, -16.97711, -23.25199],
							"lerp_mode": "catmullrom"
						},
						"0.9": {
							"post": [-3.18201, -9.46254, -25.94723],
							"lerp_mode": "catmullrom"
						},
						"0.9667": {
							"post": [-1.72689, -3.60464, -2.98213],
							"lerp_mode": "catmullrom"
						},
						"1.0333": {
							"post": [-0.63203, -0.3656, 2.89976],
							"lerp_mode": "catmullrom"
						},
						"1.1": {
							"post": [-0.62874, -0.45928, -0.97511],
							"lerp_mode": "catmullrom"
						},
						"1.1667": {
							"post": [0, 0, 0.05],
							"lerp_mode": "catmullrom"
						},
						"1.2667": {
							"post": [0, 0, 0],
							"lerp_mode": "catmullrom"
						}
					},
					"position": {
						"0.0": {
							"post": [0, 0, 0],
							"lerp_mode": "catmullrom"
						},
						"0.0667": {
							"post": [-0.32, -0.795, 0.1],
							"lerp_mode": "catmullrom"
						},
						"0.1333": [-1.315, -0.145, 0.3],
						"0.1667": {
							"pre": [-1.445, 0.95, 0.3],
							"post": [-1.445, 0.95, 0.3],
							"lerp_mode": "catmullrom"
						},
						"0.2333": {
							"post": [-1.365, 1.26, 0.35],
							"lerp_mode": "catmullrom"
						},
						"0.3": {
							"post": [-1.24, 0.79, 0.38],
							"lerp_mode": "catmullrom"
						},
						"0.4": {
							"post": [-1.17, 0.5, 0.4],
							"lerp_mode": "catmullrom"
						},
						"0.4333": {
							"post": [-1.865, 1.6, 0.35],
							"lerp_mode": "catmullrom"
						},
						"0.5": {
							"post": [-2.02, 1.8, 0.4],
							"lerp_mode": "catmullrom"
						},
						"0.5667": {
							"post": [-1.9, 0.98, 0.61],
							"lerp_mode": "catmullrom"
						},
						"0.6667": {
							"post": [-1.43, 1.335, 1.03],
							"lerp_mode": "catmullrom"
						},
						"0.7": {
							"post": [-0.98, 1.195, 1.35],
							"lerp_mode": "catmullrom"
						},
						"0.7333": {
							"post": [-0.52, -0.215, 1.35],
							"lerp_mode": "catmullrom"
						},
						"0.8": {
							"post": [-0.705, 0.16, 1.35],
							"lerp_mode": "catmullrom"
						},
						"0.8333": {
							"post": [-0.72, 0.265, 0.5],
							"lerp_mode": "catmullrom"
						},
						"0.9": {
							"post": [-0.445, -0.3, 0.075],
							"lerp_mode": "catmullrom"
						},
						"0.9667": {
							"post": [-0.31, -0.9, -1.705],
							"lerp_mode": "catmullrom"
						},
						"1.0333": {
							"post": [-0.06, -0.65, -0.425],
							"lerp_mode": "catmullrom"
						},
						"1.1": {
							"post": [-0.02, -0.315, 0.37],
							"lerp_mode": "catmullrom"
						},
						"1.1333": {
							"post": [0, -0.05, 0.25],
							"lerp_mode": "catmullrom"
						},
						"1.1667": {
							"post": [0, -0.11, -0.09],
							"lerp_mode": "catmullrom"
						},
						"1.2333": {
							"post": [0, 0, 0.025],
							"lerp_mode": "catmullrom"
						},
						"1.3": {
							"post": [0, 0, 0],
							"lerp_mode": "catmullrom"
						}
					}
				},
				"mag_and_lefthand": {
					"rotation": {
						"0.0": [0, 0, 0],
						"0.0333": [-0.15, -0.8, -5.03],
						"0.0667": [-0.23, -1.2, -7.54],
						"0.1": [-0.38, -2, -12.56],
						"0.1333": [-0.53, -2.8, -17.59],
						"0.1667": [-0.61, -3.2, -20.1],
						"0.2": [-0.76, -4, -25.13],
						"0.2333": [-0.84, -4.4, -27.64],
						"0.2667": [-0.99, -5.2, -32.67],
						"0.3": [-1.06, -5.6, -35.18],
						"0.3333": [-1.06, -5.6, -35.18],
						"0.3667": [-1.06, -5.6, -35.18],
						"0.4": [2.93, -7.12, -31.32],
						"0.4333": [10.92, -10.18, -23.61],
						"0.4667": [14.91, -11.71, -19.75],
						"0.5": [11.18, -8.69, -12.76],
						"0.5333": [7.62, -6.24, -8.91],
						"0.5667": [0.63, -1.48, -2.2],
						"0.6": [-1.37, 0, 0],
						"0.6333": [1, 0, 0],
						"0.6667": [0.65, 0, 0],
						"0.7": [0, 0, 0]
					},
					"position": {
						"0.0": [0, 0, 0],
						"0.0333": [0.71, -2.86, 3.04],
						"0.0667": [1.07, -4.29, 4.56],
						"0.1": [1.78, -7.16, 7.6],
						"0.1333": [2.5, -10.02, 10.63],
						"0.1667": [2.85, -11.45, 12.15],
						"0.2": [2.78, -10.88, 9.65],
						"0.2333": [2.35, -8.88, 5.62],
						"0.2667": [-1.13, -3.63, 1.52],
						"0.3": [-2.87, -1, -0.52],
						"0.3333": [-2.87, -1, -0.52],
						"0.3667": [-2.87, -1, -0.52],
						"0.4": [-2.92, -2.22, -0.75],
						"0.4333": [-3.02, -4.67, -1.19],
						"0.4667": [-3.07, -5.89, -1.4],
						"0.5": [-2.08, -6.72, -0.81],
						"0.5333": [-1.58, -7.12, -0.52],
						"0.5667": [-0.45, -6.43, -0.05],
						"0.6": [0.11, -6.08, 0.19],
						"0.6333": [0, -6.1, 0],
						"0.6667": [0, -6.06, 0],
						"0.7": [0, -5.97, 0],
						"0.7333": [0, 0, 0]
					}
				},
				"lefthand": {
					"rotation": {
						"0.0": [122.88036, -393.60624, -184.02408],
						"0.1": [93.37169, -418.30627, -140.58333],
						"0.2": [109.48767, -416.18218, -86.28955],
						"0.4": [88.50165, -416.2867, -79.09184],
						"0.4667": [66.00165, -416.2867, -79.09184],
						"0.5667": [88.5, -416.29, -79.09],
						"0.8333": [88.50165, -416.2867, -79.09184],
						"0.9333": [114.26, -415.57, -164.59],
						"0.9667": [114.26, -415.57, -164.59],
						"1.0333": [105.98075, -404.16166, -134.24557],
						"1.1": [122.88036, -393.60624, -184.02408]
					},
					"position": {
						"0.0": [5.5, -13, -3.5],
						"0.1": [8.085, -20.51, 12.48],
						"0.1667": [8.105, -20.78, 12.43],
						"0.2667": [6.775, -21.05, 13.375],
						"0.4": [7.26139, -21.51628, 11.49649],
						"0.4667": [7.26139, -30.51628, 12.49649],
						"0.5667": [7.26, -21.52, 11.5],
						"0.7": [6.68601, -21.30714, 11.65882],
						"0.8333": [6.68601, -21.30714, 11.65882],
						"0.9333": [11.91, -26.01, 13.77],
						"0.9667": [11.91, -26.01, 13.77],
						"1.0": [13.16, -18.805, 13.89],
						"1.0333": [9.1, -13.875, 5.3],
						"1.1": [5.5, -13, -3.5]
					},
					"scale": [1.2, 1.5, 1.2]
				},
				"mag_and_bullet": {
					"scale": {
						"0.0": [0, 0, 0],
						"0.2": {"pre": [0, 0, 0], "post": [1, 1, 1]}
					}
				},
				"bullet": {
					"scale": {
						"0.0": [0, 0, 0],
						"0.2": {"pre": [0, 0, 0], "post": [1, 1, 1]}
					}
				},
				"righthand": {
					"rotation": [100.21875, 11.81504, -177.88617],
					"position": {
						"0.0": [-6.6, -14.2, 2.2],
						"0.0333": [-7.05, -14.2, 2.2],
						"0.1": [-7.08, -14.2, 4.2],
						"0.9333": [-7.08, -14.2, 4.2],
						"0.9667": [-6.6, -14.2, 2.2]
					},
					"scale": [0.9, 1.5, 0.9]
				},
				"constraint": {
					"rotation": {
						"0.0": [0.05, 0.05, 0.08],
						"1.1": [0.05, 0.05, 0.08],
						"1.2": [0.05, 0.2, 0.1]
					},
					"position": {
						"0.0": [0.06, 0.06, 0.06],
						"1.1": [0.06, 0.06, 0.06],
						"1.2": [0.15, 0.2, 0.35]
					}
				},
				"additional_magazine": {
					"rotation": {
						"0.4": [0.19, 0.25, 0.02],
						"0.4333": [0.58, 0.75, 0.05],
						"0.4667": [0, 0, 0],
						"0.5": [-2.45, -3.41, -0.42],
						"0.5333": [-4.13, -5.75, -0.71],
						"0.5667": [-7.26, -9.79, -0.98],
						"0.6": [-8.25, -10.71, -0.76],
						"0.7": [-8.20196, -4.47988, 4.51548],
						"0.7333": [13.91882, -6.63254, 11.33053],
						"0.8": [12.00046, -14.65229, 8.58624],
						"0.8333": [12.24504, -15.44694, 9.9186],
						"1.0333": [-95.60794, -26.88896, 2.54272]
					},
					"position": {
						"0.2333": [0, 0, 0],
						"0.2667": [0, 0, 0],
						"0.3": [0, 0, 0],
						"0.3333": [0, 0, 0],
						"0.3667": [0, 0, 0],
						"0.4": [0, -1.53, 0],
						"0.4333": [0, -4.58, 0],
						"0.4667": [0, -6.1, 0],
						"0.5": [1.09, -6.9, 0],
						"0.5333": [1.64, -7.3, 0],
						"0.5667": [2.73, -7.05, 0.27],
						"0.6": [3.28, -6.92, 0.4],
						"0.7": [2.575, -6.925, 0.325],
						"0.7333": [2.35, -0.5, 0],
						"0.8333": [2.35, -0.5, 0],
						"0.9333": [5.26609, -6.16381, 1.35757],
						"1.0": [6.54181, -11.93369, 7.00118]
					},
					"scale": {
						"0.0": [1, 1, 1],
						"0.9667": {"pre": [1, 1, 1], "post": [0, 0, 0]}
					}
				},
				"camera": {
					"rotation": {
						"0.0": [0, 0, 0],
						"0.0333": [-0.01, 0.01, -0.06],
						"0.0667": [0.19, 0.04, -0.2],
						"0.1": [1.13, 0.12, -0.75],
						"0.1333": [2.09, 0.21, -1.27],
						"0.1667": [2.31, 0.23, -1.35],
						"0.2": [2.47, 0.25, -1.31],
						"0.2333": [2.46, 0.25, -1.28],
						"0.2667": [2.3, 0.21, -1.24],
						"0.3": [2.17, 0.19, -1.21],
						"0.3333": [1.92, 0.14, -1.17],
						"0.3667": [1.84, 0.12, -1.17],
						"0.4": [2.31, 0.08, -1.6],
						"0.4333": [2.73, 0.05, -1.71],
						"0.4667": [2.49, 0.01, -1.34],
						"0.5": [1.89, -0.07, -1.29],
						"0.5333": [1.52, -0.11, -1.61],
						"0.5667": [1.16, -0.17, -1.75],
						"0.6": [1.12, -0.19, -1.61],
						"0.6333": [1.2, -0.2, -1.33],
						"0.6667": [1.28, -0.19, -1.29],
						"0.7": [1.55, -0.16, -1.31],
						"0.7333": [1.93, -0.12, -1.2],
						"0.7667": [2.74, -0.1, -0.52],
						"0.8": [2.87, -0.04, -0.9],
						"0.8333": [2.23, 0, -1.8],
						"0.8667": [2.18, 0.01, -1.48],
						"0.9": [2.15, 0.02, -1.25],
						"0.9333": [1.79, 0.05, -1.23],
						"0.9667": [0.96, 0.03, -0.99],
						"1.0": [0.41, 0.01, -0.72],
						"1.0333": [0.09, 0, -0.45],
						"1.0667": [-0.02, 0, -0.31],
						"1.1": [0.01, 0.01, 0.18],
						"1.1333": [0.12, 0.03, 0.35],
						"1.1667": [-0.12, 0.03, -0.29],
						"1.2": [-0.2, 0.03, -0.52],
						"1.2333": [-0.06, 0, -0.3],
						"1.2667": [0.1, -0.02, 0.03],
						"1.3": [0.1, -0.02, 0.06],
						"1.3333": [0.03, -0.01, 0.02],
						"1.3667": [0, 0, 0]
					}
				},
				"mag": {
					"rotation": {
						"0.0333": [0, 0, 0],
						"0.4": [0, 0, -22.5],
						"0.5667": [0, 0, 0]
					},
					"position": {
						"0.0333": [0, 0, 0],
						"0.1": [0, -26, 0],
						"0.3667": [0, -26, 0],
						"0.4": [0, -5, 0],
						"0.4667": [0, -10, 0],
						"0.5667": [0, 0, 0]
					}
				}
			},
			"sound_effects": {
				"0.0333": {
					"effect": "wfoly_plr_sm_uzulu_raise_quick_up"
				},
				"0.1333": {
					"effect": "wfoly_plr_sm_uzulu_reload_empty_fast_tilt"
				},
				"0.3333": {
					"effect": "wfoly_plr_sm_uzulu_reload_magout_01"
				},
				"0.6": {
					"effect": "wfoly_plr_sm_uzulu_reload_magin_01"
				},
				"0.8667": {
					"effect": "wfoly_plr_sm_uzulu_reload_end"
				}
			}
		},
		"reload_empty": {
			"animation_length": 1.3675,
			"bones": {
				"9mm2": {
					"position": {
						"0.0": [0, 1, 0],
						"1.2333": [0, 1, 0]
					}
				},
				"root": {
					"rotation": {
						"0.0": {
							"post": [0, 0, 0],
							"lerp_mode": "catmullrom"
						},
						"0.0667": {
							"post": [-6.0138, -4.32632, -1.32223],
							"lerp_mode": "catmullrom"
						},
						"0.1333": {
							"post": [-12.12464, -6.97892, -12.11251],
							"lerp_mode": "catmullrom"
						},
						"0.1667": {
							"post": [-15.76216, -11.2285, -22.20705],
							"lerp_mode": "catmullrom"
						},
						"0.2333": {
							"post": [-19.26364, -12.64972, -25.48627],
							"lerp_mode": "catmullrom"
						},
						"0.3333": {
							"post": [-20.14, -12.66, -25.87],
							"lerp_mode": "catmullrom"
						},
						"0.4": {
							"post": [-19.40168, -11.75024, -18.39142],
							"lerp_mode": "catmullrom"
						},
						"0.4333": {
							"post": [-22.27673, -13.93474, -29.1944],
							"lerp_mode": "catmullrom"
						},
						"0.4667": {
							"post": [-24.41942, -11.65156, -23.96836],
							"lerp_mode": "catmullrom"
						},
						"0.5333": {
							"post": [-19.42993, -16.93624, -30.78823],
							"lerp_mode": "catmullrom"
						},
						"0.6": {
							"post": [-18.49657, -19.78822, -32.86998],
							"lerp_mode": "catmullrom"
						},
						"0.6333": {
							"post": [-14.47847, -20.52419, -34.82557],
							"lerp_mode": "catmullrom"
						},
						"0.7": [-14.96726, -19.85815, -33.26856],
						"0.7333": [-17.23187, -19.07921, -32.38322],
						"0.7667": [-14.09241, -19.3756, -25.95664],
						"0.8": [-12.50012, -19.21131, -30.14353],
						"0.8333": {
							"pre": [-7.31013, -16.97711, -23.25199],
							"post": [-7.31013, -16.97711, -23.25199],
							"lerp_mode": "catmullrom"
						},
						"0.9": {
							"post": [-3.18201, -9.46254, -25.94723],
							"lerp_mode": "catmullrom"
						},
						"0.9667": {
							"post": [-1.72689, -3.60464, -2.98213],
							"lerp_mode": "catmullrom"
						},
						"1.0333": {
							"post": [-0.63203, -0.3656, 2.89976],
							"lerp_mode": "catmullrom"
						},
						"1.1": {
							"post": [-0.62874, -0.45928, -0.97511],
							"lerp_mode": "catmullrom"
						},
						"1.1667": {
							"post": [0, 0, 0.05],
							"lerp_mode": "catmullrom"
						},
						"1.2667": {
							"post": [0, 0, 0],
							"lerp_mode": "catmullrom"
						}
					},
					"position": {
						"0.0": {
							"post": [0, 0, 0],
							"lerp_mode": "catmullrom"
						},
						"0.0667": {
							"post": [-0.32, -0.795, 0.1],
							"lerp_mode": "catmullrom"
						},
						"0.1333": [-1.315, -0.145, 0.3],
						"0.1667": {
							"pre": [-1.445, 0.95, 0.3],
							"post": [-1.445, 0.95, 0.3],
							"lerp_mode": "catmullrom"
						},
						"0.2333": {
							"post": [-1.365, 1.26, 0.35],
							"lerp_mode": "catmullrom"
						},
						"0.3": {
							"post": [-1.24, 0.79, 0.38],
							"lerp_mode": "catmullrom"
						},
						"0.4": {
							"post": [-1.17, 0.5, 0.4],
							"lerp_mode": "catmullrom"
						},
						"0.4333": {
							"post": [-1.865, 1.6, 0.35],
							"lerp_mode": "catmullrom"
						},
						"0.5": {
							"post": [-2.02, 1.8, 0.4],
							"lerp_mode": "catmullrom"
						},
						"0.5667": {
							"post": [-1.9, 0.98, 0.61],
							"lerp_mode": "catmullrom"
						},
						"0.6667": {
							"post": [-1.43, 1.335, 1.03],
							"lerp_mode": "catmullrom"
						},
						"0.7": {
							"post": [-0.98, 1.195, 1.35],
							"lerp_mode": "catmullrom"
						},
						"0.7333": {
							"post": [-0.52, -0.215, 1.35],
							"lerp_mode": "catmullrom"
						},
						"0.8": {
							"post": [-0.705, 0.16, 1.35],
							"lerp_mode": "catmullrom"
						},
						"0.8333": {
							"post": [-0.72, 0.265, 0.5],
							"lerp_mode": "catmullrom"
						},
						"0.9": {
							"post": [-0.445, -0.3, 0.075],
							"lerp_mode": "catmullrom"
						},
						"0.9667": {
							"post": [-0.31, -0.9, -1.705],
							"lerp_mode": "catmullrom"
						},
						"1.0333": {
							"post": [-0.06, -0.65, -0.425],
							"lerp_mode": "catmullrom"
						},
						"1.1": {
							"post": [-0.02, -0.315, 0.37],
							"lerp_mode": "catmullrom"
						},
						"1.1333": {
							"post": [0, -0.05, 0.25],
							"lerp_mode": "catmullrom"
						},
						"1.1667": {
							"post": [0, -0.11, -0.09],
							"lerp_mode": "catmullrom"
						},
						"1.2333": {
							"post": [0, 0, 0.025],
							"lerp_mode": "catmullrom"
						},
						"1.3": {
							"post": [0, 0, 0],
							"lerp_mode": "catmullrom"
						}
					}
				},
				"mag_and_lefthand": {
					"rotation": {
						"0.0": [0, 0, 0],
						"0.0333": [-0.15, -0.8, -5.03],
						"0.0667": [-0.23, -1.2, -7.54],
						"0.1": [-0.38, -2, -12.56],
						"0.1333": [-0.53, -2.8, -17.59],
						"0.1667": [-0.61, -3.2, -20.1],
						"0.2": [-0.76, -4, -25.13],
						"0.2333": [-0.84, -4.4, -27.64],
						"0.2667": [-0.99, -5.2, -32.67],
						"0.3": [-1.06, -5.6, -35.18],
						"0.3333": [-1.06, -5.6, -35.18],
						"0.3667": [-1.06, -5.6, -35.18],
						"0.4": [2.93, -7.12, -31.32],
						"0.4333": [10.92, -10.18, -23.61],
						"0.4667": [14.91, -11.71, -19.75],
						"0.5": [11.18, -8.69, -12.76],
						"0.5333": [7.62, -6.24, -8.91],
						"0.5667": [0.63, -1.48, -2.2],
						"0.6": [-1.37, 0, 0],
						"0.6333": [1, 0, 0],
						"0.6667": [0.65, 0, 0],
						"0.7": [0, 0, 0]
					},
					"position": {
						"0.0": [0, 0, 0],
						"0.0333": [0.71, -2.86, 3.04],
						"0.0667": [1.07, -4.29, 4.56],
						"0.1": [1.78, -7.16, 7.6],
						"0.1333": [2.5, -10.02, 10.63],
						"0.1667": [2.85, -11.45, 12.15],
						"0.2": [2.78, -10.88, 9.65],
						"0.2333": [2.35, -8.88, 5.62],
						"0.2667": [-1.13, -3.63, 1.52],
						"0.3": [-2.87, -1, -0.52],
						"0.3333": [-2.87, -1, -0.52],
						"0.3667": [-2.87, -1, -0.52],
						"0.4": [-2.92, -2.22, -0.75],
						"0.4333": [-3.02, -4.67, -1.19],
						"0.4667": [-3.07, -5.89, -1.4],
						"0.5": [-2.08, -6.72, -0.81],
						"0.5333": [-1.58, -7.12, -0.52],
						"0.5667": [-0.45, -6.43, -0.05],
						"0.6": [0.11, -6.08, 0.19],
						"0.6333": [0, -6.1, 0],
						"0.6667": [0, -6.06, 0],
						"0.7": [0, -5.97, 0],
						"0.7333": [0, 0, 0]
					}
				},
				"lefthand": {
					"rotation": {
						"0.0": [122.88036, -393.60624, -184.02408],
						"0.1": [93.37169, -418.30627, -140.58333],
						"0.2": [109.48767, -416.18218, -86.28955],
						"0.4": [88.50165, -416.2867, -79.09184],
						"0.4667": [66.00165, -416.2867, -79.09184],
						"0.5667": [88.5, -416.29, -79.09],
						"0.8333": [88.50165, -416.2867, -79.09184],
						"0.9333": [114.26, -415.57, -164.59],
						"0.9667": [114.26, -415.57, -164.59],
						"1.0333": [105.98075, -404.16166, -134.24557],
						"1.1": [122.88036, -393.60624, -184.02408]
					},
					"position": {
						"0.0": [5.5, -13, -3.5],
						"0.1": [8.085, -20.51, 12.48],
						"0.1667": [8.105, -20.78, 12.43],
						"0.2667": [6.775, -21.05, 13.375],
						"0.4": [7.26139, -21.51628, 11.49649],
						"0.4667": [7.26139, -30.51628, 12.49649],
						"0.5667": [7.26, -21.52, 11.5],
						"0.7": [6.68601, -21.30714, 11.65882],
						"0.8333": [6.68601, -21.30714, 11.65882],
						"0.9333": [11.91, -26.01, 13.77],
						"0.9667": [11.91, -26.01, 13.77],
						"1.0": [13.16, -18.805, 13.89],
						"1.0333": [9.1, -13.875, 5.3],
						"1.1": [5.5, -13, -3.5]
					},
					"scale": [1.2, 1.5, 1.2]
				},
				"mag_and_bullet": {
					"scale": {
						"0.0": [0, 0, 0],
						"0.2": {
							"pre": [0, 0, 0],
							"post": [1, 1, 1]
						}
					}
				},
				"bullet": {
					"scale": {
						"0.0": [0, 0, 0],
						"0.2": {
							"pre": [0, 0, 0],
							"post": [1, 1, 1]
						}
					}
				},
				"righthand": {
					"rotation": [100.21875, 11.81504, -177.88617],
					"position": {
						"0.0": [-6.6, -14.2, 2.2],
						"0.0333": [-7.05, -14.2, 2.2],
						"0.1": [-7.08, -14.2, 4.2],
						"0.9333": [-7.08, -14.2, 4.2],
						"0.9667": [-6.6, -14.2, 2.2]
					},
					"scale": [0.9, 1.5, 0.9]
				},
				"constraint": {
					"rotation": {
						"1.1": [0.05, 0.05, 0.08],
						"1.2": [0.05, 0.2, 0.1]
					},
					"position": {
						"1.1": [0.06, 0.06, 0.06],
						"1.2": [0.15, 0.2, 0.35]
					}
				},
				"additional_magazine": {
					"rotation": {
						"0.4": [0.19, 0.25, 0.02],
						"0.4333": [0.58, 0.75, 0.05],
						"0.4667": [0, 0, 0],
						"0.5": [-2.45, -3.41, -0.42],
						"0.5333": [-4.13, -5.75, -0.71],
						"0.5667": [-7.26, -9.79, -0.98],
						"0.6": [-8.25, -10.71, -0.76],
						"0.7": [-8.20196, -4.47988, 4.51548],
						"0.7333": [13.91882, -6.63254, 11.33053],
						"0.8": [12.00046, -14.65229, 8.58624],
						"0.8333": [12.24504, -15.44694, 9.9186],
						"1.0333": [-95.60794, -26.88896, 2.54272]
					},
					"position": {
						"0.2333": [0, 0, 0],
						"0.2667": [0, 0, 0],
						"0.3": [0, 0, 0],
						"0.3333": [0, 0, 0],
						"0.3667": [0, 0, 0],
						"0.4": [0, -1.53, 0],
						"0.4333": [0, -4.58, 0],
						"0.4667": [0, -6.1, 0],
						"0.5": [1.09, -6.9, 0],
						"0.5333": [1.64, -7.3, 0],
						"0.5667": [2.73, -7.05, 0.27],
						"0.6": [3.28, -6.92, 0.4],
						"0.7": [2.575, -6.925, 0.325],
						"0.7333": [2.35, -0.5, 0],
						"0.8333": [2.35, -0.5, 0],
						"0.9333": [5.26609, -6.16381, 1.35757],
						"1.0": [6.54181, -11.93369, 7.00118]
					},
					"scale": {
						"0.0": [1, 1, 1],
						"0.9667": {
							"pre": [1, 1, 1],
							"post": [0, 0, 0]
						}
					}
				},
				"camera": {
					"rotation": {
						"0.0": [0, 0, 0],
						"0.0333": [-0.01, 0.01, -0.06],
						"0.0667": [0.19, 0.04, -0.2],
						"0.1": [1.13, 0.12, -0.75],
						"0.1333": [2.09, 0.21, -1.27],
						"0.1667": [2.31, 0.23, -1.35],
						"0.2": [2.47, 0.25, -1.31],
						"0.2333": [2.46, 0.25, -1.28],
						"0.2667": [2.3, 0.21, -1.24],
						"0.3": [2.17, 0.19, -1.21],
						"0.3333": [1.92, 0.14, -1.17],
						"0.3667": [1.84, 0.12, -1.17],
						"0.4": [2.31, 0.08, -1.6],
						"0.4333": [2.73, 0.05, -1.71],
						"0.4667": [2.49, 0.01, -1.34],
						"0.5": [1.89, -0.07, -1.29],
						"0.5333": [1.52, -0.11, -1.61],
						"0.5667": [1.16, -0.17, -1.75],
						"0.6": [1.12, -0.19, -1.61],
						"0.6333": [1.2, -0.2, -1.33],
						"0.6667": [1.28, -0.19, -1.29],
						"0.7": [1.55, -0.16, -1.31],
						"0.7333": [1.93, -0.12, -1.2],
						"0.7667": [2.74, -0.1, -0.52],
						"0.8": [2.87, -0.04, -0.9],
						"0.8333": [2.23, 0, -1.8],
						"0.8667": [2.18, 0.01, -1.48],
						"0.9": [2.15, 0.02, -1.25],
						"0.9333": [1.79, 0.05, -1.23],
						"0.9667": [0.96, 0.03, -0.99],
						"1.0": [0.41, 0.01, -0.72],
						"1.0333": [0.09, 0, -0.45],
						"1.0667": [-0.02, 0, -0.31],
						"1.1": [0.01, 0.01, 0.18],
						"1.1333": [0.12, 0.03, 0.35],
						"1.1667": [-0.12, 0.03, -0.29],
						"1.2": [-0.2, 0.03, -0.52],
						"1.2333": [-0.06, 0, -0.3],
						"1.2667": [0.1, -0.02, 0.03],
						"1.3": [0.1, -0.02, 0.06],
						"1.3333": [0.03, -0.01, 0.02],
						"1.3667": [0, 0, 0]
					}
				},
				"mag": {
					"rotation": {
						"0.0333": [0, 0, 0],
						"0.4": [0, 0, -22.5],
						"0.5667": [0, 0, 0]
					},
					"position": {
						"0.0333": [0, 0, 0],
						"0.1": [0, -26, 0],
						"0.3667": [0, -26, 0],
						"0.4": [0, -5, 0],
						"0.4667": [0, -10, 0],
						"0.5667": [0, 0, 0]
					}
				}
			},
			"sound_effects": {
				"0.0333": {
					"effect": "wfoly_plr_sm_uzulu_raise_quick_up"
				},
				"0.1333": {
					"effect": "wfoly_plr_sm_uzulu_reload_empty_fast_tilt"
				},
				"0.3333": {
					"effect": "wfoly_plr_sm_uzulu_reload_magout_01"
				},
				"0.6": {
					"effect": "wfoly_plr_sm_uzulu_reload_magin_01"
				},
				"0.8667": {
					"effect": "wfoly_plr_sm_uzulu_reload_end"
				}
			}
		}
	}
}