{
	"format_version": "1.8.0",
	"animations": {
		"static_idle": {
			"loop": true,
			"bones": {
				"lefthand": {
					"rotation": [70.35649, -36.95042, 256.14711],
					"position": [7.25, -14, -6],
					"scale": [1, 1.5, 1]
				},
				"righthand": {
					"rotation": [97.04901, -7.59329, -111.02586],
					"position": [-7.4375, -14.78125, 4.95313],
					"scale": [1, 1.2, 1]
				},
				"constraint": {
					"rotation": [0.1, 0.1, 0.1],
					"position": [0, 0, 0]
				}
			}
		},
		"static_bolt_caught": {
			"loop": true,
			"bones": {
				"lefthand": {
					"rotation": [70.35649, -36.95042, 256.14711],
					"position": [7.25, -14, -6],
					"scale": [1, 1.5, 1]
				},
				"righthand": {
					"rotation": [97.04901, -7.59329, -111.02586],
					"position": [-7.4375, -14.78125, 4.95313],
					"scale": [1, 1.2, 1]
				},
				"constraint": {
					"rotation": [0.1, 0.1, 0.1],
					"position": [0, 0, 0]
				},
				"laser_illuminated": {
					"scale": 0
				}
			}
		},
		"bolt": {
			"loop": true,
			"animation_length": 1,
			"bones": {
				"lefthand": {
					"rotation": [70.35649, -36.95042, 256.14711],
					"position": [7.25, -14, -6],
					"scale": [1, 1.5, 1]
				},
				"righthand": {
					"rotation": [97.04901, -7.59329, -111.02586],
					"position": [-7.4375, -14.78125, 4.95313],
					"scale": [1, 1.2, 1]
				},
				"constraint": {
					"rotation": [0.1, 0.1, 0.1],
					"position": [0, 0, 0]
				},
				"laser": {
					"scale": {
						"0.0": [1, 1, 1],
						"0.3": [0.4, 0.4, 1],
						"0.9333": [1, 1, 1]
					}
				}
			}
		},
		"inspect": {
			"animation_length": 7.9675,
			"bones": {
				"lefthand": {
					"rotation": [70.35649, -36.95042, 256.14711],
					"position": [7.25, -14, -6],
					"scale": [1, 1.5, 1]
				},
				"righthand": {
					"rotation": [97.04901, -7.59329, -111.02586],
					"position": [-7.4375, -14.78125, 4.95313],
					"scale": [1, 1.2, 1]
				},
				"constraint": {
					"rotation": [0.1, 0.1, 0.1],
					"position": [0, 0, 0]
				},
				"root": {
					"rotation": {
						"0.0": [0, 0, 0],
						"0.1333": [2.00064, -2.70809, -4.71827],
						"0.5333": [4.3361, -11.73507, -20.44582],
						"2.2333": [4.35253, -12.3, -20.52333],
						"2.5333": [24.35253, -12.3, -20.52333],
						"2.6333": [24.35253, -12.3, -20.52333],
						"3.1667": [-7.971, 20.1076, -18.03454],
						"3.4667": [-16.61, 20.11, -18.03],
						"3.6667": [-16.61, 20.11, -18.03],
						"4.6333": [-16.11, 20.11, -18.03],
						"5.2333": [-19.47997, 30.85201, 7.07105],
						"7.0667": [-19.47997, 30.85201, 7.07105],
						"7.9667": [0, 0, 0]
					},
					"position": {
						"0.0": [0, 0, 0],
						"0.1333": [0, -0.125, 0],
						"2.4667": [0, -0.125, 0],
						"3.3": [10, -0.12, 0],
						"6.2333": [9.31, -0.11, 0],
						"7.0667": [10, -0.12, 0],
						"7.9667": [0, 0, 0]
					}
				},
				"camera": {
					"rotation": {
						"0.0": [0, 0, 0],
						"0.1333": [0, 0, 0],
						"0.6667": [2, 2, 0],
						"1.4667": [10, 30, 0],
						"1.7": [9.5, 29, 0],
						"2.2": [9.06, 26.71, 0],
						"2.8333": [2, 2, 0],
						"3.3667": [0, 0, 0],
						"4.1": [0, 0, 0],
						"4.5": [-5, 5, 0],
						"5.9667": [10, -5, 0],
						"7.4": [0, 0, 0]
					}
				}
			},
			"sound_effects": {
				"0.0": {
					"effect": "inspect"
				}
			}
		},
		"inspect_empty": {
			"animation_length": 7.9675,
			"bones": {
				"lefthand": {
					"rotation": [70.35649, -36.95042, 256.14711],
					"position": [7.25, -14, -6],
					"scale": [1, 1.5, 1]
				},
				"righthand": {
					"rotation": [97.04901, -7.59329, -111.02586],
					"position": [-7.4375, -14.78125, 4.95313],
					"scale": [1, 1.2, 1]
				},
				"constraint": {
					"rotation": [0.1, 0.1, 0.1],
					"position": [0, 0, 0]
				},
				"laser": {
					"scale": {
						"0.0": [0, 0, 0]
					}
				},
				"root": {
					"rotation": {
						"0.0": [0, 0, 0],
						"0.122": [2.00064, -2.70809, -4.71827],
						"0.5285": [4.3361, -11.73507, -20.44582],
						"2.2358": [4.35253, -12.3, -20.52333],
						"2.5203": [24.35253, -12.3, -20.52333],
						"2.6423": [24.35253, -12.3, -20.52333],
						"3.1707": [-7.971, 20.1076, -18.03454],
						"3.4553": [-16.61, 20.11, -18.03],
						"3.6585": [-16.61, 20.11, -18.03],
						"4.6341": [-16.11, 20.11, -18.03],
						"5.2439": [-19.47997, 30.85201, 7.07105],
						"7.0732": [-19.47997, 30.85201, 7.07105],
						"7.9675": [0, 0, 0]
					},
					"position": {
						"0.0": [0, 0, 0],
						"0.122": [0, -0.125, 0],
						"2.4797": [0, -0.125, 0],
						"3.2927": [10, -0.12, 0],
						"6.2195": [9.31, -0.11, 0],
						"7.0732": [10, -0.12, 0],
						"7.9675": [0, 0, 0]
					}
				},
				"camera": {
					"rotation": {
						"0.0": [0, 0, 0],
						"0.122": [0, 0, 0],
						"0.6504": [2, 2, 0],
						"1.4634": [10, 30, 0],
						"1.7073": [9.5, 29, 0],
						"2.1951": [9.06, 26.71, 0],
						"2.8455": [2, 2, 0],
						"3.374": [0, 0, 0],
						"4.1057": [0, 0, 0],
						"4.5122": [-5, 5, 0],
						"5.9756": [10, -5, 0],
						"7.3984": [0, 0, 0]
					}
				}
			}
		},
		"reload_tactical": {
			"loop": true,
			"animation_length": 2.8,
			"bones": {
				"lefthand": {
					"rotation": [70.35649, -36.95042, 256.14711],
					"position": [7.25, -14, -6],
					"scale": [1, 1.5, 1]
				},
				"righthand": {
					"rotation": {
						"0.2667": [97.04901, -7.59329, -111.02586],
						"0.4667": [139.54901, -7.59329, -111.02586],
						"0.7333": [118.51922, -13.99324, -118.85276],
						"1.0": [118.52, -13.99, -118.85],
						"1.1333": [137.00735, -50.69777, -151.05956],
						"1.2": [137.01, -50.7, -151.06],
						"1.5333": [174.37327, 3.07443, -188.33912],
						"2.1333": [174.37327, 3.07443, -188.33912],
						"2.2667": [118.52, -13.99, -118.85],
						"2.4": [118.51922, -13.99324, -118.85276]
					},
					"position": {
						"0.2667": [-7.4375, -14.78125, 4.95313],
						"0.4667": [-16.76182, -18.18941, 3.73358],
						"0.7333": [-5.06509, -13.18659, 23.35188],
						"0.9333": [-4.72, -12.59, 39],
						"1.0": [-4.6, -12.39, 43.215],
						"1.1333": [-6.1325, -12.8775, 43.35],
						"1.2": [-6.1325, -12.8775, 43.35],
						"1.4667": [-19.33422, -69.78953, 48.92483],
						"1.5333": [-42.056, -53.29209, 18.19988],
						"1.9333": [-42.056, -53.29209, 18.19988],
						"2.1333": [-47.88511, -71.37144, 11.94464],
						"2.2667": [-4.6, -12.39, 43.215],
						"2.4": [-5.06509, -13.18659, 23.35188]
					},
					"scale": [1, 1.2, 1]
				},
				"constraint": {
					"rotation": [0, 0, 0],
					"position": [0, 0, 0]
				},
				"bp": {
					"position": {
						"0.7333": [0, 0, 0],
						"1.0": [0, 0, 20],
						"1.0667": [0, 0, 20],
						"1.1333": [0, 0, 20],
						"2.2667": [0, 0, 20],
						"2.4": [0, 0, 0]
					}
				},
				"bar": {
					"position": {
						"0.7333": [0, 0, 0],
						"1.0": [0, 0, 1]
					},
					"scale": {
						"0.7333": [1, 1, 1],
						"1.0": [1, 1, 3.2],
						"1.0667": [1, 1, 3.2],
						"1.1333": [1, 1, 3.2],
						"2.2667": [1, 1, 3.2],
						"2.4": [1, 1, 1]
					}
				},
				"cell": {
					"rotation": {
						"1.1333": [0, 0, 0],
						"1.3333": [0, 60, 0],
						"1.5333": [0, 0, 0],
						"2.0667": [0, 0, 0],
						"2.125": [0, 0, 0],
						"2.1333": [0, 0, 0]
					},
					"position": {
						"0.7333": [0, 0, 0],
						"0.9333": [-0.28483, 0.23185, 14.77929],
						"1.0": [0, 0, 19.25],
						"1.0667": [0, 0, 19.25],
						"1.1333": [0, 0, 19],
						"1.2667": [-15, -8, 13.81],
						"1.4": [-34.88248, -20.98257, 5.9908],
						"1.5333": [-34.88, -43.98, 5.99],
						"2.0667": [-34.88, -43.98, 5.99],
						"2.125": [-34.88, -43.98, 5.99],
						"2.1333": [0, 0, 19],
						"2.2667": [0, 0, 19],
						"2.4": [0, 0, 0]
					}
				},
				"root": {
					"rotation": {
						"0.0": [0, 0, 0],
						"0.2667": [14.48174, 9.93191, -33.73499],
						"0.5333": [47.20521, -11.96742, -54.38699],
						"1.2667": [47.20521, -11.96742, -54.38699],
						"1.5333": [53.90664, -22.7109, -43.39835],
						"2.5333": [53.90664, -22.7109, -43.39835],
						"2.8": [0, 0, 0]
					},
					"position": {
						"0.0": [0, 0, 0],
						"0.2667": [2.86788, -3.9062, 1.23162],
						"0.5333": [16.19494, -8.29807, -4.72119],
						"1.2667": [16.19494, -8.29807, -4.72119],
						"2.3333": [16.19, -8.3, -4.72],
						"2.4": [16.315, -8.3, -4.72],
						"2.5333": [16.19494, -8.29807, -4.72119],
						"2.8": [0, 0, 0]
					}
				},
				"cell_inner": {
					"scale": 0
				},
				"pin": {
					"scale": {
						"1.0667": [1, 1, 1],
						"1.1333": [1, 1, 5],
						"1.2667": [1, 1, 3.6667],
						"1.3333": [1, 1, 1]
					}
				},
				"cl": {
					"rotation": {
						"1.5333": [0, 0, 0],
						"1.6": [0, 0, 30],
						"2.0": [0, 0, 39],
						"2.0667": [0, 0, 39],
						"2.125": [0, 0, 39],
						"2.1333": [0, 0, 0]
					},
					"position": {
						"1.5333": [0, 0, 0],
						"1.6": [8.9022, 33.33089, 1.58406],
						"1.8667": [27.32778, 46.7225, 13.14946],
						"2.0667": [27.33, 46.72, 13.15],
						"2.125": [27.33, 46.72, 13.15],
						"2.1333": [0, 0, 0]
					}
				},
				"camera": {
					"rotation": {
						"0.0": [0, 0, 0],
						"0.4": [0, 27.5, 0],
						"0.5333": [25, 27.5, 0],
						"1.2667": [30, 27.5, 0],
						"1.5333": [20, 27.5, 0],
						"2.0": [15, 27.5, 0],
						"2.8": [0, 0, 0]
					}
				}
			}
		},
		"reload_empty": {
			"loop": true,
			"animation_length": 3.2,
			"bones": {
				"lefthand": {
					"rotation": [70.35649, -36.95042, 256.14711],
					"position": [7.25, -14, -6],
					"scale": [1, 1.5, 1]
				},
				"righthand": {
					"rotation": {
						"0.2667": [97.04901, -7.59329, -111.02586],
						"0.4667": [139.54901, -7.59329, -111.02586],
						"0.7333": [118.51922, -13.99324, -118.85276],
						"1.0": [118.52, -13.99, -118.85],
						"1.1333": [137.00735, -50.69777, -151.05956],
						"1.2": [137.01, -50.7, -151.06],
						"1.5333": [174.37327, 3.07443, -188.33912],
						"2.1333": [174.37327, 3.07443, -188.33912],
						"2.2667": [118.52, -13.99, -118.85],
						"2.4": [118.51922, -13.99324, -118.85276]
					},
					"position": {
						"0.2667": [-7.4375, -14.78125, 4.95313],
						"0.4667": [-16.76182, -18.18941, 3.73358],
						"0.7333": [-5.06509, -13.18659, 23.35188],
						"0.9333": [-4.72, -12.59, 39],
						"1.0": [-4.6, -12.39, 43.215],
						"1.1333": [-6.1325, -12.8775, 43.35],
						"1.2": [-6.1325, -12.8775, 43.35],
						"1.4667": [-19.33422, -69.78953, 48.92483],
						"1.5333": [-42.056, -53.29209, 18.19988],
						"1.9333": [-42.056, -53.29209, 18.19988],
						"2.1333": [-47.88511, -71.37144, 11.94464],
						"2.2667": [-4.6, -12.39, 43.215],
						"2.4": [-5.06509, -13.18659, 23.35188]
					},
					"scale": [1, 1.2, 1]
				},
				"constraint": {
					"rotation": [0, 0, 0],
					"position": [0, 0, 0]
				},
				"bp": {
					"position": {
						"0.7333": [0, 0, 0],
						"1.0": [0, 0, 20],
						"1.0667": [0, 0, 20],
						"1.1333": [0, 0, 20],
						"2.2667": [0, 0, 20],
						"2.4": [0, 0, 0]
					}
				},
				"bar": {
					"position": {
						"0.7333": [0, 0, 0],
						"1.0": [0, 0, 1]
					},
					"scale": {
						"0.7333": [1, 1, 1],
						"1.0": [1, 1, 3.2],
						"1.0667": [1, 1, 3.2],
						"1.1333": [1, 1, 3.2],
						"2.2667": [1, 1, 3.2],
						"2.4": [1, 1, 1]
					}
				},
				"cell": {
					"rotation": {
						"1.1333": [0, 0, 0],
						"1.3333": [0, 60, 0],
						"1.5333": [0, 0, 0],
						"2.0667": [0, 0, 0],
						"2.125": [0, 0, 0],
						"2.1333": [0, 0, 0]
					},
					"position": {
						"0.7333": [0, 0, 0],
						"0.9333": [-0.28483, 0.23185, 14.77929],
						"1.0": [0, 0, 19.25],
						"1.0667": [0, 0, 19.25],
						"1.1333": [0, 0, 19],
						"1.2667": [-15, -8, 13.81],
						"1.4": [-34.88248, -20.98257, 5.9908],
						"1.5333": [-34.88, -43.98, 5.99],
						"2.0667": [-34.88, -43.98, 5.99],
						"2.125": [-34.88, -43.98, 5.99],
						"2.1333": [0, 0, 19],
						"2.2667": [0, 0, 19],
						"2.4": [0, 0, 0]
					}
				},
				"root": {
					"rotation": {
						"0.0": [0, 0, 0],
						"0.2667": [14.48174, 9.93191, -33.73499],
						"0.5333": [47.20521, -11.96742, -54.38699],
						"1.2667": [47.20521, -11.96742, -54.38699],
						"1.5333": [53.90664, -22.7109, -43.39835],
						"2.5333": [53.90664, -22.7109, -43.39835],
						"2.8": [0, 0, 0]
					},
					"position": {
						"0.0": [0, 0, 0],
						"0.2667": [2.86788, -3.9062, 1.23162],
						"0.5333": [16.19494, -8.29807, -4.72119],
						"1.2667": [16.19494, -8.29807, -4.72119],
						"2.3333": [16.19, -8.3, -4.72],
						"2.4": [16.315, -8.3, -4.72],
						"2.5333": [16.19494, -8.29807, -4.72119],
						"2.8": [0, 0, 0]
					}
				},
				"cell_inner": {
					"scale": {
						"1.6": {"pre": [1, 1, 1], "post": [0, 0, 0]}
					}
				},
				"pin": {
					"scale": {
						"1.0667": [1, 1, 1],
						"1.1333": [1, 1, 5],
						"1.2667": [1, 1, 3.6667],
						"1.3333": [1, 1, 1]
					}
				},
				"cl": {
					"rotation": {
						"1.5333": [0, 0, 0],
						"1.6": [0, 0, 30],
						"2.0": [0, 0, 39],
						"2.0667": [0, 0, 39],
						"2.125": [0, 0, 39],
						"2.1333": [0, 0, 0]
					},
					"position": {
						"1.5333": [0, 0, 0],
						"1.6": [8.9022, 33.33089, 1.58406],
						"1.8667": [27.32778, 46.7225, 13.14946],
						"2.0667": [27.33, 46.72, 13.15],
						"2.125": [27.33, 46.72, 13.15],
						"2.1333": [0, 0, 0]
					}
				},
				"cell_inner_illuminated": {
					"scale": {
						"1.6": {"pre": [0, 0, 0], "post": [1, 1, 1]}
					}
				},
				"camera": {
					"rotation": {
						"0.0": [0, 0, 0],
						"0.4": [0, 27.5, 0],
						"0.5333": [25, 27.5, 0],
						"1.2667": [30, 27.5, 0],
						"1.5333": [20, 27.5, 0],
						"2.0": [15, 27.5, 0],
						"2.8": [0, 0, 0]
					}
				},
				"laser": {
					"scale": {
						"0.0": [0, 0, 0],
						"2.8": [0, 0, 0],
						"2.9333": [0.0417, 0.0417, 1],
						"3.0667": [0.1667, 0.1667, 1],
						"3.2": [1, 1, 1]
					}
				}
			}
		},
		"shoot": {
			"animation_length": 0.2667,
			"bones": {
				"constraint": {
					"rotation": [0.1, 0.1, 0.1],
					"position": [0, 0, 0]
				},
				"root": {
					"rotation": {
						"0.0": [0, 0, 0],
						"0.0667": [-1, 0, 0],
						"0.2667": [0, 0, 0]
					},
					"position": {
						"0.0": {
							"post": [0, 0, 0],
							"lerp_mode": "catmullrom"
						},
						"0.0667": {
							"post": [0, 0, 5],
							"lerp_mode": "catmullrom"
						},
						"0.1667": {
							"post": [0, 0, 2.27],
							"lerp_mode": "catmullrom"
						},
						"0.2333": {
							"post": [0, 0, 0.71],
							"lerp_mode": "catmullrom"
						},
						"0.2667": {
							"post": [0, 0, 0],
							"lerp_mode": "catmullrom"
						}
					}
				},
				"laser": {
					"scale": {
						"0.0": [1, 1, 1],
						"0.1": [1.7, 1.7, 1],
						"0.2333": [1, 1, 1]
					}
				}
			}
		}
	}
}