{
	"format_version": "1.8.0",
	"animations": {
		"static_idle": {
			"loop": true,
			"bones": {
				"lefthand": {
					"rotation": [54.73561, -30, -82.64256],
					"position": [6, -13, 0],
					"scale": [1, 1.5, 1.2]
				},
				"righthand": {
					"rotation": [64.81092, -6.79382, 3.18458],
					"position": [4, -19, 0]
				},
				"righthand_pos": {
					"position": [-10, -14, 12]
				},
				"gun": {
					"rotation": [0, 0, 0],
					"position": [0, 0, 0]
				},
				"constraint": {
					"rotation": [0.2, 0.2, 0.2],
					"position": [0.2, 0.2, 0.2]
				}
			}
		},
		"inspect": {
			"loop": true,
			"animation_length": 3,
			"bones": {
				"lefthand": {
					"rotation": [54.73561, -30, -82.64256],
					"position": [6, -13, 0],
					"scale": [1, 1.5, 1.2]
				},
				"righthand": {
					"rotation": {
						"0.0": [64.81092, -6.79382, 3.18458],
						"0.6": [64.81, -6.79, 3.18],
						"0.9": [61.69972, -26.94229, 13.70758],
						"2.6": [61.69972, -26.94229, 13.70758],
						"2.9": [64.81092, -6.79382, 3.18458]
					},
					"position": {
						"0.0": [4, -19, 0],
						"0.6": [4, -19, 0],
						"0.8": [-1, -19, -3],
						"1.0": [9, -17, -6],
						"1.1": [9, -17, -3],
						"2.5": [9, -17, -3],
						"2.7": [2.64207, -19.71302, -1.50771],
						"3.0": [4, -19, 0]
					},
					"scale": {
						"0.6": [1, 1, 1],
						"0.9": [1, 1.5, 1],
						"2.6": [1, 1.5, 1],
						"2.8": [1, 1, 1]
					}
				},
				"righthand_pos": {
					"position": [-10, -14, 12]
				},
				"gun": {
					"rotation": [0, 0, 0],
					"position": [0, 0, 0]
				},
				"constraint": {
					"rotation": [0.2, 0.2, 0.2],
					"position": [0.2, 0.2, 0.2]
				},
				"root": {
					"rotation": {
						"0.0": [0, 0, 0],
						"0.3": [-44.89078, 3.53329, 3.54002],
						"0.5": [-44.89078, 3.53329, 3.54002],
						"1.0": [-42.79691, 24.61968, 3.97628],
						"1.2": [-42.95412, 24.9861, 3.60151],
						"1.4": [-42.79691, 24.61968, 3.97628],
						"2.6": [-42.79691, 24.61968, 3.97628],
						"2.9": [0, 0, 0]
					},
					"position": {
						"0.0": [0, 0, 0],
						"0.4": [0, -7, -5],
						"1.0": [11, -2, -5],
						"1.2": [11, -2.17187, -5],
						"1.4": [11, -2, -5],
						"2.6": [11, -2, -5],
						"2.9": [0, 0, 0]
					}
				},
				"bullet": {
					"position": {
						"0.0": [-0.25, 1, 5],
						"1.1": [-0.1875, 1, 5]
					},
					"scale": {
						"1.0": {
							"pre": [0, 0, 0],
							"post": [1, 1, 1]
						}
					}
				},
				"camera": {
					"rotation": {
						"0.0": [0, 0, 0],
						"0.5": [7.52832, -4.95712, -0.65426],
						"0.9": [7.53, -4.96, -0.65],
						"1.7": [8.53, -4.96, -0.65],
						"2.4": [10.81982, -5.70258, -0.75568],
						"2.7": [7.52832, -4.95712, -0.65426],
						"3.0": [0, 0, 0]
					},
					"position": {
						"0.0": [0, 0, 0],
						"0.5": [-3, 0, 45],
						"2.7": [-3, 0, 10],
						"3.0": [0, 0, 0]
					}
				},
				"chember": {
					"position": {
						"1.0": [0, 0, 0],
						"1.1": [0, 0, 2],
						"2.5": [0, 0, 2],
						"2.6": [0, 0, 0]
					}
				}
			}
		},
		"inspect_empty": {
			"loop": true,
			"animation_length": 3,
			"bones": {
				"lefthand": {
					"rotation": [54.73561, -30, -82.64256],
					"position": [6, -13, 0],
					"scale": [1, 1.5, 1.2]
				},
				"righthand": {
					"rotation": {
						"0.0": [64.81092, -6.79382, 3.18458],
						"0.6": [64.81, -6.79, 3.18],
						"0.9": [61.69972, -26.94229, 13.70758],
						"2.6": [61.69972, -26.94229, 13.70758],
						"2.9": [64.81092, -6.79382, 3.18458]
					},
					"position": {
						"0.0": [4, -19, 0],
						"0.6": [4, -19, 0],
						"0.8": [-1, -19, -3],
						"1.0": [9, -17, -6],
						"1.1": [9, -17, -3],
						"2.5": [9, -17, -3],
						"2.7": [2.64207, -19.71302, -1.50771],
						"3.0": [4, -19, 0]
					},
					"scale": {
						"0.6": [1, 1, 1],
						"0.9": [1, 1.5, 1],
						"2.6": [1, 1.5, 1],
						"2.8": [1, 1, 1]
					}
				},
				"righthand_pos": {
					"position": [-10, -14, 12]
				},
				"gun": {
					"rotation": [0, 0, 0],
					"position": [0, 0, 0]
				},
				"constraint": {
					"rotation": [0.2, 0.2, 0.2],
					"position": [0.2, 0.2, 0.2]
				},
				"root": {
					"rotation": {
						"0.0": [0, 0, 0],
						"0.3": [-44.89078, 3.53329, 3.54002],
						"0.5": [-44.89078, 3.53329, 3.54002],
						"1.0": [-42.79691, 24.61968, 3.97628],
						"1.2": [-42.95412, 24.9861, 3.60151],
						"1.4": [-42.79691, 24.61968, 3.97628],
						"2.6": [-42.79691, 24.61968, 3.97628],
						"2.9": [0, 0, 0]
					},
					"position": {
						"0.0": [0, 0, 0],
						"0.4": [0, -7, -5],
						"1.0": [11, -2, -5],
						"1.2": [11, -2.17187, -5],
						"1.4": [11, -2, -5],
						"2.6": [11, -2, -5],
						"2.9": [0, 0, 0]
					}
				},
				"bullet": {
					"position": {
						"0.0": [-0.25, 1, 5],
						"1.1": [-0.1875, 1, 5]
					},
					"scale": 0
				},
				"camera": {
					"rotation": {
						"0.0": [0, 0, 0],
						"0.5": [7.52832, -4.95712, -0.65426],
						"0.9": [7.53, -4.96, -0.65],
						"1.7": [8.53, -4.96, -0.65],
						"2.4": [10.81982, -5.70258, -0.75568],
						"2.7": [7.52832, -4.95712, -0.65426],
						"3.0": [0, 0, 0]
					},
					"position": {
						"0.0": [0, 0, 0],
						"0.5": [-3, 0, 45],
						"2.7": [-3, 0, 10],
						"3.0": [0, 0, 0]
					}
				},
				"chember": {
					"position": {
						"1.0": [0, 0, 0],
						"1.1": [0, 0, 2],
						"2.5": [0, 0, 2],
						"2.6": [0, 0, 0]
					}
				}
			}
		},
		"bolt": {
			"loop": true,
			"animation_length": 0.2,
			"bones": {
				"lefthand": {
					"rotation": {
						"0.0": [54.73561, -30, -82.64256],
						"0.1": [49.73561, -30, -82.64256],
						"0.2": [54.73561, -30, -82.64256]
					},
					"position": {
						"0.0": [6, -13, 0],
						"0.1": [6, -13, 6],
						"0.2": [6, -13, 0]
					},
					"scale": [1, 1.5, 1.2]
				},
				"righthand": {
					"rotation": [64.81092, -6.79382, 3.18458],
					"position": [4, -19, 0]
				},
				"righthand_pos": {
					"position": [-10, -14, 12]
				},
				"gun": {
					"rotation": [0, 0, 0],
					"position": [0, 0, 0]
				},
				"constraint": {
					"rotation": [0.2, 0.2, 0.2],
					"position": [0.2, 0.2, 0.2]
				},
				"outer": {
					"position": {
						"0.0": [0, 0, 0],
						"0.1": [0, 0, 4],
						"0.2": [0, 0, 0]
					}
				}
			}
		},
		"reload_empty": {
			"animation_length": 3.9,
			"bones": {
				"lefthand": {
					"rotation": {
						"0.0": [54.73561, -30, -82.64256],
						"0.2": [54.73561, -30, -82.64256],
						"0.3": [147.87289, -388.93057, -200.61737],
						"3.2": [147.87289, -388.93057, -200.61737],
						"3.3": [54.73561, -30, -82.64256],
						"3.6": [54.73561, -30, -82.64256],
						"3.7": [49.73561, -30, -82.64256],
						"3.8": [54.73561, -30, -82.64256]
					},
					"position": {
						"0.0": [6, -13, 0],
						"0.3": [6, -47, 0],
						"0.5": [6, -15, 15],
						"0.6": [6, -13.4375, 17],
						"0.8": [1, -38, 15],
						"1.0": [6, -15, 15],
						"1.1": [6, -13.4375, 17],
						"1.3": [1, -38, 15],
						"1.5": [6, -15, 15],
						"1.6": [6, -13.4375, 17],
						"1.8": [1, -38, 15],
						"2.0": [6, -15, 15],
						"2.1": [6, -13.4375, 17],
						"2.3": [1, -38, 15],
						"2.5": [6, -15, 15],
						"2.6": [6, -13.4375, 17],
						"2.8": [1, -38, 15],
						"3.0": [6, -15, 15],
						"3.1": [6, -13.4375, 17],
						"3.3": [1, -38, 15],
						"3.5": [6, -13, 0],
						"3.6": [6, -13, 0],
						"3.7": [6, -13, 6],
						"3.8": [6, -13, 0]
					},
					"scale": {
						"0.0": [1, 1.5, 1.2],
						"0.2": [1, 1, 1],
						"3.3": [1, 1, 1],
						"3.6": [1.2, 1.5, 1.2]
					}
				},
				"righthand": {
					"rotation": [64.81092, -6.79382, 3.18458],
					"position": [4, -19, 0]
				},
				"righthand_pos": {
					"position": [-10, -14, 12]
				},
				"outer": {
					"position": {
						"3.6": [0, 0, 0],
						"3.7": [0, 0, 4],
						"3.8": [0, 0, 0]
					}
				},
				"root": {
					"rotation": {
						"0.0": [0, 0, 0],
						"0.4": [-7.08479, -2.34317, -22.37858],
						"0.5": [-7.08, -2.34, -22.38],
						"0.6": [-8.08, -2.34, -22.38],
						"0.7": [-7.08, -2.34, -22.38],
						"0.9": [-7.08479, -2.34317, -22.37858],
						"1.0": [-7.08, -2.34, -22.38],
						"1.1": [-8.08, -2.34, -22.38],
						"1.2": [-7.08, -2.34, -22.38],
						"1.4": [-7.08479, -2.34317, -22.37858],
						"1.5": [-7.08, -2.34, -22.38],
						"1.6": [-8.08, -2.34, -22.38],
						"1.7": [-7.08, -2.34, -22.38],
						"1.9": [-7.08479, -2.34317, -22.37858],
						"2.0": [-7.08, -2.34, -22.38],
						"2.1": [-8.08, -2.34, -22.38],
						"2.2": [-7.08, -2.34, -22.38],
						"2.4": [-7.08479, -2.34317, -22.37858],
						"2.5": [-7.08, -2.34, -22.38],
						"2.6": [-8.08, -2.34, -22.38],
						"2.7": [-7.08, -2.34, -22.38],
						"3.0": [-7.08, -2.34, -22.38],
						"3.1": [-8.08, -2.34, -22.38],
						"3.2": [-7.08, -2.34, -22.38],
						"3.3": [-7.08479, -2.34317, -22.37858],
						"3.9": [0, 0, 0]
					},
					"position": {
						"0.0": [0, 0, 0],
						"0.3": [0, 0, 1],
						"3.4": [0, 0, 1],
						"3.9": [0, 0, 0]
					}
				},
				"bullet": {
					"position": {
						"0.0": [0, -22, 0],
						"0.4": [0, -22, 0],
						"0.5": [0, -3, 3],
						"0.6": [0, -1, 5],
						"0.7": [0, 0, 5],
						"0.9": [0, -22, 0],
						"1.0": [0, -3, 3],
						"1.1": [0, -1, 5],
						"1.2": [0, 0, 5],
						"1.4": [0, -22, 0],
						"1.5": [0, -3, 3],
						"1.6": [0, -1, 5],
						"1.7": [0, 0, 5],
						"1.9": [0, -22, 0],
						"2.0": [0, -3, 3],
						"2.1": [0, -1, 5],
						"2.2": [0, 0, 5],
						"2.4": [0, -22, 0],
						"2.5": [0, -3, 3],
						"2.6": [0, -1, 5],
						"2.7": [0, 0, 5],
						"2.9": [0, -22, 0],
						"3.0": [0, -3, 3],
						"3.1": [0, -1, 5],
						"3.2": [0, 0, 5]
					},
					"scale": {
						"0.4": {"pre": [0, 0, 0], "post": [1, 1, 1]},
						"0.7": {"pre": [1, 1, 1], "post": [0, 0, 0]},
						"0.9": {"pre": [0, 0, 0], "post": [1, 1, 1]},
						"1.2": {"pre": [1, 1, 1], "post": [0, 0, 0]},
						"1.4": {"pre": [0, 0, 0], "post": [1, 1, 1]},
						"1.7": {"pre": [1, 1, 1], "post": [0, 0, 0]},
						"1.9": {"pre": [0, 0, 0], "post": [1, 1, 1]},
						"2.2": {"pre": [1, 1, 1], "post": [0, 0, 0]},
						"2.4": {"pre": [0, 0, 0], "post": [1, 1, 1]},
						"2.7": {"pre": [1, 1, 1], "post": [0, 0, 0]},
						"2.9": {"pre": [0, 0, 0], "post": [1, 1, 1]}
					}
				},
				"constraint": {
					"rotation": [0.2, 0.2, 0.2],
					"position": [0.2, 0.2, 0.2]
				},
				"camera": {
					"rotation": {
						"0.0": [0, 0, 0],
						"0.2": [5, 0, 2.5],
						"3.6": [5, 0, 2.5],
						"3.9": [0, 0, 0]
					}
				}
			}
		},
		"reload_tactical": {
			"animation_length": 2.5,
			"bones": {
				"lefthand": {
					"rotation": {
						"0.0": [54.73561, -30, -82.64256],
						"0.2": [54.73561, -30, -82.64256],
						"0.3": [147.87289, -388.93057, -200.61737],
						"1.7": [147.87289, -388.93057, -200.61737],
						"1.8": [54.73561, -30, -82.64256],
						"2.1": [54.73561, -30, -82.64256],
						"2.2": [49.73561, -30, -82.64256],
						"2.3": [54.73561, -30, -82.64256]
					},
					"position": {
						"0.0": [6, -13, 0],
						"0.3": [6, -47, 0],
						"0.5": [6, -15, 15],
						"0.6": [6, -13.4375, 17],
						"0.8": [1, -38, 15],
						"1.0": [6, -15, 15],
						"1.1": [6, -13.4375, 17],
						"1.3": [1, -38, 15],
						"1.5": [6, -15, 15],
						"1.6": [6, -13.4375, 17],
						"1.8": [1, -38, 15],
						"2.0": [6, -13, 0],
						"2.1": [6, -13, 0],
						"2.2": [6, -13, 6],
						"2.3": [6, -13, 0]
					},
					"scale": {
						"0.0": [1, 1.5, 1.2],
						"0.2": [1, 1, 1],
						"1.8": [1, 1, 1],
						"2.0": [1, 1.5, 1.2]
					}
				},
				"righthand": {
					"rotation": [64.81092, -6.79382, 3.18458],
					"position": [4, -19, 0]
				},
				"righthand_pos": {
					"position": [-10, -14, 12]
				},
				"outer": {
					"position": {
						"2.1": [0, 0, 0],
						"2.2": [0, 0, 4],
						"2.3": [0, 0, 0]
					}
				},
				"root": {
					"rotation": {
						"0.0": [0, 0, 0],
						"0.4": [-7.08479, -2.34317, -22.37858],
						"0.5": [-7.08, -2.34, -22.38],
						"0.6": [-8.08, -2.34, -22.38],
						"0.7": [-7.08, -2.34, -22.38],
						"1.0": [-7.08, -2.34, -22.38],
						"1.1": [-8.08, -2.34, -22.38],
						"1.2": [-7.08, -2.34, -22.38],
						"1.5": [-7.08, -2.34, -22.38],
						"1.6": [-8.08, -2.34, -22.38],
						"1.7": [-7.08, -2.34, -22.38],
						"2.0": [-7.08479, -2.34317, -22.37858],
						"2.4": [0, 0, 0]
					},
					"position": {
						"0.0": [0, 0, 0],
						"0.3": [0, 0, 1],
						"2.1": [0, 0, 1],
						"2.4": [0, 0, 0]
					}
				},
				"bullet": {
					"position": {
						"0.0": [0, -22, 0],
						"0.4": [0, -22, 0],
						"0.5": [0, -3, 3],
						"0.6": [0, -1, 5],
						"0.7": [0, 0, 5],
						"0.9": [0, -22, 0],
						"1.0": [0, -3, 3],
						"1.1": [0, -1, 5],
						"1.2": [0, 0, 5],
						"1.4": [0, -22, 0],
						"1.5": [0, -3, 3],
						"1.6": [0, -1, 5],
						"1.7": [0, 0, 5]
					},
					"scale": {
						"0.4": {
							"pre": [0, 0, 0],
							"post": [1, 1, 1]
						},
						"0.7": {
							"pre": [1, 1, 1],
							"post": [0, 0, 0]
						},
						"0.9": {
							"pre": [0, 0, 0],
							"post": [1, 1, 1]
						},
						"1.2": {
							"pre": [1, 1, 1],
							"post": [0, 0, 0]
						},
						"1.4": {
							"pre": [0, 0, 0],
							"post": [1, 1, 1]
						}
					}
				},
				"camera": {
					"rotation": {
						"0.0": [0, 0, 0],
						"0.2": [5, 0, 2.5],
						"0.4": [5, 0, 2.5],
						"0.5": [4.99924, 0.08715, 1.5038],
						"0.6": [5, 0, 2.5],
						"1.6": [5, 0, 2.5],
						"1.7": [4.99924, 0.08715, 1.5038],
						"1.8": [5, 0, 2.5],
						"2.1": [5, 0, 2.5],
						"2.3": [0, 0, 0]
					},
					"position": {
						"0.0": [0, 0, 0],
						"0.2": [0, 0, 5],
						"2.1": [0, 0, 5],
						"2.3": [0, 0, 0]
					}
				}
			}
		},
		"shoot": {
			"animation_length": 0.7334,
			"bones": {
				"root": {
					"rotation": {
						"0.0": {
							"post": [0, 0, 0],
							"lerp_mode": "catmullrom"
						},
						"0.1294": {
							"post": [-2.5, 0, 0],
							"lerp_mode": "catmullrom"
						},
						"0.3451": {
							"post": [-1.5, 0, 0],
							"lerp_mode": "catmullrom"
						},
						"0.5177": {
							"post": [0, 0, 0],
							"lerp_mode": "catmullrom"
						}
					},
					"position": {
						"0.0": [0, 0, 0],
						"0.2157": [0, 0, 7],
						"0.3883": [0, 0, 4],
						"0.5177": [0, 0, 0]
					}
				},
				"outer": {
					"position": {
						"0.5177": [0, 0, 0],
						"0.604": [0, 0, 4],
						"0.7334": [0, 0, 0]
					}
				},
				"bullet": {
					"rotation": {
						"0.5177": [0, 0, 0],
						"0.5608": [0, 5, 0]
					},
					"position": {
						"0.0": [-0.25, -2, -2],
						"0.5177": {
							"pre": [-0.25, 1, 5],
							"post": [-0.25, 1, 5],
							"lerp_mode": "catmullrom"
						},
						"0.5608": {
							"post": [-0.25, 1, 5],
							"lerp_mode": "catmullrom"
						},
						"0.604": {
							"post": [-3.23858, 2, 5.26147],
							"lerp_mode": "catmullrom"
						},
						"0.6471": {
							"post": [-5.31955, 2.1875, 4.43812],
							"lerp_mode": "catmullrom"
						},
						"0.6903": {
							"post": [-8.3929, -0.7475, 3.69908],
							"lerp_mode": "catmullrom"
						},
						"0.7334": {
							"post": [-14.471, -16.875, -4.80513],
							"lerp_mode": "catmullrom"
						}
					},
					"scale": {
						"0.4745": {
							"pre": [0, 0, 0],
							"post": [1, 1, 1]
						},
						"0.7334": {
							"pre": [1, 1, 1],
							"post": [0, 0, 0]
						}
					}
				},
				"constraint": {
					"rotation": [0.5, 0.5, 0.5],
					"position": [0.5, 0.5, 0.5]
				},
				"lefthand": {
					"position": {
						"0.5177": [0, 0, 0],
						"0.604": [0, 0, 6],
						"0.7334": [0, 0, 0]
					}
				},
				"chember": {
					"position": {
						"0.5177": [0, 0, 0],
						"0.604": [0, 0, 2.5],
						"0.6471": [0, 0, 2],
						"0.7334": [0, 0, 0]
					}
				}
			}
		}
	}
}