{
	"format_version": "1.8.0",
	"animations": {
		"static_idle": {
			"loop": true,
			"bones": {
				"constraint": {
					"rotation": [0.2, 0.2, 0.2],
					"position": [0.2, 0.2, 0.2]
				},
				"righthand": {
					"rotation": [97.09743, -347.41944, -181.33071],
					"position": [-6.34508, -14.9772, 12.70525],
					"scale": [1, 1.1, 1]
				},
				"lefthand": {
					"rotation": [89.56048, 11.24588, 116.80696],
					"position": [14.55292, -12.77313, 4.98317]
				}
			}
		},
		"static_bolt_caught": {
			"loop": true,
			"bones": {
				"constraint": {
					"rotation": [0.2, 0.2, 0.2],
					"position": [0.2, 0.2, 0.2]
				},
				"glowout_illuminated": {
					"position": [0, 0, -0.3125]
				},
				"righthand": {
					"rotation": [97.09743, -347.41944, -181.33071],
					"position": [-6.34508, -14.9772, 12.70525],
					"scale": [1, 1.1, 1]
				},
				"lefthand": {
					"rotation": [89.56048, 11.24588, 116.80696],
					"position": [14.55292, -12.77313, 4.98317]
				}
			}
		},
		"inspect": {
			"loop": "hold_on_last_frame",
			"animation_length": 8.3333,
			"bones": {
				"root": {
					"rotation": {
						"0.0": [0, 0, 0],
						"0.3667": {
							"pre": [1.73, -2.93, -1.46],
							"post": [1.73, -2.93, -1.46],
							"lerp_mode": "catmullrom"
						},
						"0.8333": {
							"post": [-0.53, -8.7, -1.45],
							"lerp_mode": "catmullrom"
						},
						"1.3333": [2.88066, -29.8742, -5.76863],
						"3.7": [2.88066, -29.8742, -5.76863],
						"7.5667": [2.88066, -29.8742, -5.76863],
						"8.3333": [0, 0, 0]
					},
					"position": {
						"0.0": [0, 0, 0],
						"0.4333": {
							"pre": [2.8205, 0.05445, 0.6512],
							"post": [2.8205, 0.05445, 0.6512],
							"lerp_mode": "catmullrom"
						},
						"0.9": {
							"post": [1.4, 0.35, 0.35],
							"lerp_mode": "catmullrom"
						},
						"1.3333": [8, 2, 2],
						"3.7": [8, 2, 2],
						"7.5667": [8, 2, 2],
						"8.3333": [0, 0, 0]
					}
				},
				"gun": {
					"rotation": {
						"3.5667": [0, 0, 0],
						"4.6333": {
							"pre": [0, 0, 35],
							"post": [0, 0, 35],
							"lerp_mode": "catmullrom"
						},
						"5.0": {
							"post": [0, -5, 35],
							"lerp_mode": "catmullrom"
						},
						"5.5333": [0, -5, 35],
						"6.7667": [0, -5, 35],
						"7.1": {
							"pre": [0, 0, 35],
							"post": [0, 0, 35],
							"lerp_mode": "catmullrom"
						},
						"7.4667": {
							"post": [0, -5, 35],
							"lerp_mode": "catmullrom"
						},
						"7.8667": [0, 0, 0]
					},
					"position": {
						"3.5667": [0, 0, 0],
						"4.6333": {
							"pre": [-0.26147, -2.98858, 0],
							"post": [-0.26147, -2.98858, 0],
							"lerp_mode": "catmullrom"
						},
						"5.0": {
							"post": [0.55603, -3.56139, 0.08716],
							"lerp_mode": "catmullrom"
						},
						"5.5333": [0.55603, -3.56139, 0.08716],
						"6.7667": [0.55603, -3.56139, 0.08716],
						"7.1": {
							"pre": [-0.26147, -2.98858, 0],
							"post": [-0.26147, -2.98858, 0],
							"lerp_mode": "catmullrom"
						},
						"7.4667": {
							"post": [0.55603, -3.56139, 0.08716],
							"lerp_mode": "catmullrom"
						},
						"7.8667": [0, 0, 0]
					}
				},
				"valve": {
					"rotation": {
						"5.1333": [0, 0, 0],
						"5.6": {
							"pre": [0, 12.5, 0],
							"post": [0, 12.5, 0],
							"lerp_mode": "catmullrom"
						},
						"6.0": {
							"post": [0, -12.5, 0],
							"lerp_mode": "catmullrom"
						},
						"6.6333": [0, 0, 0]
					}
				},
				"key": {
					"rotation": {
						"1.9": [0, 0, 0],
						"2.2333": [-12.5, 0, 0],
						"2.7333": [-12.5, 0, 0],
						"3.0": [0, 0, 0]
					}
				},
				"camera": {
					"rotation": {
						"0.0": [0, 0, 0],
						"0.4333": {
							"pre": [5, 0, 0],
							"post": [5, 0, 0],
							"lerp_mode": "catmullrom"
						},
						"2.5": {
							"post": [0, 15, 0],
							"lerp_mode": "catmullrom"
						},
						"3.9667": {
							"post": [0, 15, 0],
							"lerp_mode": "catmullrom"
						},
						"4.8333": {
							"post": [5, 0, 0],
							"lerp_mode": "catmullrom"
						},
						"7.1333": {
							"post": [5, 0, 0],
							"lerp_mode": "catmullrom"
						},
						"8.0": [0, 0, 0]
					}
				},
				"righthand": {
					"rotation": [97.09743, -347.41944, -181.33071],
					"position": [-6.34508, -14.9772, 12.70525],
					"scale": [1, 1.1, 1]
				},
				"lefthand": {
					"rotation": {
						"0.0": {
							"post": [89.56048, 11.24588, 116.80696],
							"lerp_mode": "catmullrom"
						},
						"1.0667": {
							"post": [89.56, 11.25, 116.81],
							"lerp_mode": "catmullrom"
						},
						"1.6": {
							"post": [175.88775, 10.88062, 110.70782],
							"lerp_mode": "catmullrom"
						},
						"1.7333": {
							"post": [175.88775, 10.88062, 110.70782],
							"lerp_mode": "catmullrom"
						},
						"2.2667": {
							"post": [175.51235, 25.83896, 109.52619],
							"lerp_mode": "catmullrom"
						},
						"2.8": {
							"post": [175.51235, 25.83896, 109.52619],
							"lerp_mode": "catmullrom"
						},
						"3.3667": {
							"post": [175.88775, 10.88062, 110.70782],
							"lerp_mode": "catmullrom"
						},
						"3.6333": {
							"post": [179.9056, 11.62265, 131.09002],
							"lerp_mode": "catmullrom"
						},
						"4.0": {
							"post": [179.30264, 10.49698, 127.31243],
							"lerp_mode": "catmullrom"
						},
						"4.5": {
							"post": [170.98677, 7.36923, 80.518],
							"lerp_mode": "catmullrom"
						},
						"4.8": {
							"post": [178.98503, 4.72972, 60.63731],
							"lerp_mode": "catmullrom"
						},
						"5.0": {
							"post": [178.98503, 4.72972, 60.63731],
							"lerp_mode": "catmullrom"
						},
						"5.3": {
							"post": [178.88637, 24.72635, 60.25514],
							"lerp_mode": "catmullrom"
						},
						"5.8333": {
							"post": [178.88637, 24.72635, 60.25514],
							"lerp_mode": "catmullrom"
						},
						"6.2667": {
							"post": [178.98503, 4.72972, 60.63731],
							"lerp_mode": "catmullrom"
						},
						"6.7": {
							"post": [178.98503, 4.72972, 60.63731],
							"lerp_mode": "catmullrom"
						},
						"7.2333": {
							"post": [170.98677, 7.36923, 80.518],
							"lerp_mode": "catmullrom"
						},
						"7.7667": {
							"post": [179.30264, 10.49698, 127.31243],
							"lerp_mode": "catmullrom"
						},
						"8.2": {
							"post": [89.56048, 11.24588, 116.80696],
							"lerp_mode": "catmullrom"
						}
					},
					"position": {
						"0.0": {
							"post": [14.55292, -12.77313, 4.98317],
							"lerp_mode": "catmullrom"
						},
						"1.0667": {
							"post": [14.55, -12.77, 4.98],
							"lerp_mode": "catmullrom"
						},
						"1.6": {
							"post": [10.40664, -5.59963, 5.60637],
							"lerp_mode": "catmullrom"
						},
						"1.7333": {
							"post": [10.19629, -5.45088, 5.60056],
							"lerp_mode": "catmullrom"
						},
						"3.3667": {
							"post": [10.19629, -5.45088, 5.60056],
							"lerp_mode": "catmullrom"
						},
						"3.6333": {
							"post": [14.44872, -10.95002, 5.33442],
							"lerp_mode": "catmullrom"
						},
						"4.0": {
							"post": [20.24391, -4.30598, 7.14319],
							"lerp_mode": "catmullrom"
						},
						"4.5": {
							"post": [15.34623, -1.2464, 6.94377],
							"lerp_mode": "catmullrom"
						},
						"4.8": {
							"post": [13.01808, -6.14572, 7.87867],
							"lerp_mode": "catmullrom"
						},
						"5.0": {
							"post": [13.01808, -6.14572, 7.87867],
							"lerp_mode": "catmullrom"
						},
						"6.2667": {
							"post": [13.02, -6.15, 7.88],
							"lerp_mode": "catmullrom"
						},
						"6.7": {
							"post": [13.01808, -6.14572, 7.87867],
							"lerp_mode": "catmullrom"
						},
						"7.2333": {
							"post": [15.34623, -1.2464, 6.94377],
							"lerp_mode": "catmullrom"
						},
						"7.7667": {
							"post": [20.24391, -4.30598, 7.14319],
							"lerp_mode": "catmullrom"
						},
						"8.2": {
							"post": [14.55292, -12.77313, 4.98317],
							"lerp_mode": "catmullrom"
						}
					},
					"scale": {
						"1.0667": {
							"pre": [1, 1, 1],
							"post": [1, 1, 1],
							"lerp_mode": "catmullrom"
						},
						"1.6": {
							"post": [0.725, 1, 0.825],
							"lerp_mode": "catmullrom"
						},
						"1.7333": {
							"post": [0.725, 1, 0.825],
							"lerp_mode": "catmullrom"
						},
						"3.3667": {
							"post": [0.725, 1, 0.825],
							"lerp_mode": "catmullrom"
						},
						"3.6333": {
							"post": [0.725, 1, 0.825],
							"lerp_mode": "catmullrom"
						},
						"7.2333": {
							"post": [0.725, 1, 0.825],
							"lerp_mode": "catmullrom"
						},
						"7.7667": {
							"post": [1, 1, 1],
							"lerp_mode": "catmullrom"
						}
					}
				}
			},
			"sound_effects": {
				"0.0": {
					"effect": "tau_draw_admire"
				}
			}
		},
		"inspect_empty": {
			"loop": "hold_on_last_frame",
			"animation_length": 8.3333,
			"bones": {
				"root": {
					"rotation": {
						"0.0": [0, 0, 0],
						"0.3667": {
							"pre": [1.73, -2.93, -1.46],
							"post": [1.73, -2.93, -1.46],
							"lerp_mode": "catmullrom"
						},
						"0.8333": {
							"post": [-0.53, -8.7, -1.45],
							"lerp_mode": "catmullrom"
						},
						"1.3333": [2.88066, -29.8742, -5.76863],
						"3.7": [2.88066, -29.8742, -5.76863],
						"7.5667": [2.88066, -29.8742, -5.76863],
						"8.3333": [0, 0, 0]
					},
					"position": {
						"0.0": [0, 0, 0],
						"0.4333": {
							"pre": [2.8205, 0.05445, 0.6512],
							"post": [2.8205, 0.05445, 0.6512],
							"lerp_mode": "catmullrom"
						},
						"0.9": {
							"post": [1.4, 0.35, 0.35],
							"lerp_mode": "catmullrom"
						},
						"1.3333": [8, 2, 2],
						"3.7": [8, 2, 2],
						"7.5667": [8, 2, 2],
						"8.3333": [0, 0, 0]
					}
				},
				"gun": {
					"rotation": {
						"3.5667": [0, 0, 0],
						"4.6333": {
							"pre": [0, 0, 35],
							"post": [0, 0, 35],
							"lerp_mode": "catmullrom"
						},
						"5.0": {
							"post": [0, -5, 35],
							"lerp_mode": "catmullrom"
						},
						"5.5333": [0, -5, 35],
						"6.7667": [0, -5, 35],
						"7.1": {
							"pre": [0, 0, 35],
							"post": [0, 0, 35],
							"lerp_mode": "catmullrom"
						},
						"7.4667": {
							"post": [0, -5, 35],
							"lerp_mode": "catmullrom"
						},
						"7.8667": [0, 0, 0]
					},
					"position": {
						"3.5667": [0, 0, 0],
						"4.6333": {
							"pre": [-0.26147, -2.98858, 0],
							"post": [-0.26147, -2.98858, 0],
							"lerp_mode": "catmullrom"
						},
						"5.0": {
							"post": [0.55603, -3.56139, 0.08716],
							"lerp_mode": "catmullrom"
						},
						"5.5333": [0.55603, -3.56139, 0.08716],
						"6.7667": [0.55603, -3.56139, 0.08716],
						"7.1": {
							"pre": [-0.26147, -2.98858, 0],
							"post": [-0.26147, -2.98858, 0],
							"lerp_mode": "catmullrom"
						},
						"7.4667": {
							"post": [0.55603, -3.56139, 0.08716],
							"lerp_mode": "catmullrom"
						},
						"7.8667": [0, 0, 0]
					}
				},
				"key": {
					"rotation": {
						"1.9": [0, 0, 0],
						"2.2333": [-12.5, 0, 0],
						"2.7333": [-12.5, 0, 0],
						"3.0": [0, 0, 0]
					}
				},
				"valve": {
					"rotation": {
						"5.1333": [0, 0, 0],
						"5.6": {
							"pre": [0, 12.5, 0],
							"post": [0, 12.5, 0],
							"lerp_mode": "catmullrom"
						},
						"6.0": {
							"post": [0, -12.5, 0],
							"lerp_mode": "catmullrom"
						},
						"6.6333": [0, 0, 0]
					}
				},
				"camera": {
					"rotation": {
						"0.0": [0, 0, 0],
						"0.4333": {
							"pre": [5, 0, 0],
							"post": [5, 0, 0],
							"lerp_mode": "catmullrom"
						},
						"2.5": {
							"post": [0, 15, 0],
							"lerp_mode": "catmullrom"
						},
						"3.9667": {
							"post": [0, 15, 0],
							"lerp_mode": "catmullrom"
						},
						"4.8333": {
							"post": [5, 0, 0],
							"lerp_mode": "catmullrom"
						},
						"7.1333": {
							"post": [5, 0, 0],
							"lerp_mode": "catmullrom"
						},
						"8.0": [0, 0, 0]
					}
				},
				"glowout_illuminated": {
					"position": [0, 0, -0.0625]
				},
				"righthand": {
					"rotation": [97.09743, -347.41944, -181.33071],
					"position": [-6.34508, -14.9772, 12.70525],
					"scale": [1, 1.1, 1]
				},
				"lefthand": {
					"rotation": {
						"0.0": {
							"post": [89.56048, 11.24588, 116.80696],
							"lerp_mode": "catmullrom"
						},
						"1.0667": {
							"post": [89.56, 11.25, 116.81],
							"lerp_mode": "catmullrom"
						},
						"1.6": {
							"post": [175.88775, 10.88062, 110.70782],
							"lerp_mode": "catmullrom"
						},
						"1.7333": {
							"post": [175.88775, 10.88062, 110.70782],
							"lerp_mode": "catmullrom"
						},
						"2.2667": {
							"post": [175.51235, 25.83896, 109.52619],
							"lerp_mode": "catmullrom"
						},
						"2.8": {
							"post": [175.51235, 25.83896, 109.52619],
							"lerp_mode": "catmullrom"
						},
						"3.3667": {
							"post": [175.88775, 10.88062, 110.70782],
							"lerp_mode": "catmullrom"
						},
						"3.6333": {
							"post": [179.9056, 11.62265, 131.09002],
							"lerp_mode": "catmullrom"
						},
						"4.0": {
							"post": [179.30264, 10.49698, 127.31243],
							"lerp_mode": "catmullrom"
						},
						"4.5": {
							"post": [170.98677, 7.36923, 80.518],
							"lerp_mode": "catmullrom"
						},
						"4.8": {
							"post": [178.98503, 4.72972, 60.63731],
							"lerp_mode": "catmullrom"
						},
						"5.0": {
							"post": [178.98503, 4.72972, 60.63731],
							"lerp_mode": "catmullrom"
						},
						"5.3": {
							"post": [178.88637, 24.72635, 60.25514],
							"lerp_mode": "catmullrom"
						},
						"5.8333": {
							"post": [178.88637, 24.72635, 60.25514],
							"lerp_mode": "catmullrom"
						},
						"6.2667": {
							"post": [178.98503, 4.72972, 60.63731],
							"lerp_mode": "catmullrom"
						},
						"6.7": {
							"post": [178.98503, 4.72972, 60.63731],
							"lerp_mode": "catmullrom"
						},
						"7.2333": {
							"post": [170.98677, 7.36923, 80.518],
							"lerp_mode": "catmullrom"
						},
						"7.7667": {
							"post": [179.30264, 10.49698, 127.31243],
							"lerp_mode": "catmullrom"
						},
						"8.2": {
							"post": [89.56048, 11.24588, 116.80696],
							"lerp_mode": "catmullrom"
						}
					},
					"position": {
						"0.0": {
							"post": [14.55292, -12.77313, 4.98317],
							"lerp_mode": "catmullrom"
						},
						"1.0667": {
							"post": [14.55, -12.77, 4.98],
							"lerp_mode": "catmullrom"
						},
						"1.6": {
							"post": [10.40664, -5.59963, 5.60637],
							"lerp_mode": "catmullrom"
						},
						"1.7333": {
							"post": [10.19629, -5.45088, 5.60056],
							"lerp_mode": "catmullrom"
						},
						"3.3667": {
							"post": [10.19629, -5.45088, 5.60056],
							"lerp_mode": "catmullrom"
						},
						"3.6333": {
							"post": [14.44872, -10.95002, 5.33442],
							"lerp_mode": "catmullrom"
						},
						"4.0": {
							"post": [20.24391, -4.30598, 7.14319],
							"lerp_mode": "catmullrom"
						},
						"4.5": {
							"post": [15.34623, -1.2464, 6.94377],
							"lerp_mode": "catmullrom"
						},
						"4.8": {
							"post": [13.01808, -6.14572, 7.87867],
							"lerp_mode": "catmullrom"
						},
						"5.0": {
							"post": [13.01808, -6.14572, 7.87867],
							"lerp_mode": "catmullrom"
						},
						"6.2667": {
							"post": [13.02, -6.15, 7.88],
							"lerp_mode": "catmullrom"
						},
						"6.7": {
							"post": [13.01808, -6.14572, 7.87867],
							"lerp_mode": "catmullrom"
						},
						"7.2333": {
							"post": [15.34623, -1.2464, 6.94377],
							"lerp_mode": "catmullrom"
						},
						"7.7667": {
							"post": [20.24391, -4.30598, 7.14319],
							"lerp_mode": "catmullrom"
						},
						"8.2": {
							"post": [14.55292, -12.77313, 4.98317],
							"lerp_mode": "catmullrom"
						}
					},
					"scale": {
						"1.0667": {
							"pre": [1, 1, 1],
							"post": [1, 1, 1],
							"lerp_mode": "catmullrom"
						},
						"1.6": {
							"post": [0.725, 1, 0.825],
							"lerp_mode": "catmullrom"
						},
						"1.7333": {
							"post": [0.725, 1, 0.825],
							"lerp_mode": "catmullrom"
						},
						"3.3667": {
							"post": [0.725, 1, 0.825],
							"lerp_mode": "catmullrom"
						},
						"3.6333": {
							"post": [0.725, 1, 0.825],
							"lerp_mode": "catmullrom"
						},
						"7.2333": {
							"post": [0.725, 1, 0.825],
							"lerp_mode": "catmullrom"
						},
						"7.7667": {
							"post": [1, 1, 1],
							"lerp_mode": "catmullrom"
						}
					}
				}
			},
			"sound_effects": {
				"0.0": {
					"effect": "tau_draw_admire"
				}
			}
		},
		"reload_tactical": {
			"animation_length": 3,
			"bones": {
				"roll": {
					"rotation": {
						"0.4": {
							"pre": [0, 0, 0],
							"post": [0, 0, 0],
							"lerp_mode": "catmullrom"
						},
						"0.5667": {
							"post": [0, 0, 112.5],
							"lerp_mode": "catmullrom"
						},
						"2.0": {
							"post": [0, 0, 625.07],
							"lerp_mode": "catmullrom"
						},
						"3.0": {
							"post": [0, 0, 720],
							"lerp_mode": "catmullrom"
						}
					}
				},
				"camera": {
					"rotation": {
						"0.0": [0, 0, 0],
						"0.4": [2.5, 0, 0],
						"0.6667": [2.5, 0, 0],
						"1.2": [0, 0, 0]
					}
				},
				"righthand": {
					"rotation": [97.09743, -347.41944, -181.33071],
					"position": [-6.34508, -14.9772, 12.70525],
					"scale": [1, 1.1, 1]
				},
				"lefthand": {
					"rotation": {
						"0.0": {
							"post": [89.56048, 11.24588, 116.80696],
							"lerp_mode": "catmullrom"
						},
						"0.2667": {
							"post": [176.61814, 12.017, 126.98685],
							"lerp_mode": "catmullrom"
						},
						"0.3667": {
							"post": [176.61814, 12.017, 126.98685],
							"lerp_mode": "catmullrom"
						},
						"0.7333": {
							"post": [138.03, 11.68, 122.47],
							"lerp_mode": "catmullrom"
						},
						"1.0333": [89.56048, 11.24588, 116.80696]
					},
					"position": {
						"0.0": {
							"post": [14.55292, -12.77313, 4.98317],
							"lerp_mode": "catmullrom"
						},
						"0.2667": {
							"post": [11.29179, -4.7641, 12.96513],
							"lerp_mode": "catmullrom"
						},
						"0.3667": {
							"post": [11.29179, -4.7641, 12.96513],
							"lerp_mode": "catmullrom"
						},
						"0.5333": {
							"post": [9.92775, -9.88713, 12.04439],
							"lerp_mode": "catmullrom"
						},
						"0.7333": {
							"post": [10.12965, -19.26415, 15.21153],
							"lerp_mode": "catmullrom"
						},
						"1.0333": [14.55292, -12.77313, 4.98317]
					},
					"scale": {
						"0.0": {
							"post": [1, 1, 1],
							"lerp_mode": "catmullrom"
						},
						"0.2667": {
							"post": [0.8, 1, 0.95],
							"lerp_mode": "catmullrom"
						},
						"0.3667": {
							"post": [0.8, 1, 0.95],
							"lerp_mode": "catmullrom"
						},
						"1.0333": [1, 1, 1]
					}
				}
			}
		},
		"reload_empty": {
			"animation_length": 3,
			"bones": {
				"roll": {
					"rotation": {
						"0.4": {
							"pre": [0, 0, 0],
							"post": [0, 0, 0],
							"lerp_mode": "catmullrom"
						},
						"0.5667": {
							"post": [0, 0, 112.5],
							"lerp_mode": "catmullrom"
						},
						"2.0": {
							"post": [0, 0, 625.07],
							"lerp_mode": "catmullrom"
						},
						"3.0": {
							"post": [0, 0, 720],
							"lerp_mode": "catmullrom"
						}
					}
				},
				"camera": {
					"rotation": {
						"0.0": [0, 0, 0],
						"0.4": [2.5, 0, 0],
						"0.6667": [2.5, 0, 0],
						"1.2": [0, 0, 0]
					}
				},
				"glowout_illuminated": {
					"position": {
						"0.0": [0, 0, -0.02],
						"0.7": [0, 0, -0.01],
						"1.7667": [0, 0, 0]
					},
					"scale": {
						"0.0": [0.5, 0.5, 0.5],
						"0.7": [1, 1, 1]
					}
				},
				"righthand": {
					"rotation": [97.09743, -347.41944, -181.33071],
					"position": [-6.34508, -14.9772, 12.70525],
					"scale": [1, 1.1, 1]
				},
				"lefthand": {
					"rotation": {
						"0.0": {
							"post": [89.56048, 11.24588, 116.80696],
							"lerp_mode": "catmullrom"
						},
						"0.2667": {
							"post": [176.61814, 12.017, 126.98685],
							"lerp_mode": "catmullrom"
						},
						"0.3667": {
							"post": [176.61814, 12.017, 126.98685],
							"lerp_mode": "catmullrom"
						},
						"0.7333": {
							"post": [138.03, 11.68, 122.47],
							"lerp_mode": "catmullrom"
						},
						"1.0333": [89.56048, 11.24588, 116.80696]
					},
					"position": {
						"0.0": {
							"post": [14.55292, -12.77313, 4.98317],
							"lerp_mode": "catmullrom"
						},
						"0.2667": {
							"post": [11.29179, -4.7641, 12.96513],
							"lerp_mode": "catmullrom"
						},
						"0.3667": {
							"post": [11.29179, -4.7641, 12.96513],
							"lerp_mode": "catmullrom"
						},
						"0.5333": {
							"post": [9.92775, -9.88713, 12.04439],
							"lerp_mode": "catmullrom"
						},
						"0.7333": {
							"post": [10.12965, -19.26415, 15.21153],
							"lerp_mode": "catmullrom"
						},
						"1.0333": [14.55292, -12.77313, 4.98317]
					},
					"scale": {
						"0.0": {
							"post": [1, 1, 1],
							"lerp_mode": "catmullrom"
						},
						"0.2667": {
							"post": [0.8, 1, 0.95],
							"lerp_mode": "catmullrom"
						},
						"0.3667": {
							"post": [0.8, 1, 0.95],
							"lerp_mode": "catmullrom"
						},
						"1.0333": [1, 1, 1]
					}
				}
			}
		},
		"shoot": {
			"loop": true,
			"animation_length": 3,
			"bones": {
				"beam_illuminated": {
					"scale": {
						"0.0": [1, 1, 1],
						"0.0333": [2, 2, 75.9],
						"0.0667": [1, 1, 1]
					}
				},
				"roll": {
					"rotation": {
						"0.0": [0, 0, 0],
						"0.0333": [0, 0, 43.54928],
						"0.0667": [0, 0, 121.90987],
						"0.1": [0, 0, 189.59157],
						"0.1333": [0, 0, 246.51105],
						"0.1667": [0, 0, 295.6539],
						"0.2": [0, 0, 339.06602],
						"0.2333": [0, 0, 378.07182],
						"0.2667": [0, 0, 413.54911],
						"0.3": [0, 0, 446.12459],
						"0.3333": [0, 0, 476.27615],
						"0.3667": [0, 0, 504.32002],
						"0.4": [0, 0, 530.56998],
						"0.4333": [0, 0, 555.2185],
						"0.4667": [0, 0, 578.4393],
						"0.5": [0, 0, 600.38914],
						"0.5333": [0, 0, 621.2095],
						"0.5667": [0, 0, 640.9516],
						"0.6": [0, 0, 659.76414],
						"0.6333": [0, 0, 677.67844],
						"0.6667": [0, 0, 694.77433],
						"0.7": [0, 0, 711.1194],
						"0.7333": [0, 0, 726.76125],
						"0.7667": [0, 0, 741.74455],
						"0.8": [0, 0, 756.11127],
						"0.8333": [0, 0, 769.90085],
						"0.8667": [0, 0, 783.1504],
						"0.9": [0, 0, 795.85553],
						"0.9333": [0, 0, 808.07889],
						"0.9667": [0, 0, 819.85415],
						"1.0": [0, 0, 831.16834],
						"1.0333": [0, 0, 842.06613],
						"1.0667": [0, 0, 852.57232],
						"1.1": [0, 0, 862.67643],
						"1.1333": [0, 0, 872.43164],
						"1.1667": [0, 0, 881.81872],
						"1.2": [0, 0, 890.87555],
						"1.2333": [0, 0, 899.61579],
						"1.2667": [0, 0, 908.02284],
						"1.3": [0, 0, 916.14991],
						"1.3333": [0, 0, 923.98283],
						"1.3667": [0, 0, 931.52229],
						"1.4": [0, 0, 938.8054],
						"1.4333": [0, 0, 945.83842],
						"1.4667": [0, 0, 952.59996],
						"1.5": [0, 0, 959.1165],
						"1.5333": [0, 0, 965.40379],
						"1.5667": [0, 0, 971.46737],
						"1.6": [0, 0, 977.31263],
						"1.6333": [0, 0, 982.93964],
						"1.6667": [0, 0, 988.34393],
						"1.7": [0, 0, 993.54785],
						"1.7333": [0, 0, 998.55621],
						"1.7667": [0, 0, 1003.37369],
						"1.8": [0, 0, 1008.00485],
						"1.8333": [0, 0, 1012.45415],
						"1.8667": [0, 0, 1016.72595],
						"1.9": [0, 0, 1020.82448],
						"1.9333": [0, 0, 1024.7539],
						"1.9667": [0, 0, 1028.51824],
						"2.0": [0, 0, 1032.12145],
						"2.0333": [0, 0, 1035.56739],
						"2.0667": [0, 0, 1038.85982],
						"2.1": [0, 0, 1042.00241],
						"2.1333": [0, 0, 1044.99875],
						"2.1667": [0, 0, 1047.85236],
						"2.2": [0, 0, 1050.56665],
						"2.2333": [0, 0, 1053.14497],
						"2.2667": [0, 0, 1055.59059],
						"2.3": [0, 0, 1057.90599],
						"2.3333": [0, 0, 1060.07711],
						"2.3667": [0, 0, 1062.12352],
						"2.4": [0, 0, 1064.04824],
						"2.4333": [0, 0, 1065.85423],
						"2.4667": [0, 0, 1067.54438],
						"2.5": [0, 0, 1069.12151],
						"2.5333": [0, 0, 1070.58839],
						"2.5667": [0, 0, 1071.92294],
						"2.6": [0, 0, 1073.14841],
						"2.6333": [0, 0, 1074.27045],
						"2.7": [0, 0, 1076.21448],
						"2.7333": [0, 0, 1077.0224],
						"2.8667": [0, 0, 1079.27297],
						"3.0": [0, 0, 1080]
					}
				},
				"root": {
					"rotation": {
						"0.0": [0, 0, 0],
						"0.0333": [-0.05, 0, 0],
						"0.0667": [0, 0, 0]
					},
					"position": {
						"0.0": [0, 0, 0],
						"0.0333": [0, 0, 0.03125],
						"0.0667": [0, 0, 0]
					}
				}
			}
		},
		"reload_tactical2": {
			"animation_length": 3,
			"bones": {
				"righthand": {
					"rotation": [97.09743, -347.41944, -181.33071],
					"position": [-6.34508, -14.9772, 12.70525],
					"scale": [1, 1.1, 1]
				},
				"roll": {
					"rotation": {
						"0.4": {
							"pre": [0, 0, 0],
							"post": [0, 0, 0],
							"lerp_mode": "catmullrom"
						},
						"0.5667": {
							"post": [0, 0, 112.5],
							"lerp_mode": "catmullrom"
						},
						"2.0": {
							"post": [0, 0, 625.07],
							"lerp_mode": "catmullrom"
						},
						"3.0": {
							"post": [0, 0, 720],
							"lerp_mode": "catmullrom"
						}
					}
				},
				"camera": {
					"rotation": {
						"0.0": [0, 0, 0],
						"0.4": [2.5, 0, 0],
						"0.6667": [2.5, 0, 0],
						"1.2": [0, 0, 0]
					}
				}
			}
		}
	}
}