{
  "materials": [
    {
      "item": {
        "item": "minecraft:ender_pearl"
      },
      "count": 3
    },
    {
      "item": {
        "item": "minecraft:blaze_powder"
      },
      "count": 3
    },
    {
      "item": {
        "item": "minecraft:gunpowder"
      },
      "count": 3
    },
    {
      "item": {
        "item": "minecraft:iron_ingot"
      },
      "count": 30
    }
  ],
  "result": {
    "type": "ammo",
    "id": "hlm:ar2_ammo",
    "count": 30
  },
  "type": "tacz:gun_smith_table_crafting"
}