{
  "materials": [
    {
      "item": {
        "item": "minecraft:ender_pearl"
      },
      "count": 1
    },
    {
      "item": {
        "item": "minecraft:blaze_rod"
      },
      "count": 1
    },
    {
      "item": {
        "item": "minecraft:redstone_block"
      },
      "count": 1
    },
    {
      "item": {
        "item": "minecraft:diamond"
      },
      "count": 3
    }
  ],
  "result": {
    "type": "ammo",
    "id": "hlm:g_ammo",
    "count": 1
  },
  "type": "tacz:gun_smith_table_crafting"
}