{
	"format_version": "1.12.0",
	"minecraft:geometry": [
		{
			"description": {
				"identifier": "geometry.unknown",
				"texture_width": 16,
				"texture_height": 16,
				"visible_bounds_width": 2,
				"visible_bounds_height": 2.5,
				"visible_bounds_offset": [0, 0.75, 0]
			},
			"bones": [
				{
					"name": "bone",
					"pivot": [0, 0, 0],
					"rotation": [0, -90, 0],
					"cubes": [
						{
							"origin": [0.1, -0.05, -0.05],
							"size": [0.8, 0.1, 0.1],
							"uv": {
								"north": {"uv": [6.25, 0.25], "uv_size": [0.5, 0.5]},
								"east": {"uv": [7.25, 0.25], "uv_size": [0.5, 0.5]},
								"south": {"uv": [8.25, 0.25], "uv_size": [0.5, 0.5]},
								"west": {"uv": [9.25, 0.25], "uv_size": [0.5, 0.5]},
								"up": {"uv": [10.75, 0.75], "uv_size": [-0.5, -0.5]},
								"down": {"uv": [11.75, 0.75], "uv_size": [-0.5, -0.5]}
							}
						},
						{
							"origin": [-0.3, -0.15, -0.15],
							"size": [0.45, 0.3, 0.3],
							"uv": {
								"north": {"uv": [0.25, 0.25], "uv_size": [0.5, 0.5]},
								"east": {"uv": [1.25, 0.25], "uv_size": [0.5, 0.5]},
								"south": {"uv": [2.25, 0.25], "uv_size": [0.5, 0.5]},
								"west": {"uv": [3.25, 0.25], "uv_size": [0.5, 0.5]},
								"up": {"uv": [4.75, 0.75], "uv_size": [-0.5, -0.5]},
								"down": {"uv": [5.75, 0.75], "uv_size": [-0.5, -0.5]}
							}
						}
					]
				}
			]
		}
	]
}