{
  "slot": "hlm:attachment/slot/hl_scope",
  "model": "hlm:attachment/hl_scope",
  "texture": "hlm:attachment/uv/hl_scope",
  "zoom": [
    1.5,
    2.5
  ],
  "sight": true,
  "fov": 60.0,
  "sounds": {
    "install": "tacz:attachmenhl_scope/scope_general_d",
    "uninstall": "tacz:attachmenhl_scope/scope_general_d"
  },
  "text_show": {
    // 定位组名，与模型中的组名对应。
    "ammo_count_text_show_pos": {
      // 文本缩放，默认大小对于 BlockBench 里的 1
      "scale": 0.35,
      // 对齐方式：right，center，left
      "align": "right",
      // 阴影
      "shadow": false,
      // 文本颜色
      "color": "#53f9af",
      // 亮度：1-15
      "light": 15,
      // 支持在语言文件中定义，且支持PlaceholderAPI 风格的占位符
      // 目前仅支持两个：%player_name% %ammo_count%
      "text": "-%ammo_count%-"
    }
  }
}