{
	"format_version": "1.12.0",
	"minecraft:geometry": [
		{
			"description": {
				"identifier": "geometry.unknown",
				"texture_width": 64,
				"texture_height": 64,
				"visible_bounds_width": 4,
				"visible_bounds_height": 5,
				"visible_bounds_offset": [0, 0.5, 0]
			},
			"bones": [
				{
					"name": "root",
					"pivot": [0, 0, 0]
				},
				{
					"name": "gun_and_righthand",
					"parent": "root",
					"pivot": [0, -11, 0]
				},
				{
					"name": "righthand",
					"parent": "gun_and_righthand",
					"pivot": [6, 8, 8]
				},
				{
					"name": "righthand_pos",
					"parent": "righthand",
					"pivot": [0, -3, 8],
					"cubes": [
						{
							"origin": [4, -3, 6],
							"size": [3, 12, 4],
							"uv": {
								"north": {"uv": [8, 0], "uv_size": [3, 12]},
								"east": {"uv": [0, 0], "uv_size": [4, 12]},
								"south": {"uv": [11, 0], "uv_size": [3, 12]},
								"west": {"uv": [4, 0], "uv_size": [4, 12]},
								"up": {"uv": [12, 12], "uv_size": [3, 4]},
								"down": {"uv": [14, 4], "uv_size": [3, -4]}
							}
						}
					]
				},
				{
					"name": "lefthand_pos",
					"parent": "gun_and_righthand",
					"pivot": [0, -23, 0],
					"cubes": [
						{
							"origin": [-7, -26, 6],
							"size": [3, 12, 4],
							"uv": {
								"north": {"uv": [0, 0], "uv_size": [4, 12]},
								"east": {"uv": [4, 0], "uv_size": [4, 12]},
								"south": {"uv": [8, 0], "uv_size": [4, 12]},
								"west": {"uv": [0, 12], "uv_size": [4, 12]},
								"up": {"uv": [12, 0], "uv_size": [4, 4]},
								"down": {"uv": [4, 16], "uv_size": [4, -4]}
							}
						}
					]
				},
				{
					"name": "bar",
					"parent": "root",
					"pivot": [0.48995, 0, -0.38337]
				},
				{
					"name": "bone",
					"parent": "bar",
					"pivot": [0, 0, 0],
					"rotation": [0, -30, 0],
					"cubes": [
						{
							"origin": [0.37051, -4, -0.25],
							"size": [0.0625, 26.5, 0.5],
							"uv": {
								"north": {"uv": [15, 4], "uv_size": [0.25, 26.5]},
								"east": {"uv": [0, 12], "uv_size": [0.5, 26.5]},
								"south": {"uv": [16, 4], "uv_size": [0.25, 26.5]},
								"west": {"uv": [1, 12], "uv_size": [0.5, 26.5]},
								"up": {"uv": [35, 36], "uv_size": [0.25, 0.5]},
								"down": {"uv": [36, 35.5], "uv_size": [0.25, -0.5]}
							}
						},
						{
							"origin": [0.16161, -4, -0.33639],
							"size": [0.0625, 26.5, 0.5],
							"pivot": [-0.12939, 0, 0.01711],
							"rotation": [0, -120, 0],
							"uv": {
								"north": {"uv": [12, 16], "uv_size": [0.25, 26.5]},
								"east": {"uv": [2, 12], "uv_size": [0.5, 26.5]},
								"south": {"uv": [13, 16], "uv_size": [0.25, 26.5]},
								"west": {"uv": [3, 12], "uv_size": [0.5, 26.5]},
								"up": {"uv": [36, 36], "uv_size": [0.25, 0.5]},
								"down": {"uv": [37, 0.5], "uv_size": [0.25, -0.5]}
							}
						},
						{
							"origin": [0.46139, -4, 0.05938],
							"size": [0.0625, 26.5, 0.5],
							"pivot": [0.35789, 0, 0.41288],
							"rotation": [0, 120, 0],
							"uv": {
								"north": {"uv": [14, 16], "uv_size": [0.25, 26.5]},
								"east": {"uv": [4, 12], "uv_size": [0.5, 26.5]},
								"south": {"uv": [17, 0], "uv_size": [0.25, 26.5]},
								"west": {"uv": [5, 12], "uv_size": [0.5, 26.5]},
								"up": {"uv": [37, 1], "uv_size": [0.25, 0.5]},
								"down": {"uv": [37, 2.5], "uv_size": [0.25, -0.5]}
							}
						},
						{
							"origin": [0.27901, -4, -0.51675],
							"size": [-0.0625, 26.5, 0.5],
							"pivot": [-0.077, 0, -0.13337],
							"rotation": [-180, 0, 180],
							"uv": {
								"north": {"uv": [22, 0], "uv_size": [0.25, 26.5]},
								"east": {"uv": [10, 12], "uv_size": [0.5, 26.5]},
								"south": {"uv": [23, 0], "uv_size": [0.25, 26.5]},
								"west": {"uv": [11, 12], "uv_size": [0.5, 26.5]},
								"up": {"uv": [37, 7], "uv_size": [0.25, 0.5]},
								"down": {"uv": [37, 8.5], "uv_size": [0.25, -0.5]}
							}
						},
						{
							"origin": [0.21651, -4, -0.25],
							"size": [0.0625, 26.5, 0.5],
							"pivot": [-0.077, 0, -0.13337],
							"rotation": [0, 60, 0],
							"uv": {
								"north": {"uv": [20, 0], "uv_size": [0.25, 26.5]},
								"east": {"uv": [8, 12], "uv_size": [0.5, 26.5]},
								"south": {"uv": [21, 0], "uv_size": [0.25, 26.5]},
								"west": {"uv": [9, 12], "uv_size": [0.5, 26.5]},
								"up": {"uv": [37, 5], "uv_size": [0.25, 0.5]},
								"down": {"uv": [37, 6.5], "uv_size": [0.25, -0.5]}
							}
						},
						{
							"origin": [-0.35601, -4, -0.38337],
							"size": [0.0625, 26.5, 0.5],
							"pivot": [-0.077, 0, -0.13337],
							"rotation": [0, -60, 0],
							"uv": {
								"north": {"uv": [18, 0], "uv_size": [0.25, 26.5]},
								"east": {"uv": [6, 12], "uv_size": [0.5, 26.5]},
								"south": {"uv": [19, 0], "uv_size": [0.25, 26.5]},
								"west": {"uv": [7, 12], "uv_size": [0.5, 26.5]},
								"up": {"uv": [37, 3], "uv_size": [0.25, 0.5]},
								"down": {"uv": [37, 4.5], "uv_size": [0.25, -0.5]}
							}
						}
					]
				},
				{
					"name": "bone21",
					"parent": "bar",
					"pivot": [0, 0, 0],
					"rotation": [0, -30, 0],
					"cubes": [
						{
							"origin": [0.43301, 22.5, -0.25],
							"size": [-0.0625, 2, 0.5],
							"uv": {
								"north": {"uv": [27, 27], "uv_size": [0.25, 2]},
								"east": {"uv": [14, 4], "uv_size": [0.5, 2]},
								"south": {"uv": [28, 0], "uv_size": [0.25, 2]},
								"west": {"uv": [14, 6], "uv_size": [0.5, 2]},
								"up": {"uv": [15, 41], "uv_size": [0.25, 0.5]},
								"down": {"uv": [41, 15.5], "uv_size": [0.25, -0.5]}
							}
						},
						{
							"origin": [0.16161, 22.5, -0.33639],
							"size": [0.0625, 2, 0.5],
							"pivot": [-0.12939, 0, 0.01711],
							"rotation": [0, -120, 0],
							"uv": {
								"north": {"uv": [28, 2], "uv_size": [0.25, 2]},
								"east": {"uv": [14, 8], "uv_size": [0.5, 2]},
								"south": {"uv": [28, 4], "uv_size": [0.25, 2]},
								"west": {"uv": [14, 10], "uv_size": [0.5, 2]},
								"up": {"uv": [16, 41], "uv_size": [0.25, 0.5]},
								"down": {"uv": [41, 16.5], "uv_size": [0.25, -0.5]}
							}
						},
						{
							"origin": [0.46139, 22.5, 0.05938],
							"size": [0.0625, 2, 0.5],
							"pivot": [0.35789, 0, 0.41288],
							"rotation": [0, 120, 0],
							"uv": {
								"north": {"uv": [28, 6], "uv_size": [0.25, 2]},
								"east": {"uv": [24, 0], "uv_size": [0.5, 2]},
								"south": {"uv": [28, 8], "uv_size": [0.25, 2]},
								"west": {"uv": [24, 2], "uv_size": [0.5, 2]},
								"up": {"uv": [17, 41], "uv_size": [0.25, 0.5]},
								"down": {"uv": [41, 17.5], "uv_size": [0.25, -0.5]}
							}
						},
						{
							"origin": [0.27901, 22.5, -0.51675],
							"size": [-0.0625, 2, 0.5],
							"pivot": [-0.077, 0, -0.13337],
							"rotation": [-180, 0, 180],
							"uv": {
								"north": {"uv": [28, 10], "uv_size": [0.25, 2]},
								"east": {"uv": [24, 4], "uv_size": [0.5, 2]},
								"south": {"uv": [28, 12], "uv_size": [0.25, 2]},
								"west": {"uv": [24, 6], "uv_size": [0.5, 2]},
								"up": {"uv": [18, 41], "uv_size": [0.25, 0.5]},
								"down": {"uv": [41, 18.5], "uv_size": [0.25, -0.5]}
							}
						},
						{
							"origin": [0.21651, 22.5, -0.25],
							"size": [0.0625, 2, 0.5],
							"pivot": [-0.077, 0, -0.13337],
							"rotation": [0, 60, 0],
							"uv": {
								"north": {"uv": [28, 14], "uv_size": [0.25, 2]},
								"east": {"uv": [24, 8], "uv_size": [0.5, 2]},
								"south": {"uv": [28, 16], "uv_size": [0.25, 2]},
								"west": {"uv": [24, 10], "uv_size": [0.5, 2]},
								"up": {"uv": [19, 41], "uv_size": [0.25, 0.5]},
								"down": {"uv": [41, 19.5], "uv_size": [0.25, -0.5]}
							}
						},
						{
							"origin": [-0.35601, 22.5, -0.38337],
							"size": [0.0625, 2, 0.5],
							"pivot": [-0.077, 0, -0.13337],
							"rotation": [0, -60, 0],
							"uv": {
								"north": {"uv": [17, 28], "uv_size": [0.25, 2]},
								"east": {"uv": [24, 12], "uv_size": [0.5, 2]},
								"south": {"uv": [18, 28], "uv_size": [0.25, 2]},
								"west": {"uv": [24, 14], "uv_size": [0.5, 2]},
								"up": {"uv": [20, 41], "uv_size": [0.25, 0.5]},
								"down": {"uv": [41, 20.5], "uv_size": [0.25, -0.5]}
							}
						}
					]
				},
				{
					"name": "bone22",
					"parent": "bar",
					"pivot": [0, 0, 0],
					"rotation": [0, -30, 0],
					"cubes": [
						{
							"origin": [0.43301, -6, -0.25],
							"size": [-0.25, 2, 0.5],
							"uv": {
								"north": {"uv": [28, 18], "uv_size": [0.25, 2]},
								"east": {"uv": [24, 16], "uv_size": [0.5, 2]},
								"south": {"uv": [19, 28], "uv_size": [0.25, 2]},
								"west": {"uv": [24, 18], "uv_size": [0.5, 2]},
								"up": {"uv": [21, 41], "uv_size": [0.25, 0.5]},
								"down": {"uv": [41, 21.5], "uv_size": [0.25, -0.5]}
							}
						},
						{
							"origin": [-0.02589, -6, -0.33639],
							"size": [0.25, 2, 0.5],
							"pivot": [-0.12939, -28.5, 0.01711],
							"rotation": [0, -120, 0],
							"uv": {
								"north": {"uv": [20, 28], "uv_size": [0.25, 2]},
								"east": {"uv": [24, 20], "uv_size": [0.5, 2]},
								"south": {"uv": [28, 20], "uv_size": [0.25, 2]},
								"west": {"uv": [24, 22], "uv_size": [0.5, 2]},
								"up": {"uv": [22, 41], "uv_size": [0.25, 0.5]},
								"down": {"uv": [41, 22.5], "uv_size": [0.25, -0.5]}
							}
						},
						{
							"origin": [0.46139, -6, 0.05938],
							"size": [0.25, 2, 0.5],
							"pivot": [0.35789, -28.5, 0.41288],
							"rotation": [0, 120, 0],
							"uv": {
								"north": {"uv": [21, 28], "uv_size": [0.25, 2]},
								"east": {"uv": [24, 24], "uv_size": [0.5, 2]},
								"south": {"uv": [22, 28], "uv_size": [0.25, 2]},
								"west": {"uv": [25, 0], "uv_size": [0.5, 2]},
								"up": {"uv": [23, 41], "uv_size": [0.25, 0.5]},
								"down": {"uv": [41, 23.5], "uv_size": [0.25, -0.5]}
							}
						},
						{
							"origin": [0.27901, -6, -0.51675],
							"size": [-0.25, 2, 0.5],
							"pivot": [-0.077, -28.5, -0.13337],
							"rotation": [-180, 0, 180],
							"uv": {
								"north": {"uv": [28, 22], "uv_size": [0.25, 2]},
								"east": {"uv": [25, 2], "uv_size": [0.5, 2]},
								"south": {"uv": [23, 28], "uv_size": [0.25, 2]},
								"west": {"uv": [25, 4], "uv_size": [0.5, 2]},
								"up": {"uv": [24, 41], "uv_size": [0.25, 0.5]},
								"down": {"uv": [41, 24.5], "uv_size": [0.25, -0.5]}
							}
						},
						{
							"origin": [0.02901, -6, -0.25],
							"size": [0.25, 2, 0.5],
							"pivot": [-0.077, -28.5, -0.13337],
							"rotation": [0, 60, 0],
							"uv": {
								"north": {"uv": [24, 28], "uv_size": [0.25, 2]},
								"east": {"uv": [25, 6], "uv_size": [0.5, 2]},
								"south": {"uv": [28, 24], "uv_size": [0.25, 2]},
								"west": {"uv": [25, 8], "uv_size": [0.5, 2]},
								"up": {"uv": [25, 41], "uv_size": [0.25, 0.5]},
								"down": {"uv": [41, 25.5], "uv_size": [0.25, -0.5]}
							}
						},
						{
							"origin": [-0.35601, -6, -0.38337],
							"size": [0.25, 2, 0.5],
							"pivot": [-0.077, -28.5, -0.13337],
							"rotation": [0, -60, 0],
							"uv": {
								"north": {"uv": [25, 28], "uv_size": [0.25, 2]},
								"east": {"uv": [25, 10], "uv_size": [0.5, 2]},
								"south": {"uv": [26, 28], "uv_size": [0.25, 2]},
								"west": {"uv": [25, 12], "uv_size": [0.5, 2]},
								"up": {"uv": [26, 41], "uv_size": [0.25, 0.5]},
								"down": {"uv": [41, 26.5], "uv_size": [0.25, -0.5]}
							}
						}
					]
				},
				{
					"name": "bone16",
					"parent": "bar",
					"pivot": [0, -14.625, 0],
					"rotation": [14.35885, -29.21893, -7.12284],
					"cubes": [
						{
							"origin": [1.37154, -6.92323, 1.37558],
							"size": [-0.25, 0.8125, 0.5],
							"uv": {
								"north": {"uv": [26, 36], "uv_size": [0.25, 0.75]},
								"east": {"uv": [24, 30], "uv_size": [0.5, 0.75]},
								"south": {"uv": [36, 26], "uv_size": [0.25, 0.75]},
								"west": {"uv": [30, 24], "uv_size": [0.5, 0.75]},
								"up": {"uv": [41, 1], "uv_size": [0.25, 0.5]},
								"down": {"uv": [2, 41.5], "uv_size": [0.25, -0.5]}
							}
						},
						{
							"origin": [0.91264, -6.92323, -1.70989],
							"size": [0.25, 0.8125, 0.5],
							"pivot": [-0.05662, 0.07891, 0.14315],
							"rotation": [0, -120, 0],
							"uv": {
								"north": {"uv": [27, 36], "uv_size": [0.25, 0.75]},
								"east": {"uv": [25, 30], "uv_size": [0.5, 0.75]},
								"south": {"uv": [36, 27], "uv_size": [0.25, 0.75]},
								"west": {"uv": [30, 25], "uv_size": [0.5, 0.75]},
								"up": {"uv": [41, 2], "uv_size": [0.25, 0.5]},
								"down": {"uv": [3, 41.5], "uv_size": [0.25, -0.5]}
							}
						},
						{
							"origin": [-1.19736, -6.92323, 0.18542],
							"size": [0.25, 0.8125, 0.5],
							"pivot": [0.43066, 0.07891, 0.53892],
							"rotation": [0, 120, 0],
							"uv": {
								"north": {"uv": [28, 36], "uv_size": [0.25, 0.75]},
								"east": {"uv": [26, 30], "uv_size": [0.5, 0.75]},
								"south": {"uv": [36, 28], "uv_size": [0.25, 0.75]},
								"west": {"uv": [30, 26], "uv_size": [0.5, 0.75]},
								"up": {"uv": [41, 3], "uv_size": [0.25, 0.5]},
								"down": {"uv": [4, 41.5], "uv_size": [0.25, -0.5]}
							}
						},
						{
							"origin": [-0.51398, -6.92323, -1.89024],
							"size": [-0.25, 0.8125, 0.5],
							"pivot": [-0.00423, 0.07891, -0.00733],
							"rotation": [-180, 0, 180],
							"uv": {
								"north": {"uv": [29, 36], "uv_size": [0.25, 0.75]},
								"east": {"uv": [27, 30], "uv_size": [0.5, 0.75]},
								"south": {"uv": [36, 29], "uv_size": [0.25, 0.75]},
								"west": {"uv": [30, 27], "uv_size": [0.5, 0.75]},
								"up": {"uv": [41, 4], "uv_size": [0.25, 0.5]},
								"down": {"uv": [5, 41.5], "uv_size": [0.25, -0.5]}
							}
						},
						{
							"origin": [-0.76398, -6.92323, 1.37558],
							"size": [0.25, 0.8125, 0.5],
							"pivot": [-0.00423, 0.07891, -0.00733],
							"rotation": [0, 60, 0],
							"uv": {
								"north": {"uv": [30, 36], "uv_size": [0.25, 0.75]},
								"east": {"uv": [28, 30], "uv_size": [0.5, 0.75]},
								"south": {"uv": [36, 30], "uv_size": [0.25, 0.75]},
								"west": {"uv": [30, 28], "uv_size": [0.5, 0.75]},
								"up": {"uv": [41, 5], "uv_size": [0.25, 0.5]},
								"down": {"uv": [6, 41.5], "uv_size": [0.25, -0.5]}
							}
						},
						{
							"origin": [1.44828, -6.92323, -0.25733],
							"size": [0.25, 0.8125, 0.5],
							"pivot": [-0.00423, 0.07891, -0.00733],
							"rotation": [0, -60, 0],
							"uv": {
								"north": {"uv": [31, 36], "uv_size": [0.25, 0.75]},
								"east": {"uv": [29, 30], "uv_size": [0.5, 0.75]},
								"south": {"uv": [36, 31], "uv_size": [0.25, 0.75]},
								"west": {"uv": [30, 29], "uv_size": [0.5, 0.75]},
								"up": {"uv": [41, 6], "uv_size": [0.25, 0.5]},
								"down": {"uv": [7, 41.5], "uv_size": [0.25, -0.5]}
							}
						}
					]
				},
				{
					"name": "bone17",
					"parent": "bar",
					"pivot": [0, -14.625, 0],
					"rotation": [33.69007, -25.65891, -16.10211],
					"cubes": [
						{
							"origin": [2.49611, -8.52642, 3.32338],
							"size": [-0.25, 0.8125, 0.5],
							"uv": {
								"north": {"uv": [32, 36], "uv_size": [0.25, 0.75]},
								"east": {"uv": [30, 30], "uv_size": [0.5, 0.75]},
								"south": {"uv": [36, 32], "uv_size": [0.25, 0.75]},
								"west": {"uv": [31, 0], "uv_size": [0.5, 0.75]},
								"up": {"uv": [41, 7], "uv_size": [0.25, 0.5]},
								"down": {"uv": [8, 41.5], "uv_size": [0.25, -0.5]}
							}
						},
						{
							"origin": [2.0372, -8.52642, -3.69121],
							"size": [0.25, 0.8125, 0.5],
							"pivot": [-0.0663, -0.64212, 0.12639],
							"rotation": [0, -120, 0],
							"uv": {
								"north": {"uv": [33, 36], "uv_size": [0.25, 0.75]},
								"east": {"uv": [31, 1], "uv_size": [0.5, 0.75]},
								"south": {"uv": [36, 33], "uv_size": [0.25, 0.75]},
								"west": {"uv": [31, 2], "uv_size": [0.5, 0.75]},
								"up": {"uv": [41, 8], "uv_size": [0.25, 0.5]},
								"down": {"uv": [9, 41.5], "uv_size": [0.25, -0.5]}
							}
						},
						{
							"origin": [-3.47552, -8.52642, 0.16867],
							"size": [0.25, 0.8125, 0.5],
							"pivot": [0.42098, -0.64212, 0.52217],
							"rotation": [0, 120, 0],
							"uv": {
								"north": {"uv": [34, 36], "uv_size": [0.25, 0.75]},
								"east": {"uv": [31, 3], "uv_size": [0.5, 0.75]},
								"south": {"uv": [36, 34], "uv_size": [0.25, 0.75]},
								"west": {"uv": [31, 4], "uv_size": [0.5, 0.75]},
								"up": {"uv": [41, 9], "uv_size": [0.25, 0.5]},
								"down": {"uv": [10, 41.5], "uv_size": [0.25, -0.5]}
							}
						},
						{
							"origin": [-1.88988, -9.73344, -4.27337],
							"size": [-0.25, 1.8125, 0.5],
							"pivot": [-0.02883, -15.53656, -0.04994],
							"rotation": [177.40222, -0.034, 178.50051],
							"uv": {
								"north": {"uv": [28, 26], "uv_size": [0.25, 1.75]},
								"east": {"uv": [25, 14], "uv_size": [0.5, 1.75]},
								"south": {"uv": [28, 28], "uv_size": [0.25, 1.75]},
								"west": {"uv": [25, 16], "uv_size": [0.5, 1.75]},
								"up": {"uv": [41, 10], "uv_size": [0.25, 0.5]},
								"down": {"uv": [11, 41.5], "uv_size": [0.25, -0.5]}
							}
						},
						{
							"origin": [-2.13988, -9.73344, 3.67349],
							"size": [0.25, 1.8125, 0.5],
							"pivot": [-0.02883, -15.53656, -0.04994],
							"rotation": [5.19023, 59.93207, 2.99385],
							"uv": {
								"north": {"uv": [29, 0], "uv_size": [0.25, 1.75]},
								"east": {"uv": [25, 18], "uv_size": [0.5, 1.75]},
								"south": {"uv": [29, 2], "uv_size": [0.25, 1.75]},
								"west": {"uv": [25, 20], "uv_size": [0.5, 1.75]},
								"up": {"uv": [41, 11], "uv_size": [0.25, 0.5]},
								"down": {"uv": [41, 12.5], "uv_size": [0.25, -0.5]}
							}
						},
						{
							"origin": [4.12628, -9.73344, -0.29994],
							"size": [0.25, 1.8125, 0.5],
							"pivot": [-0.02883, -15.53656, -0.04994],
							"rotation": [5.17962, -59.86427, -5.98364],
							"uv": {
								"north": {"uv": [29, 4], "uv_size": [0.25, 1.75]},
								"east": {"uv": [25, 22], "uv_size": [0.5, 1.75]},
								"south": {"uv": [29, 6], "uv_size": [0.25, 1.75]},
								"west": {"uv": [25, 24], "uv_size": [0.5, 1.75]},
								"up": {"uv": [41, 13], "uv_size": [0.25, 0.5]},
								"down": {"uv": [41, 14.5], "uv_size": [0.25, -0.5]}
							}
						}
					]
				},
				{
					"name": "bone2",
					"parent": "bar",
					"pivot": [0, 16.75, 0],
					"rotation": [8.64388, -29.7174, -4.30963],
					"cubes": [
						{
							"origin": [0.93695, 24.37718, 0.62284],
							"size": [-0.0625, 0.5, 0.5],
							"uv": {
								"north": {"uv": [37, 9], "uv_size": [0.25, 0.5]},
								"east": {"uv": [32, 3], "uv_size": [0.5, 0.5]},
								"south": {"uv": [37, 10], "uv_size": [0.25, 0.5]},
								"west": {"uv": [32, 4], "uv_size": [0.5, 0.5]},
								"up": {"uv": [37, 11], "uv_size": [0.25, 0.5]},
								"down": {"uv": [37, 12.5], "uv_size": [0.25, -0.5]}
							}
						},
						{
							"origin": [0.66555, 24.37718, -1.27217],
							"size": [0.0625, 0.5, 0.5],
							"pivot": [-0.14756, -0.05438, -0.01436],
							"rotation": [0, -120, 0],
							"uv": {
								"north": {"uv": [37, 13], "uv_size": [0.25, 0.5]},
								"east": {"uv": [32, 9], "uv_size": [0.5, 0.5]},
								"south": {"uv": [37, 14], "uv_size": [0.25, 0.5]},
								"west": {"uv": [32, 10], "uv_size": [0.5, 0.5]},
								"up": {"uv": [15, 37], "uv_size": [0.25, 0.5]},
								"down": {"uv": [37, 15.5], "uv_size": [0.25, -0.5]}
							}
						},
						{
							"origin": [-0.60099, 24.37718, 0.02792],
							"size": [0.0625, 0.5, 0.5],
							"pivot": [0.33972, -0.05438, 0.38142],
							"rotation": [0, 120, 0],
							"uv": {
								"north": {"uv": [16, 37], "uv_size": [0.25, 0.5]},
								"east": {"uv": [32, 11], "uv_size": [0.5, 0.5]},
								"south": {"uv": [37, 16], "uv_size": [0.25, 0.5]},
								"west": {"uv": [32, 12], "uv_size": [0.5, 0.5]},
								"up": {"uv": [17, 37], "uv_size": [0.25, 0.5]},
								"down": {"uv": [37, 17.5], "uv_size": [0.25, -0.5]}
							}
						},
						{
							"origin": [-0.26127, 24.37718, -1.45253],
							"size": [-0.0625, 0.5, 0.5],
							"pivot": [-0.09517, -0.05438, -0.16484],
							"rotation": [-180, 0, 180],
							"uv": {
								"north": {"uv": [18, 37], "uv_size": [0.25, 0.5]},
								"east": {"uv": [32, 15], "uv_size": [0.5, 0.5]},
								"south": {"uv": [37, 18], "uv_size": [0.25, 0.5]},
								"west": {"uv": [16, 32], "uv_size": [0.5, 0.5]},
								"up": {"uv": [19, 37], "uv_size": [0.25, 0.5]},
								"down": {"uv": [37, 19.5], "uv_size": [0.25, -0.5]}
							}
						},
						{
							"origin": [-0.32377, 24.37718, 0.62284],
							"size": [0.0625, 0.5, 0.5],
							"pivot": [-0.09517, -0.05438, -0.16484],
							"rotation": [0, 60, 0],
							"uv": {
								"north": {"uv": [20, 37], "uv_size": [0.25, 0.5]},
								"east": {"uv": [32, 16], "uv_size": [0.5, 0.5]},
								"south": {"uv": [37, 20], "uv_size": [0.25, 0.5]},
								"west": {"uv": [17, 32], "uv_size": [0.5, 0.5]},
								"up": {"uv": [21, 37], "uv_size": [0.25, 0.5]},
								"down": {"uv": [37, 21.5], "uv_size": [0.25, -0.5]}
							}
						},
						{
							"origin": [0.67003, 24.37718, -0.41484],
							"size": [0.0625, 0.5, 0.5],
							"pivot": [-0.09517, -0.05438, -0.16484],
							"rotation": [0, -60, 0],
							"uv": {
								"north": {"uv": [22, 37], "uv_size": [0.25, 0.5]},
								"east": {"uv": [32, 18], "uv_size": [0.5, 0.5]},
								"south": {"uv": [37, 22], "uv_size": [0.25, 0.5]},
								"west": {"uv": [19, 32], "uv_size": [0.5, 0.5]},
								"up": {"uv": [23, 37], "uv_size": [0.25, 0.5]},
								"down": {"uv": [37, 23.5], "uv_size": [0.25, -0.5]}
							}
						}
					]
				},
				{
					"name": "bone3",
					"parent": "bar",
					"pivot": [0, 16.75, 0],
					"rotation": [20.00533, -28.48042, -9.8491],
					"cubes": [
						{
							"origin": [1.63164, 24.5035, 1.82608],
							"size": [-0.0625, 0.375, 0.5],
							"uv": {
								"north": {"uv": [24, 37], "uv_size": [0.25, 0.5]},
								"east": {"uv": [32, 19], "uv_size": [0.5, 0.5]},
								"south": {"uv": [37, 24], "uv_size": [0.25, 0.5]},
								"west": {"uv": [20, 32], "uv_size": [0.5, 0.5]},
								"up": {"uv": [25, 37], "uv_size": [0.25, 0.5]},
								"down": {"uv": [37, 25.5], "uv_size": [0.25, -0.5]}
							}
						},
						{
							"origin": [1.36024, 24.5035, -2.42701],
							"size": [0.0625, 0.375, 0.5],
							"pivot": [-0.13359, -0.12623, 0.00984],
							"rotation": [0, -120, 0],
							"uv": {
								"north": {"uv": [26, 37], "uv_size": [0.25, 0.5]},
								"east": {"uv": [21, 32], "uv_size": [0.5, 0.5]},
								"south": {"uv": [37, 26], "uv_size": [0.25, 0.5]},
								"west": {"uv": [22, 32], "uv_size": [0.5, 0.5]},
								"up": {"uv": [27, 37], "uv_size": [0.25, 0.5]},
								"down": {"uv": [37, 27.5], "uv_size": [0.25, -0.5]}
							}
						},
						{
							"origin": [-1.94845, 24.5035, 0.05211],
							"size": [0.0625, 0.375, 0.5],
							"pivot": [0.35369, -0.12623, 0.40561],
							"rotation": [0, 120, 0],
							"uv": {
								"north": {"uv": [28, 37], "uv_size": [0.25, 0.5]},
								"east": {"uv": [23, 32], "uv_size": [0.5, 0.5]},
								"south": {"uv": [37, 28], "uv_size": [0.25, 0.5]},
								"west": {"uv": [32, 23], "uv_size": [0.5, 0.5]},
								"up": {"uv": [29, 37], "uv_size": [0.25, 0.5]},
								"down": {"uv": [37, 29.5], "uv_size": [0.25, -0.5]}
							}
						},
						{
							"origin": [-0.92801, 24.5035, -2.60737],
							"size": [-0.0625, 0.375, 0.5],
							"pivot": [-0.0812, -0.12623, -0.14064],
							"rotation": [-180, 0, 180],
							"uv": {
								"north": {"uv": [30, 37], "uv_size": [0.25, 0.5]},
								"east": {"uv": [24, 32], "uv_size": [0.5, 0.5]},
								"south": {"uv": [37, 30], "uv_size": [0.25, 0.5]},
								"west": {"uv": [32, 24], "uv_size": [0.5, 0.5]},
								"up": {"uv": [31, 37], "uv_size": [0.25, 0.5]},
								"down": {"uv": [37, 31.5], "uv_size": [0.25, -0.5]}
							}
						},
						{
							"origin": [-0.99051, 24.5035, 1.82608],
							"size": [0.0625, 0.375, 0.5],
							"pivot": [-0.0812, -0.12623, -0.14064],
							"rotation": [0, 60, 0],
							"uv": {
								"north": {"uv": [32, 37], "uv_size": [0.25, 0.5]},
								"east": {"uv": [26, 32], "uv_size": [0.5, 0.5]},
								"south": {"uv": [37, 32], "uv_size": [0.25, 0.5]},
								"west": {"uv": [27, 32], "uv_size": [0.5, 0.5]},
								"up": {"uv": [33, 37], "uv_size": [0.25, 0.5]},
								"down": {"uv": [37, 33.5], "uv_size": [0.25, -0.5]}
							}
						},
						{
							"origin": [2.04544, 24.5035, -0.39064],
							"size": [0.0625, 0.375, 0.5],
							"pivot": [-0.0812, -0.12623, -0.14064],
							"rotation": [0, -60, 0],
							"uv": {
								"north": {"uv": [34, 37], "uv_size": [0.25, 0.5]},
								"east": {"uv": [32, 28], "uv_size": [0.5, 0.5]},
								"south": {"uv": [37, 34], "uv_size": [0.25, 0.5]},
								"west": {"uv": [29, 32], "uv_size": [0.5, 0.5]},
								"up": {"uv": [35, 37], "uv_size": [0.25, 0.5]},
								"down": {"uv": [37, 35.5], "uv_size": [0.25, -0.5]}
							}
						}
					]
				},
				{
					"name": "bone4",
					"parent": "bar",
					"pivot": [0, 16.75, 0],
					"rotation": [36.33914, -24.94169, -17.23442],
					"cubes": [
						{
							"origin": [2.63533, 23.869, 3.56452],
							"size": [-0.0625, 0.375, 0.5],
							"uv": {
								"north": {"uv": [36, 37], "uv_size": [0.25, 0.5]},
								"east": {"uv": [32, 29], "uv_size": [0.5, 0.5]},
								"south": {"uv": [37, 36], "uv_size": [0.25, 0.5]},
								"west": {"uv": [30, 32], "uv_size": [0.5, 0.5]},
								"up": {"uv": [37, 37], "uv_size": [0.25, 0.5]},
								"down": {"uv": [38, 0.5], "uv_size": [0.25, -0.5]}
							}
						},
						{
							"origin": [2.36392, 23.869, -3.96691],
							"size": [0.0625, 0.375, 0.5],
							"pivot": [-0.07628, 0.12187, 0.10911],
							"rotation": [0, -120, 0],
							"uv": {
								"north": {"uv": [38, 1], "uv_size": [0.25, 0.5]},
								"east": {"uv": [31, 32], "uv_size": [0.5, 0.5]},
								"south": {"uv": [38, 2], "uv_size": [0.25, 0.5]},
								"west": {"uv": [32, 32], "uv_size": [0.5, 0.5]},
								"up": {"uv": [38, 3], "uv_size": [0.25, 0.5]},
								"down": {"uv": [38, 4.5], "uv_size": [0.25, -0.5]}
							}
						},
						{
							"origin": [-3.78389, 23.869, 0.15138],
							"size": [0.0625, 0.375, 0.5],
							"pivot": [0.411, 0.12187, 0.50488],
							"rotation": [0, 120, 0],
							"uv": {
								"north": {"uv": [38, 5], "uv_size": [0.25, 0.5]},
								"east": {"uv": [33, 3], "uv_size": [0.5, 0.5]},
								"south": {"uv": [38, 6], "uv_size": [0.25, 0.5]},
								"west": {"uv": [33, 4], "uv_size": [0.5, 0.5]},
								"up": {"uv": [38, 7], "uv_size": [0.25, 0.5]},
								"down": {"uv": [38, 8.5], "uv_size": [0.25, -0.5]}
							}
						},
						{
							"origin": [-1.81708, 23.869, -4.14727],
							"size": [-0.0625, 0.375, 0.5],
							"pivot": [-0.02389, 0.12187, -0.04138],
							"rotation": [-180, 0, 180],
							"uv": {
								"north": {"uv": [38, 9], "uv_size": [0.25, 0.5]},
								"east": {"uv": [33, 5], "uv_size": [0.5, 0.5]},
								"south": {"uv": [38, 10], "uv_size": [0.25, 0.5]},
								"west": {"uv": [33, 6], "uv_size": [0.5, 0.5]},
								"up": {"uv": [38, 11], "uv_size": [0.25, 0.5]},
								"down": {"uv": [38, 12.5], "uv_size": [0.25, -0.5]}
							}
						},
						{
							"origin": [-1.87958, 23.869, 3.56452],
							"size": [0.0625, 0.375, 0.5],
							"pivot": [-0.02389, 0.12187, -0.04138],
							"rotation": [0, 60, 0],
							"uv": {
								"north": {"uv": [38, 13], "uv_size": [0.25, 0.5]},
								"east": {"uv": [33, 7], "uv_size": [0.5, 0.5]},
								"south": {"uv": [38, 14], "uv_size": [0.25, 0.5]},
								"west": {"uv": [33, 8], "uv_size": [0.5, 0.5]},
								"up": {"uv": [15, 38], "uv_size": [0.25, 0.5]},
								"down": {"uv": [38, 15.5], "uv_size": [0.25, -0.5]}
							}
						},
						{
							"origin": [3.9955, 23.869, -0.29138],
							"size": [0.0625, 0.375, 0.5],
							"pivot": [-0.02389, 0.12187, -0.04138],
							"rotation": [0, -60, 0],
							"uv": {
								"north": {"uv": [16, 38], "uv_size": [0.25, 0.5]},
								"east": {"uv": [33, 9], "uv_size": [0.5, 0.5]},
								"south": {"uv": [38, 16], "uv_size": [0.25, 0.5]},
								"west": {"uv": [33, 10], "uv_size": [0.5, 0.5]},
								"up": {"uv": [17, 38], "uv_size": [0.25, 0.5]},
								"down": {"uv": [38, 17.5], "uv_size": [0.25, -0.5]}
							}
						}
					]
				},
				{
					"name": "bone5",
					"parent": "bar",
					"pivot": [0, 16.75, 0],
					"rotation": [46.6167, -21.63168, -21.30838],
					"cubes": [
						{
							"origin": [3.24924, 23.2901, 4.62784],
							"size": [-0.0625, 0.375, 0.5],
							"uv": {
								"north": {"uv": [18, 38], "uv_size": [0.25, 0.5]},
								"east": {"uv": [33, 11], "uv_size": [0.5, 0.5]},
								"south": {"uv": [38, 18], "uv_size": [0.25, 0.5]},
								"west": {"uv": [33, 12], "uv_size": [0.5, 0.5]},
								"up": {"uv": [19, 38], "uv_size": [0.25, 0.5]},
								"down": {"uv": [38, 19.5], "uv_size": [0.25, -0.5]}
							}
						},
						{
							"origin": [2.97783, 23.2901, -4.8198],
							"size": [0.0625, 0.375, 0.5],
							"pivot": [-0.01553, -0.35811, 0.21433],
							"rotation": [0, -120, 0],
							"uv": {
								"north": {"uv": [20, 38], "uv_size": [0.25, 0.5]},
								"east": {"uv": [33, 13], "uv_size": [0.5, 0.5]},
								"south": {"uv": [38, 20], "uv_size": [0.25, 0.5]},
								"west": {"uv": [33, 14], "uv_size": [0.5, 0.5]},
								"up": {"uv": [21, 38], "uv_size": [0.25, 0.5]},
								"down": {"uv": [38, 21.5], "uv_size": [0.25, -0.5]}
							}
						},
						{
							"origin": [-4.82947, 23.2901, 0.2566],
							"size": [0.0625, 0.375, 0.5],
							"pivot": [0.47175, -0.35811, 0.6101],
							"rotation": [0, 120, 0],
							"uv": {
								"north": {"uv": [22, 38], "uv_size": [0.25, 0.5]},
								"east": {"uv": [15, 33], "uv_size": [0.5, 0.5]},
								"south": {"uv": [38, 22], "uv_size": [0.25, 0.5]},
								"west": {"uv": [33, 15], "uv_size": [0.5, 0.5]},
								"up": {"uv": [23, 38], "uv_size": [0.25, 0.5]},
								"down": {"uv": [38, 23.5], "uv_size": [0.25, -0.5]}
							}
						},
						{
							"origin": [-2.30949, 23.2901, -5.00015],
							"size": [-0.0625, 0.375, 0.5],
							"pivot": [0.03686, -0.35811, 0.06385],
							"rotation": [-180, 0, 180],
							"uv": {
								"north": {"uv": [24, 38], "uv_size": [0.25, 0.5]},
								"east": {"uv": [16, 33], "uv_size": [0.5, 0.5]},
								"south": {"uv": [38, 24], "uv_size": [0.25, 0.5]},
								"west": {"uv": [33, 16], "uv_size": [0.5, 0.5]},
								"up": {"uv": [25, 38], "uv_size": [0.25, 0.5]},
								"down": {"uv": [38, 25.5], "uv_size": [0.25, -0.5]}
							}
						},
						{
							"origin": [-2.37199, 23.2901, 4.62784],
							"size": [0.0625, 0.375, 0.5],
							"pivot": [0.03686, -0.35811, 0.06385],
							"rotation": [0, 60, 0],
							"uv": {
								"north": {"uv": [26, 38], "uv_size": [0.25, 0.5]},
								"east": {"uv": [17, 33], "uv_size": [0.5, 0.5]},
								"south": {"uv": [38, 26], "uv_size": [0.25, 0.5]},
								"west": {"uv": [33, 17], "uv_size": [0.5, 0.5]},
								"up": {"uv": [27, 38], "uv_size": [0.25, 0.5]},
								"down": {"uv": [38, 27.5], "uv_size": [0.25, -0.5]}
							}
						},
						{
							"origin": [5.16258, 23.2901, -0.18615],
							"size": [0.0625, 0.375, 0.5],
							"pivot": [0.03686, -0.35811, 0.06385],
							"rotation": [0, -60, 0],
							"uv": {
								"north": {"uv": [28, 38], "uv_size": [0.25, 0.5]},
								"east": {"uv": [18, 33], "uv_size": [0.5, 0.5]},
								"south": {"uv": [38, 28], "uv_size": [0.25, 0.5]},
								"west": {"uv": [33, 18], "uv_size": [0.5, 0.5]},
								"up": {"uv": [29, 38], "uv_size": [0.25, 0.5]},
								"down": {"uv": [38, 29.5], "uv_size": [0.25, -0.5]}
							}
						}
					]
				},
				{
					"name": "bone6",
					"parent": "bar",
					"pivot": [0, 16.75, 0],
					"rotation": [68.00946, -12.19908, -27.62113],
					"cubes": [
						{
							"origin": [4.34153, 20.81757, 6.51976],
							"size": [-0.0625, 0.375, 0.5],
							"uv": {
								"north": {"uv": [30, 38], "uv_size": [0.25, 0.5]},
								"east": {"uv": [19, 33], "uv_size": [0.5, 0.5]},
								"south": {"uv": [38, 30], "uv_size": [0.25, 0.5]},
								"west": {"uv": [33, 19], "uv_size": [0.5, 0.5]},
								"up": {"uv": [31, 38], "uv_size": [0.25, 0.5]},
								"down": {"uv": [38, 31.5], "uv_size": [0.25, -0.5]}
							}
						},
						{
							"origin": [4.07013, 20.81757, -6.1248],
							"size": [0.0625, 0.375, 0.5],
							"pivot": [0.1539, -0.31337, 0.50778],
							"rotation": [0, -120, 0],
							"uv": {
								"north": {"uv": [32, 38], "uv_size": [0.25, 0.5]},
								"east": {"uv": [20, 33], "uv_size": [0.5, 0.5]},
								"south": {"uv": [38, 32], "uv_size": [0.25, 0.5]},
								"west": {"uv": [33, 20], "uv_size": [0.5, 0.5]},
								"up": {"uv": [33, 38], "uv_size": [0.25, 0.5]},
								"down": {"uv": [38, 33.5], "uv_size": [0.25, -0.5]}
							}
						},
						{
							"origin": [-6.50578, 20.81757, 0.55005],
							"size": [0.0625, 0.375, 0.5],
							"pivot": [0.64118, -0.31337, 0.90355],
							"rotation": [0, 120, 0],
							"uv": {
								"north": {"uv": [34, 38], "uv_size": [0.25, 0.5]},
								"east": {"uv": [21, 33], "uv_size": [0.5, 0.5]},
								"south": {"uv": [38, 34], "uv_size": [0.25, 0.5]},
								"west": {"uv": [33, 21], "uv_size": [0.5, 0.5]},
								"up": {"uv": [35, 38], "uv_size": [0.25, 0.5]},
								"down": {"uv": [38, 35.5], "uv_size": [0.25, -0.5]}
							}
						},
						{
							"origin": [-3.06294, 20.81757, -6.30516],
							"size": [-0.0625, 0.375, 0.5],
							"pivot": [0.20629, -0.31337, 0.3573],
							"rotation": [-180, 0, 180],
							"uv": {
								"north": {"uv": [36, 38], "uv_size": [0.25, 0.5]},
								"east": {"uv": [22, 33], "uv_size": [0.5, 0.5]},
								"south": {"uv": [38, 36], "uv_size": [0.25, 0.5]},
								"west": {"uv": [33, 22], "uv_size": [0.5, 0.5]},
								"up": {"uv": [37, 38], "uv_size": [0.25, 0.5]},
								"down": {"uv": [38, 37.5], "uv_size": [0.25, -0.5]}
							}
						},
						{
							"origin": [-3.12544, 20.81757, 6.51976],
							"size": [0.0625, 0.375, 0.5],
							"pivot": [0.20629, -0.31337, 0.3573],
							"rotation": [0, 60, 0],
							"uv": {
								"north": {"uv": [38, 38], "uv_size": [0.25, 0.5]},
								"east": {"uv": [23, 33], "uv_size": [0.5, 0.5]},
								"south": {"uv": [0, 39], "uv_size": [0.25, 0.5]},
								"west": {"uv": [33, 23], "uv_size": [0.5, 0.5]},
								"up": {"uv": [39, 0], "uv_size": [0.25, 0.5]},
								"down": {"uv": [1, 39.5], "uv_size": [0.25, -0.5]}
							}
						},
						{
							"origin": [7.17774, 20.81757, 0.1073],
							"size": [0.0625, 0.375, 0.5],
							"pivot": [0.20629, -0.31337, 0.3573],
							"rotation": [0, -60, 0],
							"uv": {
								"north": {"uv": [39, 1], "uv_size": [0.25, 0.5]},
								"east": {"uv": [24, 33], "uv_size": [0.5, 0.5]},
								"south": {"uv": [2, 39], "uv_size": [0.25, 0.5]},
								"west": {"uv": [33, 24], "uv_size": [0.5, 0.5]},
								"up": {"uv": [39, 2], "uv_size": [0.25, 0.5]},
								"down": {"uv": [3, 39.5], "uv_size": [0.25, -0.5]}
							}
						}
					]
				},
				{
					"name": "bone7",
					"parent": "bar",
					"pivot": [0, 17.68018, -0.74592],
					"rotation": [79.13185, -6.21271, -29.40842],
					"cubes": [
						{
							"origin": [4.35119, 19.30223, 5.79055],
							"size": [-0.0625, 0.375, 0.5],
							"uv": {
								"north": {"uv": [39, 3], "uv_size": [0.25, 0.5]},
								"east": {"uv": [25, 33], "uv_size": [0.5, 0.5]},
								"south": {"uv": [4, 39], "uv_size": [0.25, 0.5]},
								"west": {"uv": [33, 25], "uv_size": [0.5, 0.5]},
								"up": {"uv": [39, 4], "uv_size": [0.25, 0.5]},
								"down": {"uv": [5, 39.5], "uv_size": [0.25, -0.5]}
							}
						},
						{
							"origin": [4.07978, 19.30223, -7.82379],
							"size": [0.0625, 0.375, 0.5],
							"pivot": [-0.1164, -0.17928, -0.70631],
							"rotation": [0, -120, 0],
							"uv": {
								"north": {"uv": [39, 5], "uv_size": [0.25, 0.5]},
								"east": {"uv": [26, 33], "uv_size": [0.5, 0.5]},
								"south": {"uv": [6, 39], "uv_size": [0.25, 0.5]},
								"west": {"uv": [33, 26], "uv_size": [0.5, 0.5]},
								"up": {"uv": [39, 6], "uv_size": [0.25, 0.5]},
								"down": {"uv": [7, 39.5], "uv_size": [0.25, -0.5]}
							}
						},
						{
							"origin": [-7.33599, 19.30223, -0.66404],
							"size": [0.0625, 0.375, 0.5],
							"pivot": [0.37088, -0.17928, -0.31054],
							"rotation": [0, 120, 0],
							"uv": {
								"north": {"uv": [39, 7], "uv_size": [0.25, 0.5]},
								"east": {"uv": [27, 33], "uv_size": [0.5, 0.5]},
								"south": {"uv": [8, 39], "uv_size": [0.25, 0.5]},
								"west": {"uv": [33, 27], "uv_size": [0.5, 0.5]},
								"up": {"uv": [39, 8], "uv_size": [0.25, 0.5]},
								"down": {"uv": [9, 39.5], "uv_size": [0.25, -0.5]}
							}
						},
						{
							"origin": [-3.61319, 19.30223, -8.00415],
							"size": [-0.25, 0.375, 0.5],
							"pivot": [-0.06401, -0.17928, -0.8568],
							"rotation": [-180, 0, 180],
							"uv": {
								"north": {"uv": [39, 9], "uv_size": [0.25, 0.5]},
								"east": {"uv": [28, 33], "uv_size": [0.5, 0.5]},
								"south": {"uv": [10, 39], "uv_size": [0.25, 0.5]},
								"west": {"uv": [33, 28], "uv_size": [0.5, 0.5]},
								"up": {"uv": [39, 10], "uv_size": [0.25, 0.5]},
								"down": {"uv": [11, 39.5], "uv_size": [0.25, -0.5]}
							}
						},
						{
							"origin": [-3.67569, 19.30223, 5.79055],
							"size": [0.0625, 0.375, 0.5],
							"pivot": [-0.06401, -0.17928, -0.8568],
							"rotation": [0, 60, 0],
							"uv": {
								"north": {"uv": [39, 11], "uv_size": [0.25, 0.5]},
								"east": {"uv": [29, 33], "uv_size": [0.5, 0.5]},
								"south": {"uv": [39, 12], "uv_size": [0.25, 0.5]},
								"west": {"uv": [33, 29], "uv_size": [0.5, 0.5]},
								"up": {"uv": [39, 13], "uv_size": [0.25, 0.5]},
								"down": {"uv": [39, 14.5], "uv_size": [0.25, -0.5]}
							}
						},
						{
							"origin": [7.46735, 19.30223, -1.1068],
							"size": [0.0625, 0.375, 0.5],
							"pivot": [-0.06401, -0.17928, -0.8568],
							"rotation": [0, -60, 0],
							"uv": {
								"north": {"uv": [15, 39], "uv_size": [0.25, 0.5]},
								"east": {"uv": [30, 33], "uv_size": [0.5, 0.5]},
								"south": {"uv": [39, 15], "uv_size": [0.25, 0.5]},
								"west": {"uv": [33, 30], "uv_size": [0.5, 0.5]},
								"up": {"uv": [16, 39], "uv_size": [0.25, 0.5]},
								"down": {"uv": [39, 16.5], "uv_size": [0.25, -0.5]}
							}
						}
					]
				},
				{
					"name": "bone8",
					"parent": "bar",
					"pivot": [0, 17.68018, -0.74592],
					"rotation": [92.16541, 1.2497, -29.97638],
					"cubes": [
						{
							"origin": [4.46874, 17.46892, 5.99416],
							"size": [-0.0625, 0.5625, 0.5],
							"uv": {
								"north": {"uv": [17, 39], "uv_size": [0.25, 0.5]},
								"east": {"uv": [31, 33], "uv_size": [0.5, 0.5]},
								"south": {"uv": [39, 17], "uv_size": [0.25, 0.5]},
								"west": {"uv": [33, 31], "uv_size": [0.5, 0.5]},
								"up": {"uv": [18, 39], "uv_size": [0.25, 0.5]},
								"down": {"uv": [39, 18.5], "uv_size": [0.25, -0.5]}
							}
						},
						{
							"origin": [4.19734, 17.46892, -7.93545],
							"size": [0.0625, 0.5625, 0.5],
							"pivot": [-0.08986, 0.06787, -0.66034],
							"rotation": [0, -120, 0],
							"uv": {
								"north": {"uv": [19, 39], "uv_size": [0.25, 0.5]},
								"east": {"uv": [32, 33], "uv_size": [0.5, 0.5]},
								"south": {"uv": [39, 19], "uv_size": [0.25, 0.5]},
								"west": {"uv": [33, 32], "uv_size": [0.5, 0.5]},
								"up": {"uv": [20, 39], "uv_size": [0.25, 0.5]},
								"down": {"uv": [39, 20.5], "uv_size": [0.25, -0.5]}
							}
						},
						{
							"origin": [-7.49146, 17.46892, -0.61807],
							"size": [0.0625, 0.5625, 0.5],
							"pivot": [0.39742, 0.06787, -0.26457],
							"rotation": [0, 120, 0],
							"uv": {
								"north": {"uv": [21, 39], "uv_size": [0.25, 0.5]},
								"east": {"uv": [33, 33], "uv_size": [0.5, 0.5]},
								"south": {"uv": [39, 21], "uv_size": [0.25, 0.5]},
								"west": {"uv": [34, 0], "uv_size": [0.5, 0.5]},
								"up": {"uv": [22, 39], "uv_size": [0.25, 0.5]},
								"down": {"uv": [39, 22.5], "uv_size": [0.25, -0.5]}
							}
						},
						{
							"origin": [-3.67765, 17.46892, -8.1158],
							"size": [-0.25, 0.5625, 0.5],
							"pivot": [-0.03747, 0.06787, -0.81082],
							"rotation": [-180, 0, 180],
							"uv": {
								"north": {"uv": [23, 39], "uv_size": [0.25, 0.5]},
								"east": {"uv": [34, 1], "uv_size": [0.5, 0.5]},
								"south": {"uv": [39, 23], "uv_size": [0.25, 0.5]},
								"west": {"uv": [34, 2], "uv_size": [0.5, 0.5]},
								"up": {"uv": [24, 39], "uv_size": [0.25, 0.5]},
								"down": {"uv": [39, 24.5], "uv_size": [0.25, -0.5]}
							}
						},
						{
							"origin": [-3.74015, 17.46892, 5.99416],
							"size": [0.0625, 0.5625, 0.5],
							"pivot": [-0.03747, 0.06787, -0.81082],
							"rotation": [0, 60, 0],
							"uv": {
								"north": {"uv": [25, 39], "uv_size": [0.25, 0.5]},
								"east": {"uv": [34, 3], "uv_size": [0.5, 0.5]},
								"south": {"uv": [39, 25], "uv_size": [0.25, 0.5]},
								"west": {"uv": [34, 4], "uv_size": [0.5, 0.5]},
								"up": {"uv": [26, 39], "uv_size": [0.25, 0.5]},
								"down": {"uv": [39, 26.5], "uv_size": [0.25, -0.5]}
							}
						},
						{
							"origin": [7.67591, 17.46892, -1.06082],
							"size": [0.0625, 0.5625, 0.5],
							"pivot": [-0.03747, 0.06787, -0.81082],
							"rotation": [0, -60, 0],
							"uv": {
								"north": {"uv": [27, 39], "uv_size": [0.25, 0.5]},
								"east": {"uv": [34, 5], "uv_size": [0.5, 0.5]},
								"south": {"uv": [39, 27], "uv_size": [0.25, 0.5]},
								"west": {"uv": [34, 6], "uv_size": [0.5, 0.5]},
								"up": {"uv": [28, 39], "uv_size": [0.25, 0.5]},
								"down": {"uv": [39, 28.5], "uv_size": [0.25, -0.5]}
							}
						}
					]
				},
				{
					"name": "bone9",
					"parent": "bar",
					"pivot": [0, 17.68018, -0.74592],
					"rotation": [107.49524, 9.84655, -28.48124],
					"cubes": [
						{
							"origin": [4.32474, 15.45782, 5.74475],
							"size": [-0.0625, 0.6875, 0.5],
							"uv": {
								"north": {"uv": [17, 35], "uv_size": [0.25, 0.75]},
								"east": {"uv": [29, 8], "uv_size": [0.5, 0.75]},
								"south": {"uv": [35, 17], "uv_size": [0.25, 0.75]},
								"west": {"uv": [29, 9], "uv_size": [0.5, 0.75]},
								"up": {"uv": [29, 39], "uv_size": [0.25, 0.5]},
								"down": {"uv": [39, 29.5], "uv_size": [0.25, -0.5]}
							}
						},
						{
							"origin": [4.05334, 15.45782, -7.3624],
							"size": [0.0625, 0.6875, 0.5],
							"pivot": [0.00357, 0.44398, -0.49852],
							"rotation": [0, -120, 0],
							"uv": {
								"north": {"uv": [18, 35], "uv_size": [0.25, 0.75]},
								"east": {"uv": [29, 10], "uv_size": [0.5, 0.75]},
								"south": {"uv": [35, 18], "uv_size": [0.25, 0.75]},
								"west": {"uv": [29, 11], "uv_size": [0.5, 0.75]},
								"up": {"uv": [30, 39], "uv_size": [0.25, 0.5]},
								"down": {"uv": [39, 30.5], "uv_size": [0.25, -0.5]}
							}
						},
						{
							"origin": [-6.92319, 15.45782, -0.45625],
							"size": [0.0625, 0.6875, 0.5],
							"pivot": [0.49085, 0.44398, -0.10275],
							"rotation": [0, 120, 0],
							"uv": {
								"north": {"uv": [19, 35], "uv_size": [0.25, 0.75]},
								"east": {"uv": [29, 12], "uv_size": [0.5, 0.75]},
								"south": {"uv": [35, 19], "uv_size": [0.25, 0.75]},
								"west": {"uv": [29, 13], "uv_size": [0.5, 0.75]},
								"up": {"uv": [31, 39], "uv_size": [0.25, 0.5]},
								"down": {"uv": [39, 31.5], "uv_size": [0.25, -0.5]}
							}
						},
						{
							"origin": [-3.3468, 15.45782, -7.54276],
							"size": [-0.25, 0.6875, 0.5],
							"pivot": [0.05596, 0.44398, -0.649],
							"rotation": [-180, 0, 180],
							"uv": {
								"north": {"uv": [20, 35], "uv_size": [0.25, 0.75]},
								"east": {"uv": [29, 14], "uv_size": [0.5, 0.75]},
								"south": {"uv": [35, 20], "uv_size": [0.25, 0.75]},
								"west": {"uv": [29, 15], "uv_size": [0.5, 0.75]},
								"up": {"uv": [32, 39], "uv_size": [0.25, 0.5]},
								"down": {"uv": [39, 32.5], "uv_size": [0.25, -0.5]}
							}
						},
						{
							"origin": [-3.4093, 15.45782, 5.74475],
							"size": [0.0625, 0.6875, 0.5],
							"pivot": [0.05596, 0.44398, -0.649],
							"rotation": [0, 60, 0],
							"uv": {
								"north": {"uv": [21, 35], "uv_size": [0.25, 0.75]},
								"east": {"uv": [29, 16], "uv_size": [0.5, 0.75]},
								"south": {"uv": [35, 21], "uv_size": [0.25, 0.75]},
								"west": {"uv": [29, 17], "uv_size": [0.5, 0.75]},
								"up": {"uv": [33, 39], "uv_size": [0.25, 0.5]},
								"down": {"uv": [39, 33.5], "uv_size": [0.25, -0.5]}
							}
						},
						{
							"origin": [7.29449, 15.45782, -0.899],
							"size": [0.0625, 0.6875, 0.5],
							"pivot": [0.05596, 0.44398, -0.649],
							"rotation": [0, -60, 0],
							"uv": {
								"north": {"uv": [22, 35], "uv_size": [0.25, 0.75]},
								"east": {"uv": [29, 18], "uv_size": [0.5, 0.75]},
								"south": {"uv": [35, 22], "uv_size": [0.25, 0.75]},
								"west": {"uv": [29, 19], "uv_size": [0.5, 0.75]},
								"up": {"uv": [34, 39], "uv_size": [0.25, 0.5]},
								"down": {"uv": [39, 34.5], "uv_size": [0.25, -0.5]}
							}
						}
					]
				},
				{
					"name": "bone10",
					"parent": "bar",
					"pivot": [0, 17.68018, -0.74592],
					"rotation": [118.88636, 15.58394, -25.96295],
					"cubes": [
						{
							"origin": [4.06126, 14.40333, 5.28838],
							"size": [-0.25, 0.6875, 0.5],
							"uv": {
								"north": {"uv": [23, 35], "uv_size": [0.25, 0.75]},
								"east": {"uv": [29, 20], "uv_size": [0.5, 0.75]},
								"south": {"uv": [35, 23], "uv_size": [0.25, 0.75]},
								"west": {"uv": [29, 21], "uv_size": [0.5, 0.75]},
								"up": {"uv": [35, 39], "uv_size": [0.25, 0.5]},
								"down": {"uv": [39, 35.5], "uv_size": [0.25, -0.5]}
							}
						},
						{
							"origin": [3.60236, 14.40333, -6.48438],
							"size": [0.25, 0.6875, 0.5],
							"pivot": [0.12529, 0.95173, -0.28769],
							"rotation": [0, -120, 0],
							"uv": {
								"north": {"uv": [24, 35], "uv_size": [0.25, 0.75]},
								"east": {"uv": [29, 22], "uv_size": [0.5, 0.75]},
								"south": {"uv": [35, 24], "uv_size": [0.25, 0.75]},
								"west": {"uv": [29, 23], "uv_size": [0.5, 0.75]},
								"up": {"uv": [36, 39], "uv_size": [0.25, 0.5]},
								"down": {"uv": [39, 36.5], "uv_size": [0.25, -0.5]}
							}
						},
						{
							"origin": [-6.03106, 14.40333, -0.24542],
							"size": [0.25, 0.6875, 0.5],
							"pivot": [0.61257, 0.95173, 0.10808],
							"rotation": [0, 120, 0],
							"uv": {
								"north": {"uv": [25, 35], "uv_size": [0.25, 0.75]},
								"east": {"uv": [29, 24], "uv_size": [0.5, 0.75]},
								"south": {"uv": [35, 25], "uv_size": [0.25, 0.75]},
								"west": {"uv": [29, 25], "uv_size": [0.5, 0.75]},
								"up": {"uv": [37, 39], "uv_size": [0.25, 0.5]},
								"down": {"uv": [39, 37.5], "uv_size": [0.25, -0.5]}
							}
						},
						{
							"origin": [-2.83988, 14.40333, -6.66474],
							"size": [-0.25, 0.6875, 0.5],
							"pivot": [0.17768, 0.95173, -0.43818],
							"rotation": [-180, 0, 180],
							"uv": {
								"north": {"uv": [26, 35], "uv_size": [0.25, 0.75]},
								"east": {"uv": [29, 26], "uv_size": [0.5, 0.75]},
								"south": {"uv": [35, 26], "uv_size": [0.25, 0.75]},
								"west": {"uv": [27, 29], "uv_size": [0.5, 0.75]},
								"up": {"uv": [38, 39], "uv_size": [0.25, 0.5]},
								"down": {"uv": [39, 38.5], "uv_size": [0.25, -0.5]}
							}
						},
						{
							"origin": [-3.08988, 14.40333, 5.28838],
							"size": [0.25, 0.6875, 0.5],
							"pivot": [0.17768, 0.95173, -0.43818],
							"rotation": [0, 60, 0],
							"uv": {
								"north": {"uv": [27, 35], "uv_size": [0.25, 0.75]},
								"east": {"uv": [29, 27], "uv_size": [0.5, 0.75]},
								"south": {"uv": [35, 27], "uv_size": [0.25, 0.75]},
								"west": {"uv": [29, 28], "uv_size": [0.5, 0.75]},
								"up": {"uv": [39, 39], "uv_size": [0.25, 0.5]},
								"down": {"uv": [0, 40.5], "uv_size": [0.25, -0.5]}
							}
						},
						{
							"origin": [6.6458, 14.40333, -0.68818],
							"size": [0.25, 0.6875, 0.5],
							"pivot": [0.17768, 0.95173, -0.43818],
							"rotation": [0, -60, 0],
							"uv": {
								"north": {"uv": [28, 35], "uv_size": [0.25, 0.75]},
								"east": {"uv": [29, 29], "uv_size": [0.5, 0.75]},
								"south": {"uv": [35, 28], "uv_size": [0.25, 0.75]},
								"west": {"uv": [30, 0], "uv_size": [0.5, 0.75]},
								"up": {"uv": [40, 0], "uv_size": [0.25, 0.5]},
								"down": {"uv": [1, 40.5], "uv_size": [0.25, -0.5]}
							}
						}
					]
				},
				{
					"name": "bone11",
					"parent": "bar",
					"pivot": [0, 17.68018, -0.74592],
					"rotation": [123.60502, 17.72091, -24.60981],
					"cubes": [
						{
							"origin": [3.41272, 13.35827, 4.16508],
							"size": [-0.25, 0.6875, 0.5],
							"pivot": [0.39285, 19.85024, -0.06548],
							"rotation": [8.64935, 0.37692, -4.98103],
							"uv": {
								"north": {"uv": [29, 35], "uv_size": [0.25, 0.75]},
								"east": {"uv": [30, 1], "uv_size": [0.5, 0.75]},
								"south": {"uv": [35, 29], "uv_size": [0.25, 0.75]},
								"west": {"uv": [30, 2], "uv_size": [0.5, 0.75]},
								"up": {"uv": [40, 1], "uv_size": [0.25, 0.5]},
								"down": {"uv": [2, 40.5], "uv_size": [0.25, -0.5]}
							}
						},
						{
							"origin": [3.16272, 13.35827, -4.79605],
							"size": [0.25, 0.6875, 0.5],
							"pivot": [0.39285, 19.85024, -0.06548],
							"rotation": [162.89261, -59.25455, -170.22175],
							"uv": {
								"north": {"uv": [30, 35], "uv_size": [0.25, 0.75]},
								"east": {"uv": [30, 3], "uv_size": [0.5, 0.75]},
								"south": {"uv": [35, 30], "uv_size": [0.25, 0.75]},
								"west": {"uv": [30, 4], "uv_size": [0.5, 0.75]},
								"up": {"uv": [40, 2], "uv_size": [0.25, 0.5]},
								"down": {"uv": [3, 40.5], "uv_size": [0.25, -0.5]}
							}
						},
						{
							"origin": [-5.21387, 13.35827, -0.31548],
							"size": [0.25, 1.0625, 0.5],
							"pivot": [0.39285, 19.85024, -0.06548],
							"rotation": [163.26042, 58.52505, 160.5746],
							"uv": {
								"north": {"uv": [34, 7], "uv_size": [0.25, 1]},
								"east": {"uv": [27, 18], "uv_size": [0.5, 1]},
								"south": {"uv": [34, 8], "uv_size": [0.25, 1]},
								"west": {"uv": [19, 27], "uv_size": [0.5, 1]},
								"up": {"uv": [40, 3], "uv_size": [0.25, 0.5]},
								"down": {"uv": [4, 40.5], "uv_size": [0.25, -0.5]}
							}
						},
						{
							"origin": [6.95977, 14.17204, -0.33896],
							"size": [0.3125, 1.0625, 0.25],
							"pivot": [0.8635, 19.7995, -0.63352],
							"rotation": [7.81608, -60.11821, -1.52804],
							"uv": {
								"north": {"uv": [34, 13], "uv_size": [0.25, 1]},
								"east": {"uv": [34, 14], "uv_size": [0.25, 1]},
								"south": {"uv": [15, 34], "uv_size": [0.25, 1]},
								"west": {"uv": [34, 15], "uv_size": [0.25, 1]},
								"up": {"uv": [27, 41], "uv_size": [0.25, 0.25]},
								"down": {"uv": [41, 27.25], "uv_size": [0.25, -0.25]}
							}
						},
						{
							"origin": [6.31818, 14.4305, -0.56228],
							"size": [0.25, 1.0625, 0.5],
							"pivot": [0.25036, 1.55059, -0.31228],
							"rotation": [0, -60, 0],
							"uv": {
								"north": {"uv": [34, 11], "uv_size": [0.25, 1]},
								"east": {"uv": [27, 20], "uv_size": [0.5, 1]},
								"south": {"uv": [34, 12], "uv_size": [0.25, 1]},
								"west": {"uv": [21, 27], "uv_size": [0.5, 1]},
								"up": {"uv": [40, 5], "uv_size": [0.25, 0.5]},
								"down": {"uv": [6, 40.5], "uv_size": [0.25, -0.5]}
							}
						}
					]
				},
				{
					"name": "bone12",
					"parent": "bar",
					"pivot": [0, 17.68018, -0.74592],
					"rotation": [123.60502, 17.72091, -24.60981],
					"cubes": [
						{
							"origin": [5.21584, 14.63577, 3.46271],
							"size": [-0.625, 0.625, 0.5],
							"pivot": [0.64617, 20.56753, -0.50172],
							"rotation": [14.36693, -2.23208, 12.32718],
							"uv": {
								"north": {"uv": [27, 16], "uv_size": [0.75, 0.75]},
								"east": {"uv": [30, 5], "uv_size": [0.5, 0.75]},
								"south": {"uv": [17, 27], "uv_size": [0.75, 0.75]},
								"west": {"uv": [30, 6], "uv_size": [0.5, 0.75]},
								"up": {"uv": [30, 7], "uv_size": [0.75, 0.5]},
								"down": {"uv": [30, 8.5], "uv_size": [0.75, -0.5]}
							}
						},
						{
							"origin": [-4.71888, 14.06413, -0.19357],
							"size": [0.25, 0.5625, 0.5],
							"pivot": [0.46324, 19.41875, 0.05643],
							"rotation": [157.26529, 57.17189, 153.49659],
							"uv": {
								"north": {"uv": [40, 9], "uv_size": [0.25, 0.5]},
								"east": {"uv": [18, 34], "uv_size": [0.5, 0.5]},
								"south": {"uv": [10, 40], "uv_size": [0.25, 0.5]},
								"west": {"uv": [34, 18], "uv_size": [0.5, 0.5]},
								"up": {"uv": [40, 10], "uv_size": [0.25, 0.5]},
								"down": {"uv": [11, 40.5], "uv_size": [0.25, -0.5]}
							}
						},
						{
							"origin": [6.74775, 15.24119, -0.46067],
							"size": [0.25, 1.125, 0.4375],
							"pivot": [0.90149, 19.36865, -0.56773],
							"rotation": [7.81608, -60.11821, -1.52804],
							"uv": {
								"north": {"uv": [18, 31], "uv_size": [0.25, 1.25]},
								"east": {"uv": [26, 20], "uv_size": [0.5, 1.25]},
								"south": {"uv": [31, 18], "uv_size": [0.25, 1.25]},
								"west": {"uv": [26, 22], "uv_size": [0.5, 1.25]},
								"up": {"uv": [40, 11], "uv_size": [0.25, 0.5]},
								"down": {"uv": [40, 12.5], "uv_size": [0.25, -0.5]}
							}
						},
						{
							"origin": [3.99259, 13.87903, -0.68399],
							"size": [0.25, 0.625, 0.5],
							"pivot": [0.18009, 21.36974, -0.43399],
							"rotation": [33.5375, -53.13995, -39.63927],
							"uv": {
								"north": {"uv": [36, 1], "uv_size": [0.25, 0.75]},
								"east": {"uv": [18, 30], "uv_size": [0.5, 0.75]},
								"south": {"uv": [36, 2], "uv_size": [0.25, 0.75]},
								"west": {"uv": [30, 18], "uv_size": [0.5, 0.75]},
								"up": {"uv": [28, 40], "uv_size": [0.25, 0.5]},
								"down": {"uv": [40, 28.5], "uv_size": [0.25, -0.5]}
							}
						}
					]
				},
				{
					"name": "bar2",
					"parent": "root",
					"pivot": [-0.48995, 0, -0.38337]
				},
				{
					"name": "bone14",
					"parent": "bar2",
					"pivot": [-0.48995, 0, -0.38337]
				},
				{
					"name": "add",
					"parent": "bone14",
					"pivot": [0.49639, 15.34923, -4.05278],
					"rotation": [9.7263, 12.32586, 2.09553],
					"cubes": [
						{
							"origin": [1.74701, 20.50161, 1.01341],
							"size": [0.4375, 0.125, 1.125],
							"pivot": [0.62944, 15.02657, -4.29783],
							"rotation": [38.74312, -13.41214, -10.54309],
							"uv": {
								"north": {"uv": [40, 6], "uv_size": [0.5, 0.25]},
								"east": {"uv": [31, 5], "uv_size": [1.25, 0.25]},
								"south": {"uv": [7, 40], "uv_size": [0.5, 0.25]},
								"west": {"uv": [31, 6], "uv_size": [1.25, 0.25]},
								"up": {"uv": [26, 12], "uv_size": [0.5, 1.25]},
								"down": {"uv": [26, 15.25], "uv_size": [0.5, -1.25]}
							}
						},
						{
							"origin": [1.26137, 20.5242, 1.17498],
							"size": [0.3125, 0.125, 1.125],
							"pivot": [0.71863, 15.04916, -4.26839],
							"rotation": [37.92445, -7.9185, -6.12673],
							"uv": {
								"north": {"uv": [28, 41], "uv_size": [0.25, 0.25]},
								"east": {"uv": [31, 7], "uv_size": [1.25, 0.25]},
								"south": {"uv": [41, 28], "uv_size": [0.25, 0.25]},
								"west": {"uv": [31, 8], "uv_size": [1.25, 0.25]},
								"up": {"uv": [31, 9], "uv_size": [0.25, 1.25]},
								"down": {"uv": [31, 12.25], "uv_size": [0.25, -1.25]}
							}
						},
						{
							"origin": [1.88004, 20.02751, 1.41705],
							"size": [0.4375, 0.14063, 1.125],
							"pivot": [0.62944, 15.08107, -4.32932],
							"rotation": [43.77714, -12.44833, -11.67025],
							"uv": {
								"north": {"uv": [40, 7], "uv_size": [0.5, 0.25]},
								"east": {"uv": [16, 31], "uv_size": [1.25, 0.25]},
								"south": {"uv": [8, 40], "uv_size": [0.5, 0.25]},
								"west": {"uv": [31, 17], "uv_size": [1.25, 0.25]},
								"up": {"uv": [26, 16], "uv_size": [0.5, 1.25]},
								"down": {"uv": [26, 19.25], "uv_size": [0.5, -1.25]}
							}
						},
						{
							"origin": [1.34038, 20.0501, 1.59158],
							"size": [0.3125, 0.14063, 1.125],
							"pivot": [0.71863, 15.10366, -4.29988],
							"rotation": [42.93717, -7.35559, -6.79333],
							"uv": {
								"north": {"uv": [29, 41], "uv_size": [0.25, 0.25]},
								"east": {"uv": [31, 13], "uv_size": [1.25, 0.25]},
								"south": {"uv": [41, 29], "uv_size": [0.25, 0.25]},
								"west": {"uv": [31, 14], "uv_size": [1.25, 0.25]},
								"up": {"uv": [15, 31], "uv_size": [0.25, 1.25]},
								"down": {"uv": [31, 16.25], "uv_size": [0.25, -1.25]}
							}
						},
						{
							"origin": [1.49155, 20.33029, 2.4115],
							"size": [0.625, 0.23438, 1],
							"pivot": [0.64195, 15.46198, -3.88571],
							"rotation": [43.49069, -11.00072, -10.26078],
							"uv": {
								"north": {"uv": [40, 8], "uv_size": [0.5, 0.25]},
								"east": {"uv": [16, 34], "uv_size": [1, 0.25]},
								"south": {"uv": [9, 40], "uv_size": [0.5, 0.25]},
								"west": {"uv": [34, 16], "uv_size": [1, 0.25]},
								"up": {"uv": [27, 21], "uv_size": [0.5, 1]},
								"down": {"uv": [22, 28], "uv_size": [0.5, -1]}
							}
						},
						{
							"origin": [1.30738, 19.91902, 2.65233],
							"size": [0.5, 0.29688, 1.28125],
							"pivot": [0.22628, 16.04939, -3.30249],
							"rotation": [53.64409, -12.40356, -10.401],
							"uv": {
								"north": {"uv": [17, 40], "uv_size": [0.5, 0.25]},
								"east": {"uv": [19, 31], "uv_size": [1.25, 0.25]},
								"south": {"uv": [40, 17], "uv_size": [0.5, 0.25]},
								"west": {"uv": [31, 20], "uv_size": [1.25, 0.25]},
								"up": {"uv": [24, 26], "uv_size": [0.5, 1.25]},
								"down": {"uv": [26, 25.25], "uv_size": [0.5, -1.25]}
							}
						},
						{
							"origin": [1.30738, 20.16902, 2.21483],
							"size": [0.5, 0.04688, 0.46875],
							"pivot": [0.22628, 16.04939, -3.30249],
							"rotation": [53.64409, -12.40356, -10.401],
							"uv": {
								"north": {"uv": [23, 40], "uv_size": [0.5, 0.25]},
								"east": {"uv": [40, 23], "uv_size": [0.5, 0.25]},
								"south": {"uv": [24, 40], "uv_size": [0.5, 0.25]},
								"west": {"uv": [40, 24], "uv_size": [0.5, 0.25]},
								"up": {"uv": [22, 34], "uv_size": [0.5, 0.5]},
								"down": {"uv": [34, 22.5], "uv_size": [0.5, -0.5]}
							}
						},
						{
							"origin": [1.49155, 21.32151, 1.45926],
							"size": [0.625, 0.23438, 1],
							"pivot": [0.64195, 15.46198, -3.88571],
							"rotation": [33.49069, -11.00072, -10.26078],
							"uv": {
								"north": {"uv": [31, 35], "uv_size": [0.75, 0.25]},
								"east": {"uv": [17, 34], "uv_size": [1, 0.25]},
								"south": {"uv": [35, 31], "uv_size": [0.75, 0.25]},
								"west": {"uv": [34, 17], "uv_size": [1, 0.25]},
								"up": {"uv": [26, 0], "uv_size": [0.75, 1]},
								"down": {"uv": [26, 2], "uv_size": [0.75, -1]}
							}
						},
						{
							"origin": [2.28122, 22.06365, 1.41054],
							"size": [0.625, 0.35938, 0.5625],
							"pivot": [-0.05283, 16.24318, -2.68958],
							"rotation": [36.1528, -23.34095, -19.20925],
							"uv": {
								"north": {"uv": [32, 35], "uv_size": [0.75, 0.25]},
								"east": {"uv": [16, 40], "uv_size": [0.5, 0.25]},
								"south": {"uv": [35, 32], "uv_size": [0.75, 0.25]},
								"west": {"uv": [40, 16], "uv_size": [0.5, 0.25]},
								"up": {"uv": [30, 9], "uv_size": [0.75, 0.5]},
								"down": {"uv": [30, 10.5], "uv_size": [0.75, -0.5]}
							}
						},
						{
							"origin": [-0.71147, 24.07731, -1.63379],
							"size": [0.3125, 0.35938, 0.3125],
							"pivot": [-0.55522, 24.257, -1.41504],
							"rotation": [54.1528, -23.34095, -19.20925],
							"uv": {
								"north": {"uv": [42, 2], "uv_size": [0.25, 0.25]},
								"east": {"uv": [3, 42], "uv_size": [0.25, 0.25]},
								"south": {"uv": [42, 3], "uv_size": [0.25, 0.25]},
								"west": {"uv": [4, 42], "uv_size": [0.25, 0.25]},
								"up": {"uv": [42, 4], "uv_size": [0.25, 0.25]},
								"down": {"uv": [5, 42.25], "uv_size": [0.25, -0.25]}
							}
						},
						{
							"origin": [2.59372, 22.06365, 1.97304],
							"size": [0.3125, 0.35938, 0.9375],
							"pivot": [-0.05283, 16.24318, -2.68958],
							"rotation": [36.1528, -23.34095, -19.20925],
							"uv": {
								"north": {"uv": [32, 41], "uv_size": [0.25, 0.25]},
								"east": {"uv": [24, 34], "uv_size": [1, 0.25]},
								"south": {"uv": [41, 32], "uv_size": [0.25, 0.25]},
								"west": {"uv": [34, 24], "uv_size": [1, 0.25]},
								"up": {"uv": [25, 34], "uv_size": [0.25, 1]},
								"down": {"uv": [34, 26], "uv_size": [0.25, -1]}
							}
						}
					]
				},
				{
					"name": "add2",
					"parent": "bone14",
					"pivot": [-0.49639, 15.34923, -4.05278],
					"rotation": [9.7263, -12.32586, -2.09553],
					"cubes": [
						{
							"origin": [-2.18451, 20.50161, 1.01341],
							"size": [0.4375, 0.125, 1.125],
							"pivot": [-0.62944, 15.02657, -4.29783],
							"rotation": [38.74312, 13.41214, 10.54309],
							"uv": {
								"north": {"uv": [18, 40], "uv_size": [0.5, 0.25]},
								"east": {"uv": [21, 31], "uv_size": [1.25, 0.25]},
								"south": {"uv": [40, 18], "uv_size": [0.5, 0.25]},
								"west": {"uv": [31, 21], "uv_size": [1.25, 0.25]},
								"up": {"uv": [25, 26], "uv_size": [0.5, 1.25]},
								"down": {"uv": [26, 27.25], "uv_size": [0.5, -1.25]}
							}
						},
						{
							"origin": [-1.57387, 20.5242, 1.17498],
							"size": [0.3125, 0.125, 1.125],
							"pivot": [-0.71863, 15.04916, -4.26839],
							"rotation": [37.92445, 7.9185, 6.12673],
							"uv": {
								"north": {"uv": [30, 41], "uv_size": [0.25, 0.25]},
								"east": {"uv": [31, 22], "uv_size": [1.25, 0.25]},
								"south": {"uv": [41, 30], "uv_size": [0.25, 0.25]},
								"west": {"uv": [23, 31], "uv_size": [1.25, 0.25]},
								"up": {"uv": [31, 23], "uv_size": [0.25, 1.25]},
								"down": {"uv": [25, 32.25], "uv_size": [0.25, -1.25]}
							}
						},
						{
							"origin": [-2.31754, 20.02751, 1.41705],
							"size": [0.4375, 0.14063, 1.125],
							"pivot": [-0.62944, 15.08107, -4.32932],
							"rotation": [43.77714, 12.44833, 11.67025],
							"uv": {
								"north": {"uv": [19, 40], "uv_size": [0.5, 0.25]},
								"east": {"uv": [31, 25], "uv_size": [1.25, 0.25]},
								"south": {"uv": [40, 19], "uv_size": [0.5, 0.25]},
								"west": {"uv": [26, 31], "uv_size": [1.25, 0.25]},
								"up": {"uv": [27, 0], "uv_size": [0.5, 1.25]},
								"down": {"uv": [27, 3.25], "uv_size": [0.5, -1.25]}
							}
						},
						{
							"origin": [-1.65288, 20.0501, 1.59158],
							"size": [0.3125, 0.14063, 1.125],
							"pivot": [-0.71863, 15.10366, -4.29988],
							"rotation": [42.93717, 7.35559, 6.79333],
							"uv": {
								"north": {"uv": [31, 41], "uv_size": [0.25, 0.25]},
								"east": {"uv": [31, 26], "uv_size": [1.25, 0.25]},
								"south": {"uv": [41, 31], "uv_size": [0.25, 0.25]},
								"west": {"uv": [31, 27], "uv_size": [1.25, 0.25]},
								"up": {"uv": [28, 31], "uv_size": [0.25, 1.25]},
								"down": {"uv": [31, 29.25], "uv_size": [0.25, -1.25]}
							}
						},
						{
							"origin": [-2.11655, 20.33029, 2.4115],
							"size": [0.625, 0.23438, 1],
							"pivot": [-0.64195, 15.46198, -3.88571],
							"rotation": [43.49069, 11.00072, 10.26078],
							"uv": {
								"north": {"uv": [20, 40], "uv_size": [0.5, 0.25]},
								"east": {"uv": [20, 34], "uv_size": [1, 0.25]},
								"south": {"uv": [40, 20], "uv_size": [0.5, 0.25]},
								"west": {"uv": [34, 20], "uv_size": [1, 0.25]},
								"up": {"uv": [27, 22], "uv_size": [0.5, 1]},
								"down": {"uv": [23, 28], "uv_size": [0.5, -1]}
							}
						},
						{
							"origin": [-1.80738, 19.91902, 2.65233],
							"size": [0.5, 0.29688, 1.28125],
							"pivot": [-0.22628, 16.04939, -3.30249],
							"rotation": [53.64409, 12.40356, 10.401],
							"uv": {
								"north": {"uv": [21, 40], "uv_size": [0.5, 0.25]},
								"east": {"uv": [29, 31], "uv_size": [1.25, 0.25]},
								"south": {"uv": [40, 21], "uv_size": [0.5, 0.25]},
								"west": {"uv": [31, 30], "uv_size": [1.25, 0.25]},
								"up": {"uv": [27, 4], "uv_size": [0.5, 1.25]},
								"down": {"uv": [27, 7.25], "uv_size": [0.5, -1.25]}
							}
						},
						{
							"origin": [-1.80738, 20.10652, 2.27733],
							"size": [0.5, 0.10938, 0.375],
							"pivot": [-0.22628, 16.04939, -3.30249],
							"rotation": [53.64409, 12.40356, 10.401],
							"uv": {
								"north": {"uv": [25, 40], "uv_size": [0.5, 0.25]},
								"east": {"uv": [40, 25], "uv_size": [0.5, 0.25]},
								"south": {"uv": [26, 40], "uv_size": [0.5, 0.25]},
								"west": {"uv": [40, 26], "uv_size": [0.5, 0.25]},
								"up": {"uv": [23, 34], "uv_size": [0.5, 0.5]},
								"down": {"uv": [34, 23.5], "uv_size": [0.5, -0.5]}
							}
						},
						{
							"origin": [-2.11655, 21.32151, 1.45926],
							"size": [0.625, 0.23438, 1],
							"pivot": [-0.64195, 15.46198, -3.88571],
							"rotation": [33.49069, 11.00072, 10.26078],
							"uv": {
								"north": {"uv": [33, 35], "uv_size": [0.75, 0.25]},
								"east": {"uv": [21, 34], "uv_size": [1, 0.25]},
								"south": {"uv": [35, 33], "uv_size": [0.75, 0.25]},
								"west": {"uv": [34, 21], "uv_size": [1, 0.25]},
								"up": {"uv": [26, 2], "uv_size": [0.75, 1]},
								"down": {"uv": [26, 4], "uv_size": [0.75, -1]}
							}
						},
						{
							"origin": [-2.90622, 22.06365, 1.41054],
							"size": [0.625, 0.35938, 0.5625],
							"pivot": [0.05283, 16.24318, -2.68958],
							"rotation": [36.1528, 23.34095, 19.20925],
							"uv": {
								"north": {"uv": [35, 35], "uv_size": [0.75, 0.25]},
								"east": {"uv": [27, 40], "uv_size": [0.5, 0.25]},
								"south": {"uv": [36, 0], "uv_size": [0.75, 0.25]},
								"west": {"uv": [40, 27], "uv_size": [0.5, 0.25]},
								"up": {"uv": [17, 30], "uv_size": [0.75, 0.5]},
								"down": {"uv": [30, 17.5], "uv_size": [0.75, -0.5]}
							}
						},
						{
							"origin": [-2.90622, 22.06365, 1.97304],
							"size": [0.3125, 0.35938, 0.9375],
							"pivot": [0.05283, 16.24318, -2.68958],
							"rotation": [36.1528, 23.34095, 19.20925],
							"uv": {
								"north": {"uv": [33, 41], "uv_size": [0.25, 0.25]},
								"east": {"uv": [26, 34], "uv_size": [1, 0.25]},
								"south": {"uv": [41, 33], "uv_size": [0.25, 0.25]},
								"west": {"uv": [34, 26], "uv_size": [1, 0.25]},
								"up": {"uv": [27, 34], "uv_size": [0.25, 1]},
								"down": {"uv": [34, 28], "uv_size": [0.25, -1]}
							}
						}
					]
				},
				{
					"name": "bone15",
					"parent": "bar2",
					"pivot": [-0.48995, -16.80819, 17.59619],
					"rotation": [-102.5, 0, 0]
				},
				{
					"name": "add3",
					"parent": "bone15",
					"pivot": [0.49639, -32.15742, 21.2656],
					"rotation": [9.7263, -12.32586, -2.09553],
					"cubes": [
						{
							"origin": [0.54704, -27.5438, 14.06259],
							"size": [0.4375, 0.125, 0.6875],
							"pivot": [0.62944, -31.83476, 21.51065],
							"rotation": [38.74312, 13.41214, 10.54309],
							"uv": {
								"north": {"uv": [29, 40], "uv_size": [0.5, 0.25]},
								"east": {"uv": [36, 3], "uv_size": [0.75, 0.25]},
								"south": {"uv": [40, 29], "uv_size": [0.5, 0.25]},
								"west": {"uv": [36, 4], "uv_size": [0.75, 0.25]},
								"up": {"uv": [19, 30], "uv_size": [0.5, 0.75]},
								"down": {"uv": [30, 19.75], "uv_size": [0.5, -0.75]}
							}
						},
						{
							"origin": [-0.05296, -27.56639, 14.0548],
							"size": [0.3125, 0.125, 0.6875],
							"pivot": [0.71863, -31.85735, 21.48121],
							"rotation": [37.92445, 7.9185, 6.12673],
							"uv": {
								"north": {"uv": [34, 41], "uv_size": [0.25, 0.25]},
								"east": {"uv": [36, 5], "uv_size": [0.75, 0.25]},
								"south": {"uv": [41, 34], "uv_size": [0.25, 0.25]},
								"west": {"uv": [36, 6], "uv_size": [0.75, 0.25]},
								"up": {"uv": [36, 7], "uv_size": [0.25, 0.75]},
								"down": {"uv": [36, 8.75], "uv_size": [0.25, -0.75]}
							}
						},
						{
							"origin": [0.42734, -27.0692, 14.48559],
							"size": [0.4375, 0.14063, 0.6875],
							"pivot": [0.62944, -31.88926, 21.54214],
							"rotation": [43.77714, 12.44833, 11.67025],
							"uv": {
								"north": {"uv": [30, 40], "uv_size": [0.5, 0.25]},
								"east": {"uv": [36, 9], "uv_size": [0.75, 0.25]},
								"south": {"uv": [40, 30], "uv_size": [0.5, 0.25]},
								"west": {"uv": [36, 10], "uv_size": [0.75, 0.25]},
								"up": {"uv": [20, 30], "uv_size": [0.5, 0.75]},
								"down": {"uv": [30, 20.75], "uv_size": [0.5, -0.75]}
							}
						},
						{
							"origin": [-0.12406, -27.09179, 14.48947],
							"size": [0.3125, 0.14063, 0.6875],
							"pivot": [0.71863, -31.91185, 21.5127],
							"rotation": [42.93717, 7.35559, 6.79333],
							"uv": {
								"north": {"uv": [35, 41], "uv_size": [0.25, 0.25]},
								"east": {"uv": [36, 11], "uv_size": [0.75, 0.25]},
								"south": {"uv": [41, 35], "uv_size": [0.25, 0.25]},
								"west": {"uv": [36, 12], "uv_size": [0.75, 0.25]},
								"up": {"uv": [36, 13], "uv_size": [0.25, 0.75]},
								"down": {"uv": [36, 14.75], "uv_size": [0.25, -0.75]}
							}
						},
						{
							"origin": [0.03328, -27.46574, 13.66695],
							"size": [0.625, 0.23438, 1],
							"pivot": [0.64195, -32.27017, 21.09853],
							"rotation": [43.49069, 11.00072, 10.26078],
							"uv": {
								"north": {"uv": [31, 40], "uv_size": [0.5, 0.25]},
								"east": {"uv": [28, 34], "uv_size": [1, 0.25]},
								"south": {"uv": [40, 31], "uv_size": [0.5, 0.25]},
								"west": {"uv": [34, 28], "uv_size": [1, 0.25]},
								"up": {"uv": [27, 23], "uv_size": [0.5, 1]},
								"down": {"uv": [27, 25], "uv_size": [0.5, -1]}
							}
						},
						{
							"origin": [0.00191, -27.22235, 14.86585],
							"size": [0.5, 0.29688, 1.28125],
							"pivot": [0.22628, -32.85758, 20.51531],
							"rotation": [53.64409, 12.40356, 10.401],
							"uv": {
								"north": {"uv": [32, 40], "uv_size": [0.5, 0.25]},
								"east": {"uv": [31, 31], "uv_size": [1.25, 0.25]},
								"south": {"uv": [40, 32], "uv_size": [0.5, 0.25]},
								"west": {"uv": [32, 0], "uv_size": [1.25, 0.25]},
								"up": {"uv": [27, 8], "uv_size": [0.5, 1.25]},
								"down": {"uv": [27, 11.25], "uv_size": [0.5, -1.25]}
							}
						},
						{
							"origin": [0.00191, -27.22235, 16.11585],
							"size": [0.5, 0.04688, 0.46875],
							"pivot": [0.22628, -32.85758, 20.51531],
							"rotation": [53.64409, 12.40356, 10.401],
							"uv": {
								"north": {"uv": [33, 40], "uv_size": [0.5, 0.25]},
								"east": {"uv": [40, 33], "uv_size": [0.5, 0.25]},
								"south": {"uv": [34, 40], "uv_size": [0.5, 0.25]},
								"west": {"uv": [40, 34], "uv_size": [0.5, 0.25]},
								"up": {"uv": [29, 34], "uv_size": [0.5, 0.5]},
								"down": {"uv": [34, 29.5], "uv_size": [0.5, -0.5]}
							}
						},
						{
							"origin": [0.03328, -28.6308, 12.90087],
							"size": [0.625, 0.23438, 1],
							"pivot": [0.64195, -32.27017, 21.09853],
							"rotation": [33.49069, 11.00072, 10.26078],
							"uv": {
								"north": {"uv": [15, 36], "uv_size": [0.75, 0.25]},
								"east": {"uv": [30, 34], "uv_size": [1, 0.25]},
								"south": {"uv": [36, 15], "uv_size": [0.75, 0.25]},
								"west": {"uv": [34, 30], "uv_size": [1, 0.25]},
								"up": {"uv": [26, 4], "uv_size": [0.75, 1]},
								"down": {"uv": [26, 6], "uv_size": [0.75, -1]}
							}
						},
						{
							"origin": [1.35215, -29.49794, 12.5103],
							"size": [0.625, 0.35937, 1.125],
							"pivot": [-0.05283, -33.05138, 19.9024],
							"rotation": [36.1528, 23.34095, 19.20925],
							"uv": {
								"north": {"uv": [16, 36], "uv_size": [0.75, 0.25]},
								"east": {"uv": [31, 34], "uv_size": [1, 0.25]},
								"south": {"uv": [36, 16], "uv_size": [0.75, 0.25]},
								"west": {"uv": [34, 31], "uv_size": [1, 0.25]},
								"up": {"uv": [26, 6], "uv_size": [0.75, 1]},
								"down": {"uv": [26, 8], "uv_size": [0.75, -1]}
							}
						},
						{
							"origin": [1.66465, -29.49794, 12.1353],
							"size": [0.3125, 0.35937, 0.9375],
							"pivot": [-0.05283, -33.05138, 19.9024],
							"rotation": [36.1528, 23.34095, 19.20925],
							"uv": {
								"north": {"uv": [36, 41], "uv_size": [0.25, 0.25]},
								"east": {"uv": [32, 34], "uv_size": [1, 0.25]},
								"south": {"uv": [41, 36], "uv_size": [0.25, 0.25]},
								"west": {"uv": [34, 32], "uv_size": [1, 0.25]},
								"up": {"uv": [33, 34], "uv_size": [0.25, 1]},
								"down": {"uv": [34, 34], "uv_size": [0.25, -1]}
							}
						}
					]
				},
				{
					"name": "add4",
					"parent": "bone15",
					"pivot": [-0.49639, -32.15742, 21.2656],
					"rotation": [9.7263, 12.32586, 2.09553],
					"cubes": [
						{
							"origin": [-0.98454, -27.5438, 14.06259],
							"size": [0.4375, 0.125, 0.6875],
							"pivot": [-0.62944, -31.83476, 21.51065],
							"rotation": [38.74312, -13.41214, -10.54309],
							"uv": {
								"north": {"uv": [35, 40], "uv_size": [0.5, 0.25]},
								"east": {"uv": [17, 36], "uv_size": [0.75, 0.25]},
								"south": {"uv": [40, 35], "uv_size": [0.5, 0.25]},
								"west": {"uv": [36, 17], "uv_size": [0.75, 0.25]},
								"up": {"uv": [21, 30], "uv_size": [0.5, 0.75]},
								"down": {"uv": [30, 21.75], "uv_size": [0.5, -0.75]}
							}
						},
						{
							"origin": [-0.25954, -27.56639, 14.0548],
							"size": [0.3125, 0.125, 0.6875],
							"pivot": [-0.71863, -31.85735, 21.48121],
							"rotation": [37.92445, -7.9185, -6.12673],
							"uv": {
								"north": {"uv": [37, 41], "uv_size": [0.25, 0.25]},
								"east": {"uv": [18, 36], "uv_size": [0.75, 0.25]},
								"south": {"uv": [41, 37], "uv_size": [0.25, 0.25]},
								"west": {"uv": [36, 18], "uv_size": [0.75, 0.25]},
								"up": {"uv": [19, 36], "uv_size": [0.25, 0.75]},
								"down": {"uv": [36, 19.75], "uv_size": [0.25, -0.75]}
							}
						},
						{
							"origin": [-0.86484, -27.0692, 14.48559],
							"size": [0.4375, 0.14063, 0.6875],
							"pivot": [-0.62944, -31.88926, 21.54214],
							"rotation": [43.77714, -12.44833, -11.67025],
							"uv": {
								"north": {"uv": [36, 40], "uv_size": [0.5, 0.25]},
								"east": {"uv": [20, 36], "uv_size": [0.75, 0.25]},
								"south": {"uv": [40, 36], "uv_size": [0.5, 0.25]},
								"west": {"uv": [36, 20], "uv_size": [0.75, 0.25]},
								"up": {"uv": [22, 30], "uv_size": [0.5, 0.75]},
								"down": {"uv": [30, 22.75], "uv_size": [0.5, -0.75]}
							}
						},
						{
							"origin": [-0.18844, -27.09179, 14.48947],
							"size": [0.3125, 0.14063, 0.6875],
							"pivot": [-0.71863, -31.91185, 21.5127],
							"rotation": [42.93717, -7.35559, -6.79333],
							"uv": {
								"north": {"uv": [38, 41], "uv_size": [0.25, 0.25]},
								"east": {"uv": [21, 36], "uv_size": [0.75, 0.25]},
								"south": {"uv": [41, 38], "uv_size": [0.25, 0.25]},
								"west": {"uv": [36, 21], "uv_size": [0.75, 0.25]},
								"up": {"uv": [22, 36], "uv_size": [0.25, 0.75]},
								"down": {"uv": [36, 22.75], "uv_size": [0.25, -0.75]}
							}
						},
						{
							"origin": [-0.65828, -27.46574, 13.66695],
							"size": [0.625, 0.23438, 1],
							"pivot": [-0.64195, -32.27017, 21.09853],
							"rotation": [43.49069, -11.00072, -10.26078],
							"uv": {
								"north": {"uv": [37, 40], "uv_size": [0.5, 0.25]},
								"east": {"uv": [34, 34], "uv_size": [1, 0.25]},
								"south": {"uv": [40, 37], "uv_size": [0.5, 0.25]},
								"west": {"uv": [35, 0], "uv_size": [1, 0.25]},
								"up": {"uv": [27, 25], "uv_size": [0.5, 1]},
								"down": {"uv": [27, 27], "uv_size": [0.5, -1]}
							}
						},
						{
							"origin": [-0.50191, -27.22235, 14.86585],
							"size": [0.5, 0.29688, 1.28125],
							"pivot": [-0.22628, -32.85758, 20.51531],
							"rotation": [53.64409, -12.40356, -10.401],
							"uv": {
								"north": {"uv": [38, 40], "uv_size": [0.5, 0.25]},
								"east": {"uv": [32, 1], "uv_size": [1.25, 0.25]},
								"south": {"uv": [40, 38], "uv_size": [0.5, 0.25]},
								"west": {"uv": [32, 2], "uv_size": [1.25, 0.25]},
								"up": {"uv": [27, 12], "uv_size": [0.5, 1.25]},
								"down": {"uv": [27, 15.25], "uv_size": [0.5, -1.25]}
							}
						},
						{
							"origin": [-0.50191, -27.22235, 16.1471],
							"size": [0.5, 0.10938, 0.375],
							"pivot": [-0.22628, -32.85758, 20.51531],
							"rotation": [53.64409, -12.40356, -10.401],
							"uv": {
								"north": {"uv": [39, 40], "uv_size": [0.5, 0.25]},
								"east": {"uv": [40, 39], "uv_size": [0.5, 0.25]},
								"south": {"uv": [40, 40], "uv_size": [0.5, 0.25]},
								"west": {"uv": [0, 41], "uv_size": [0.5, 0.25]},
								"up": {"uv": [35, 1], "uv_size": [0.5, 0.5]},
								"down": {"uv": [35, 2.5], "uv_size": [0.5, -0.5]}
							}
						},
						{
							"origin": [-0.65828, -28.6308, 12.90087],
							"size": [0.625, 0.23438, 1],
							"pivot": [-0.64195, -32.27017, 21.09853],
							"rotation": [33.49069, -11.00072, -10.26078],
							"uv": {
								"north": {"uv": [23, 36], "uv_size": [0.75, 0.25]},
								"east": {"uv": [35, 3], "uv_size": [1, 0.25]},
								"south": {"uv": [36, 23], "uv_size": [0.75, 0.25]},
								"west": {"uv": [35, 4], "uv_size": [1, 0.25]},
								"up": {"uv": [26, 8], "uv_size": [0.75, 1]},
								"down": {"uv": [26, 10], "uv_size": [0.75, -1]}
							}
						},
						{
							"origin": [-1.97715, -29.49794, 13.0728],
							"size": [0.625, 0.35937, 0.5625],
							"pivot": [0.05283, -33.05138, 19.9024],
							"rotation": [36.1528, -23.34095, -19.20925],
							"uv": {
								"north": {"uv": [25, 36], "uv_size": [0.75, 0.25]},
								"east": {"uv": [41, 0], "uv_size": [0.5, 0.25]},
								"south": {"uv": [36, 25], "uv_size": [0.75, 0.25]},
								"west": {"uv": [1, 41], "uv_size": [0.5, 0.25]},
								"up": {"uv": [23, 30], "uv_size": [0.75, 0.5]},
								"down": {"uv": [30, 23.5], "uv_size": [0.75, -0.5]}
							}
						},
						{
							"origin": [-1.97715, -29.49794, 12.1353],
							"size": [0.25, 0.35937, 0.9375],
							"pivot": [0.05283, -33.05138, 19.9024],
							"rotation": [36.1528, -23.34095, -19.20925],
							"uv": {
								"north": {"uv": [39, 41], "uv_size": [0.25, 0.25]},
								"east": {"uv": [35, 7], "uv_size": [1, 0.25]},
								"south": {"uv": [41, 39], "uv_size": [0.25, 0.25]},
								"west": {"uv": [35, 8], "uv_size": [1, 0.25]},
								"up": {"uv": [35, 9], "uv_size": [0.25, 1]},
								"down": {"uv": [35, 11], "uv_size": [0.25, -1]}
							}
						}
					]
				},
				{
					"name": "bar3",
					"parent": "bar2",
					"pivot": [0.48995, 0, -0.38337]
				},
				{
					"name": "bone18",
					"parent": "bar3",
					"pivot": [0.48995, 0, -0.38337]
				},
				{
					"name": "add5",
					"parent": "bone18",
					"pivot": [-0.49639, 15.34923, -4.05278],
					"rotation": [9.7263, -12.32586, -2.09553],
					"cubes": [
						{
							"origin": [0.39897, 24.07731, -1.63379],
							"size": [0.3125, 0.35938, 0.3125],
							"pivot": [0.55522, 24.257, -1.41504],
							"rotation": [54.1528, 23.34095, 19.20925],
							"uv": {
								"north": {"uv": [40, 41], "uv_size": [0.25, 0.25]},
								"east": {"uv": [41, 40], "uv_size": [0.25, 0.25]},
								"south": {"uv": [41, 41], "uv_size": [0.25, 0.25]},
								"west": {"uv": [0, 42], "uv_size": [0.25, 0.25]},
								"up": {"uv": [42, 0], "uv_size": [0.25, 0.25]},
								"down": {"uv": [1, 42.25], "uv_size": [0.25, -0.25]}
							}
						}
					]
				},
				{
					"name": "bar5",
					"parent": "bar2",
					"pivot": [-0.48995, 0, -0.38337]
				},
				{
					"name": "bone20",
					"parent": "bar5",
					"pivot": [0, 17.68018, -0.74592],
					"rotation": [123.60502, -17.72091, 24.60981],
					"cubes": [
						{
							"origin": [-7.27227, 14.17204, -0.33896],
							"size": [0.3125, 1.0625, 0.25],
							"pivot": [-0.8635, 19.7995, -0.63352],
							"rotation": [7.81608, 60.11821, 1.52804],
							"uv": {
								"north": {"uv": [15, 35], "uv_size": [0.25, 1]},
								"east": {"uv": [35, 15], "uv_size": [0.25, 1]},
								"south": {"uv": [16, 35], "uv_size": [0.25, 1]},
								"west": {"uv": [35, 16], "uv_size": [0.25, 1]},
								"up": {"uv": [42, 5], "uv_size": [0.25, 0.25]},
								"down": {"uv": [6, 42.25], "uv_size": [0.25, -0.25]}
							}
						}
					]
				},
				{
					"name": "bar4",
					"parent": "bar2",
					"pivot": [0.48995, 0, -0.38337]
				},
				{
					"name": "bone19",
					"parent": "bar4",
					"pivot": [0.48995, 0, -0.38337]
				},
				{
					"name": "add6",
					"parent": "bone19",
					"pivot": [0.49639, 15.34923, -4.05278],
					"rotation": [9.7263, 12.32586, 2.09553],
					"cubes": [
						{
							"origin": [2.59372, 22.06365, 1.97304],
							"size": [0.3125, 0.35938, 0.9375],
							"pivot": [-0.05283, 16.24318, -2.68958],
							"rotation": [36.1528, -23.34095, -19.20925],
							"uv": {
								"north": {"uv": [42, 1], "uv_size": [0.25, 0.25]},
								"east": {"uv": [35, 11], "uv_size": [1, 0.25]},
								"south": {"uv": [2, 42], "uv_size": [0.25, 0.25]},
								"west": {"uv": [35, 12], "uv_size": [1, 0.25]},
								"up": {"uv": [35, 13], "uv_size": [0.25, 1]},
								"down": {"uv": [35, 15], "uv_size": [0.25, -1]}
							}
						}
					]
				},
				{
					"name": "bone13",
					"parent": "bar2",
					"pivot": [0, 17.68018, -0.74592],
					"rotation": [123.60502, -17.72091, 24.60981],
					"cubes": [
						{
							"origin": [-4.59084, 14.63577, 3.46271],
							"size": [-0.625, 0.625, 0.5],
							"pivot": [-0.64617, 20.56753, -0.50172],
							"rotation": [14.36693, 2.23208, -12.32718],
							"uv": {
								"north": {"uv": [27, 17], "uv_size": [0.75, 0.75]},
								"east": {"uv": [30, 11], "uv_size": [0.5, 0.75]},
								"south": {"uv": [18, 27], "uv_size": [0.75, 0.75]},
								"west": {"uv": [30, 12], "uv_size": [0.5, 0.75]},
								"up": {"uv": [30, 13], "uv_size": [0.75, 0.5]},
								"down": {"uv": [30, 14.5], "uv_size": [0.75, -0.5]}
							}
						}
					]
				},
				{
					"name": "view",
					"pivot": [0, 0, 0]
				},
				{
					"name": "refit_view",
					"parent": "view",
					"pivot": [36.3125, 6.9125, -0.375],
					"rotation": [0, 90, 0]
				},
				{
					"name": "idle_view",
					"parent": "view",
					"pivot": [13.3125, 19.9125, 9.625],
					"rotation": [0, 17.5, 0]
				},
				{
					"name": "iron_view",
					"parent": "view",
					"pivot": [13.3125, 19.9125, 9.625],
					"rotation": [0, 17.5, 0]
				},
				{
					"name": "positioning",
					"pivot": [0, 0, 0]
				},
				{
					"name": "thirdperson_hand",
					"parent": "positioning",
					"pivot": [0, 4.575, -0.0375]
				},
				{
					"name": "ground",
					"parent": "positioning",
					"pivot": [0, -5, 0]
				},
				{
					"name": "fixed",
					"parent": "positioning",
					"pivot": [-1.7875, 7, -0.00937],
					"rotation": [0, -90, 0]
				}
			]
		}
	]
}