{
	"format_version": "1.12.0",
	"minecraft:geometry": [
		{
			"description": {
				"identifier": "geometry.unknown",
				"texture_width": 64,
				"texture_height": 64,
				"visible_bounds_width": 9,
				"visible_bounds_height": 10,
				"visible_bounds_offset": [0, -3, 0]
			},
			"bones": [
				{
					"name": "root",
					"pivot": [-3.78125, 1.1875, 7]
				},
				{
					"name": "gr",
					"parent": "root",
					"pivot": [-3.78125, 1.1875, 7]
				},
				{
					"name": "ggg",
					"parent": "gr",
					"pivot": [2.21875, -0.8125, -1]
				},
				{
					"name": "hok",
					"parent": "ggg",
					"pivot": [0, -0.8125, 0],
					"cubes": [
						{
							"origin": [1.21875, 12, -0.875],
							"size": [0.0625, 0.125, 1.75],
							"uv": {
								"north": {"uv": [6, 48], "uv_size": [0.25, 0.25]},
								"east": {"uv": [43, 42], "uv_size": [1.75, 0.25]},
								"south": {"uv": [48, 6], "uv_size": [0.25, 0.25]},
								"west": {"uv": [0, 44], "uv_size": [1.75, 0.25]},
								"up": {"uv": [2, 44], "uv_size": [0.25, 1.75]},
								"down": {"uv": [44, 3.75], "uv_size": [0.25, -1.75]}
							}
						},
						{
							"origin": [-0.53125, 12, -0.875],
							"size": [1.75, 0.125, 1.75],
							"uv": {
								"north": {"uv": [44, 0], "uv_size": [1.75, 0.25]},
								"east": {"uv": [3, 44], "uv_size": [1.75, 0.25]},
								"south": {"uv": [44, 4], "uv_size": [1.75, 0.25]},
								"west": {"uv": [5, 44], "uv_size": [1.75, 0.25]},
								"up": {"uv": [36, 25], "uv_size": [1.75, 1.75]},
								"down": {"uv": [36, 28.75], "uv_size": [1.75, -1.75]}
							}
						},
						{
							"origin": [1.05525, 11.73355, -0.75],
							"size": [0.75, 0.125, 1.5],
							"pivot": [1.399, 11.79605, 0],
							"rotation": [0, 0, 60],
							"uv": {
								"north": {"uv": [8, 47], "uv_size": [0.75, 0.25]},
								"east": {"uv": [15, 45], "uv_size": [1.5, 0.25]},
								"south": {"uv": [47, 8], "uv_size": [0.75, 0.25]},
								"west": {"uv": [45, 16], "uv_size": [1.5, 0.25]},
								"up": {"uv": [29, 41], "uv_size": [0.75, 1.5]},
								"down": {"uv": [4, 43.5], "uv_size": [0.75, -1.5]}
							}
						},
						{
							"origin": [1.03135, 11.72082, -0.81083],
							"size": [0.75, 0.125, 0.125],
							"pivot": [1.40635, 11.78332, -0.74833],
							"rotation": [0, -10, 60],
							"uv": {
								"north": {"uv": [9, 47], "uv_size": [0.75, 0.25]},
								"east": {"uv": [32, 48], "uv_size": [0.25, 0.25]},
								"south": {"uv": [47, 9], "uv_size": [0.75, 0.25]},
								"west": {"uv": [48, 32], "uv_size": [0.25, 0.25]},
								"up": {"uv": [10, 47], "uv_size": [0.75, 0.25]},
								"down": {"uv": [47, 10.25], "uv_size": [0.75, -0.25]}
							}
						},
						{
							"origin": [1.03135, 11.72082, 0.68583],
							"size": [0.75, 0.125, 0.125],
							"pivot": [1.40635, 11.78332, 0.74833],
							"rotation": [0, 10, 60],
							"uv": {
								"north": {"uv": [11, 47], "uv_size": [0.75, 0.25]},
								"east": {"uv": [33, 48], "uv_size": [0.25, 0.25]},
								"south": {"uv": [47, 11], "uv_size": [0.75, 0.25]},
								"west": {"uv": [48, 33], "uv_size": [0.25, 0.25]},
								"up": {"uv": [12, 47], "uv_size": [0.75, 0.25]},
								"down": {"uv": [47, 12.25], "uv_size": [0.75, -0.25]}
							}
						},
						{
							"origin": [1.63367, 11.60773, -0.75],
							"size": [0.125, 0.125, 1.5],
							"pivot": [1.22742, 11.67023, 0],
							"rotation": [0, 0, 30],
							"uv": {
								"north": {"uv": [30, 48], "uv_size": [0.25, 0.25]},
								"east": {"uv": [17, 45], "uv_size": [1.5, 0.25]},
								"south": {"uv": [48, 30], "uv_size": [0.25, 0.25]},
								"west": {"uv": [45, 17], "uv_size": [1.5, 0.25]},
								"up": {"uv": [45, 18], "uv_size": [0.25, 1.5]},
								"down": {"uv": [19, 46.5], "uv_size": [0.25, -1.5]}
							}
						},
						{
							"origin": [1.75867, 11.60773, -0.4375],
							"size": [1.15625, 0.125, 0.875],
							"pivot": [1.22742, 11.67023, 0],
							"rotation": [0, 0, 30],
							"uv": {
								"north": {"uv": [22, 45], "uv_size": [1.25, 0.25]},
								"east": {"uv": [2, 47], "uv_size": [1, 0.25]},
								"south": {"uv": [45, 22], "uv_size": [1.25, 0.25]},
								"west": {"uv": [47, 2], "uv_size": [1, 0.25]},
								"up": {"uv": [42, 2], "uv_size": [1.25, 1]},
								"down": {"uv": [42, 4], "uv_size": [1.25, -1]}
							}
						},
						{
							"origin": [1.64817, 11.56328, -0.85],
							"size": [1.26563, 0.125, 0.17188],
							"pivot": [1.30442, 11.62578, -0.4125],
							"rotation": [0, -14.5, 30],
							"uv": {
								"north": {"uv": [45, 23], "uv_size": [1.25, 0.25]},
								"east": {"uv": [34, 48], "uv_size": [0.25, 0.25]},
								"south": {"uv": [24, 45], "uv_size": [1.25, 0.25]},
								"west": {"uv": [48, 34], "uv_size": [0.25, 0.25]},
								"up": {"uv": [45, 24], "uv_size": [1.25, 0.25]},
								"down": {"uv": [45, 25.25], "uv_size": [1.25, -0.25]}
							}
						},
						{
							"origin": [1.67942, 11.56328, -0.67813],
							"size": [0.65625, 0.125, 0.14063],
							"pivot": [1.30442, 11.62578, -0.4125],
							"rotation": [0, -14.5, 30],
							"uv": {
								"north": {"uv": [13, 47], "uv_size": [0.75, 0.25]},
								"east": {"uv": [35, 48], "uv_size": [0.25, 0.25]},
								"south": {"uv": [47, 13], "uv_size": [0.75, 0.25]},
								"west": {"uv": [48, 35], "uv_size": [0.25, 0.25]},
								"up": {"uv": [14, 47], "uv_size": [0.75, 0.25]},
								"down": {"uv": [47, 14.25], "uv_size": [0.75, -0.25]}
							}
						},
						{
							"origin": [1.67942, 11.56328, 0.5375],
							"size": [0.65625, 0.125, 0.14063],
							"pivot": [1.30442, 11.62578, 0.4125],
							"rotation": [0, 14.5, 30],
							"uv": {
								"north": {"uv": [15, 47], "uv_size": [0.75, 0.25]},
								"east": {"uv": [37, 48], "uv_size": [0.25, 0.25]},
								"south": {"uv": [47, 15], "uv_size": [0.75, 0.25]},
								"west": {"uv": [48, 37], "uv_size": [0.25, 0.25]},
								"up": {"uv": [16, 47], "uv_size": [0.75, 0.25]},
								"down": {"uv": [47, 16.25], "uv_size": [0.75, -0.25]}
							}
						},
						{
							"origin": [1.64817, 11.56328, 0.67813],
							"size": [1.26563, 0.125, 0.17188],
							"pivot": [1.30442, 11.62578, 0.4125],
							"rotation": [0, 14.5, 30],
							"uv": {
								"north": {"uv": [26, 45], "uv_size": [1.25, 0.25]},
								"east": {"uv": [36, 48], "uv_size": [0.25, 0.25]},
								"south": {"uv": [45, 26], "uv_size": [1.25, 0.25]},
								"west": {"uv": [48, 36], "uv_size": [0.25, 0.25]},
								"up": {"uv": [45, 27], "uv_size": [1.25, 0.25]},
								"down": {"uv": [28, 45.25], "uv_size": [1.25, -0.25]}
							}
						},
						{
							"origin": [2.91074, 11.59211, -0.4375],
							"size": [0.125, 0.125, 0.875],
							"pivot": [1.25449, 11.65461, 0],
							"rotation": [0, 0, 30],
							"uv": {
								"north": {"uv": [31, 48], "uv_size": [0.25, 0.25]},
								"east": {"uv": [3, 47], "uv_size": [1, 0.25]},
								"south": {"uv": [48, 31], "uv_size": [0.25, 0.25]},
								"west": {"uv": [47, 3], "uv_size": [1, 0.25]},
								"up": {"uv": [4, 47], "uv_size": [0.25, 1]},
								"down": {"uv": [47, 5], "uv_size": [0.25, -1]}
							}
						},
						{
							"origin": [2.70335, 2.81811, -0.4375],
							"size": [0.125, 8, 0.875],
							"uv": {
								"north": {"uv": [25, 36], "uv_size": [0.25, 8]},
								"east": {"uv": [25, 10], "uv_size": [1, 8]},
								"south": {"uv": [20, 40], "uv_size": [0.25, 8]},
								"west": {"uv": [25, 18], "uv_size": [1, 8]},
								"up": {"uv": [5, 47], "uv_size": [0.25, 1]},
								"down": {"uv": [47, 6], "uv_size": [0.25, -1]}
							}
						},
						{
							"origin": [-0.70312, 11.96875, -0.75],
							"size": [0.3125, 0.03125, 1.5],
							"uv": {
								"north": {"uv": [25, 48], "uv_size": [0.25, 0.25]},
								"east": {"uv": [44, 41], "uv_size": [1.5, 0.25]},
								"south": {"uv": [48, 25], "uv_size": [0.25, 0.25]},
								"west": {"uv": [42, 44], "uv_size": [1.5, 0.25]},
								"up": {"uv": [44, 43], "uv_size": [0.25, 1.5]},
								"down": {"uv": [0, 46.5], "uv_size": [0.25, -1.5]}
							}
						},
						{
							"origin": [-0.87794, 11.82845, -0.75],
							"size": [0.3125, 0.03125, 1.5],
							"pivot": [-0.72169, 11.84407, 0],
							"rotation": [0, 0, -77.5],
							"uv": {
								"north": {"uv": [26, 48], "uv_size": [0.25, 0.25]},
								"east": {"uv": [45, 1], "uv_size": [1.5, 0.25]},
								"south": {"uv": [48, 26], "uv_size": [0.25, 0.25]},
								"west": {"uv": [45, 2], "uv_size": [1.5, 0.25]},
								"up": {"uv": [1, 45], "uv_size": [0.25, 1.5]},
								"down": {"uv": [3, 46.5], "uv_size": [0.25, -1.5]}
							}
						},
						{
							"origin": [-0.7892, 11.53751, -0.75],
							"size": [0.125, 0.03125, 1.5],
							"pivot": [-0.82045, 11.55314, 0],
							"rotation": [0, 0, -65],
							"uv": {
								"north": {"uv": [27, 48], "uv_size": [0.25, 0.25]},
								"east": {"uv": [45, 3], "uv_size": [1.5, 0.25]},
								"south": {"uv": [48, 27], "uv_size": [0.25, 0.25]},
								"west": {"uv": [4, 45], "uv_size": [1.5, 0.25]},
								"up": {"uv": [6, 45], "uv_size": [0.25, 1.5]},
								"down": {"uv": [45, 8.5], "uv_size": [0.25, -1.5]}
							}
						},
						{
							"origin": [-0.73129, 11.5762, -0.75],
							"size": [0.0625, 0.03125, 1.5],
							"pivot": [-0.76254, 11.59183, 0],
							"rotation": [0, 0, 177.5],
							"uv": {
								"north": {"uv": [28, 48], "uv_size": [0.25, 0.25]},
								"east": {"uv": [8, 45], "uv_size": [1.5, 0.25]},
								"south": {"uv": [48, 28], "uv_size": [0.25, 0.25]},
								"west": {"uv": [45, 10], "uv_size": [1.5, 0.25]},
								"up": {"uv": [11, 45], "uv_size": [0.25, 1.5]},
								"down": {"uv": [12, 46.5], "uv_size": [0.25, -1.5]}
							}
						},
						{
							"origin": [-0.79384, 11.53933, -0.75],
							"size": [0.0625, 0.03125, 1.5],
							"pivot": [-0.82509, 11.55496, 0],
							"rotation": [0, 0, -124],
							"uv": {
								"north": {"uv": [29, 48], "uv_size": [0.25, 0.25]},
								"east": {"uv": [45, 11], "uv_size": [1.5, 0.25]},
								"south": {"uv": [48, 29], "uv_size": [0.25, 0.25]},
								"west": {"uv": [45, 13], "uv_size": [1.5, 0.25]},
								"up": {"uv": [14, 45], "uv_size": [0.25, 1.5]},
								"down": {"uv": [45, 15.5], "uv_size": [0.25, -1.5]}
							}
						},
						{
							"origin": [-0.78125, 12, 0.3125],
							"size": [0.25, 0.125, 0.375],
							"uv": {
								"north": {"uv": [11, 48], "uv_size": [0.25, 0.25]},
								"east": {"uv": [47, 31], "uv_size": [0.5, 0.25]},
								"south": {"uv": [48, 11], "uv_size": [0.25, 0.25]},
								"west": {"uv": [32, 47], "uv_size": [0.5, 0.25]},
								"up": {"uv": [47, 32], "uv_size": [0.25, 0.5]},
								"down": {"uv": [33, 47.5], "uv_size": [0.25, -0.5]}
							}
						},
						{
							"origin": [-0.73077, 12, 0.53733],
							"size": [0.15625, 0.125, 0.3125],
							"pivot": [-0.60577, 12.0625, 0.66233],
							"rotation": [0, 53, 0],
							"uv": {
								"north": {"uv": [12, 48], "uv_size": [0.25, 0.25]},
								"east": {"uv": [48, 12], "uv_size": [0.25, 0.25]},
								"south": {"uv": [13, 48], "uv_size": [0.25, 0.25]},
								"west": {"uv": [48, 13], "uv_size": [0.25, 0.25]},
								"up": {"uv": [14, 48], "uv_size": [0.25, 0.25]},
								"down": {"uv": [48, 14.25], "uv_size": [0.25, -0.25]}
							}
						},
						{
							"origin": [-0.73119, 12, 0.1496],
							"size": [0.15625, 0.125, 0.3125],
							"pivot": [-0.60619, 12.0625, 0.3371],
							"rotation": [0, -53, 0],
							"uv": {
								"north": {"uv": [15, 48], "uv_size": [0.25, 0.25]},
								"east": {"uv": [48, 15], "uv_size": [0.25, 0.25]},
								"south": {"uv": [16, 48], "uv_size": [0.25, 0.25]},
								"west": {"uv": [48, 16], "uv_size": [0.25, 0.25]},
								"up": {"uv": [17, 48], "uv_size": [0.25, 0.25]},
								"down": {"uv": [48, 17.25], "uv_size": [0.25, -0.25]}
							}
						},
						{
							"origin": [-0.78125, 12, -0.6875],
							"size": [0.25, 0.125, 0.375],
							"uv": {
								"north": {"uv": [24, 48], "uv_size": [0.25, 0.25]},
								"east": {"uv": [47, 33], "uv_size": [0.5, 0.25]},
								"south": {"uv": [48, 24], "uv_size": [0.25, 0.25]},
								"west": {"uv": [34, 47], "uv_size": [0.5, 0.25]},
								"up": {"uv": [47, 34], "uv_size": [0.25, 0.5]},
								"down": {"uv": [35, 47.5], "uv_size": [0.25, -0.5]}
							}
						},
						{
							"origin": [-0.73077, 12, -0.84983],
							"size": [0.15625, 0.125, 0.3125],
							"pivot": [-0.60577, 12.0625, -0.66233],
							"rotation": [0, -53, 0],
							"uv": {
								"north": {"uv": [21, 48], "uv_size": [0.25, 0.25]},
								"east": {"uv": [48, 21], "uv_size": [0.25, 0.25]},
								"south": {"uv": [22, 48], "uv_size": [0.25, 0.25]},
								"west": {"uv": [48, 22], "uv_size": [0.25, 0.25]},
								"up": {"uv": [23, 48], "uv_size": [0.25, 0.25]},
								"down": {"uv": [48, 23.25], "uv_size": [0.25, -0.25]}
							}
						},
						{
							"origin": [-0.73119, 12, -0.4621],
							"size": [0.15625, 0.125, 0.3125],
							"pivot": [-0.60619, 12.0625, -0.3371],
							"rotation": [0, 53, 0],
							"uv": {
								"north": {"uv": [18, 48], "uv_size": [0.25, 0.25]},
								"east": {"uv": [48, 18], "uv_size": [0.25, 0.25]},
								"south": {"uv": [19, 48], "uv_size": [0.25, 0.25]},
								"west": {"uv": [48, 19], "uv_size": [0.25, 0.25]},
								"up": {"uv": [20, 48], "uv_size": [0.25, 0.25]},
								"down": {"uv": [48, 20.25], "uv_size": [0.25, -0.25]}
							}
						}
					]
				},
				{
					"name": "body",
					"parent": "ggg",
					"pivot": [2.21875, -0.8125, -1],
					"cubes": [
						{
							"origin": [-0.20394, 0.3125, -2.125],
							"size": [0.84538, 9.875, 4.25],
							"pivot": [0.21875, 5.1875, 0],
							"rotation": [0, 45, 0],
							"uv": {
								"north": {"uv": [26, 10], "uv_size": [0.75, 10]},
								"east": {"uv": [0, 0], "uv_size": [4.25, 10]},
								"south": {"uv": [26, 20], "uv_size": [0.75, 10]},
								"west": {"uv": [5, 0], "uv_size": [4.25, 10]},
								"up": {"uv": [34, 34], "uv_size": [0.75, 4.25]},
								"down": {"uv": [6, 39.25], "uv_size": [0.75, -4.25]}
							}
						},
						{
							"origin": [-0.20394, 0.3125, -2.125],
							"size": [0.84538, 9.875, 4.25],
							"pivot": [0.21875, 5.1875, 0],
							"rotation": [0, 22.5, 0],
							"uv": {
								"north": {"uv": [25, 26], "uv_size": [0.75, 10]},
								"east": {"uv": [0, 10], "uv_size": [4.25, 10]},
								"south": {"uv": [27, 10], "uv_size": [0.75, 10]},
								"west": {"uv": [10, 0], "uv_size": [4.25, 10]},
								"up": {"uv": [7, 35], "uv_size": [0.75, 4.25]},
								"down": {"uv": [8, 39.25], "uv_size": [0.75, -4.25]}
							}
						},
						{
							"origin": [-0.20394, 0.3125, -2.125],
							"size": [0.84538, 9.875, 4.25],
							"uv": {
								"north": {"uv": [27, 20], "uv_size": [0.75, 10]},
								"east": {"uv": [5, 10], "uv_size": [4.25, 10]},
								"south": {"uv": [28, 10], "uv_size": [0.75, 10]},
								"west": {"uv": [10, 10], "uv_size": [4.25, 10]},
								"up": {"uv": [9, 35], "uv_size": [0.75, 4.25]},
								"down": {"uv": [10, 39.25], "uv_size": [0.75, -4.25]}
							}
						},
						{
							"origin": [-0.20394, 0.3125, -2.125],
							"size": [0.84538, 9.875, 4.25],
							"pivot": [0.21875, 5.1875, 0],
							"rotation": [0, -22.5, 0],
							"uv": {
								"north": {"uv": [28, 20], "uv_size": [0.75, 10]},
								"east": {"uv": [15, 0], "uv_size": [4.25, 10]},
								"south": {"uv": [29, 10], "uv_size": [0.75, 10]},
								"west": {"uv": [15, 10], "uv_size": [4.25, 10]},
								"up": {"uv": [11, 35], "uv_size": [0.75, 4.25]},
								"down": {"uv": [12, 39.25], "uv_size": [0.75, -4.25]}
							}
						},
						{
							"origin": [-0.20394, 0.3125, -2.125],
							"size": [0.84538, 9.875, 4.25],
							"pivot": [0.21875, 5.1875, 0],
							"rotation": [0, -45, 0],
							"uv": {
								"north": {"uv": [29, 20], "uv_size": [0.75, 10]},
								"east": {"uv": [0, 20], "uv_size": [4.25, 10]},
								"south": {"uv": [0, 30], "uv_size": [0.75, 10]},
								"west": {"uv": [20, 0], "uv_size": [4.25, 10]},
								"up": {"uv": [13, 35], "uv_size": [0.75, 4.25]},
								"down": {"uv": [14, 39.25], "uv_size": [0.75, -4.25]}
							}
						},
						{
							"origin": [-1.90625, 0.3125, -0.42269],
							"size": [4.25, 9.875, 0.84538],
							"pivot": [0.21875, 5.1875, 0],
							"rotation": [0, 22.5, 0],
							"uv": {
								"north": {"uv": [5, 20], "uv_size": [4.25, 10]},
								"east": {"uv": [30, 0], "uv_size": [0.75, 10]},
								"south": {"uv": [10, 20], "uv_size": [4.25, 10]},
								"west": {"uv": [1, 30], "uv_size": [0.75, 10]},
								"up": {"uv": [15, 35], "uv_size": [4.25, 0.75]},
								"down": {"uv": [35, 15.75], "uv_size": [4.25, -0.75]}
							}
						},
						{
							"origin": [-1.90625, 0.3125, -0.42269],
							"size": [4.25, 9.875, 0.84538],
							"uv": {
								"north": {"uv": [20, 10], "uv_size": [4.25, 10]},
								"east": {"uv": [2, 30], "uv_size": [0.75, 10]},
								"south": {"uv": [15, 20], "uv_size": [4.25, 10]},
								"west": {"uv": [3, 30], "uv_size": [0.75, 10]},
								"up": {"uv": [35, 16], "uv_size": [4.25, 0.75]},
								"down": {"uv": [35, 17.75], "uv_size": [4.25, -0.75]}
							}
						},
						{
							"origin": [-1.90625, 0.3125, -0.42269],
							"size": [4.25, 9.875, 0.84538],
							"pivot": [0.21875, 5.1875, 0],
							"rotation": [0, -22.5, 0],
							"uv": {
								"north": {"uv": [20, 20], "uv_size": [4.25, 10]},
								"east": {"uv": [4, 30], "uv_size": [0.75, 10]},
								"south": {"uv": [25, 0], "uv_size": [4.25, 10]},
								"west": {"uv": [5, 30], "uv_size": [0.75, 10]},
								"up": {"uv": [35, 18], "uv_size": [4.25, 0.75]},
								"down": {"uv": [35, 19.75], "uv_size": [4.25, -0.75]}
							}
						}
					]
				},
				{
					"name": "u4",
					"parent": "ggg",
					"pivot": [0.21875, 6.0625, 0],
					"cubes": [
						{
							"origin": [-0.21886, 10.5625, 1.925],
							"size": [0.87521, 0.125, 0.275],
							"pivot": [0.21875, 6.0625, 0],
							"rotation": [0, 45, 0],
							"uv": {
								"north": {"uv": [43, 45], "uv_size": [1, 0.25]},
								"east": {"uv": [47, 37], "uv_size": [0.25, 0.25]},
								"south": {"uv": [45, 43], "uv_size": [1, 0.25]},
								"west": {"uv": [38, 47], "uv_size": [0.25, 0.25]},
								"up": {"uv": [44, 45], "uv_size": [1, 0.25]},
								"down": {"uv": [45, 44.25], "uv_size": [1, -0.25]}
							}
						},
						{
							"origin": [-0.21886, 10.5625, 1.925],
							"size": [0.87521, 0.125, 0.275],
							"pivot": [0.21875, 6.0625, 0],
							"rotation": [0, 22.5, 0],
							"uv": {
								"north": {"uv": [45, 45], "uv_size": [1, 0.25]},
								"east": {"uv": [47, 38], "uv_size": [0.25, 0.25]},
								"south": {"uv": [46, 0], "uv_size": [1, 0.25]},
								"west": {"uv": [39, 47], "uv_size": [0.25, 0.25]},
								"up": {"uv": [2, 46], "uv_size": [1, 0.25]},
								"down": {"uv": [4, 46.25], "uv_size": [1, -0.25]}
							}
						},
						{
							"origin": [-0.21886, 10.5625, 1.925],
							"size": [0.87521, 0.125, 0.275],
							"uv": {
								"north": {"uv": [46, 4], "uv_size": [1, 0.25]},
								"east": {"uv": [47, 39], "uv_size": [0.25, 0.25]},
								"south": {"uv": [5, 46], "uv_size": [1, 0.25]},
								"west": {"uv": [40, 47], "uv_size": [0.25, 0.25]},
								"up": {"uv": [46, 5], "uv_size": [1, 0.25]},
								"down": {"uv": [46, 6.25], "uv_size": [1, -0.25]}
							}
						},
						{
							"origin": [-0.21886, 10.5625, 1.925],
							"size": [0.87521, 0.125, 0.275],
							"pivot": [0.21875, 6.0625, 0],
							"rotation": [0, -22.5, 0],
							"uv": {
								"north": {"uv": [7, 46], "uv_size": [1, 0.25]},
								"east": {"uv": [47, 40], "uv_size": [0.25, 0.25]},
								"south": {"uv": [46, 7], "uv_size": [1, 0.25]},
								"west": {"uv": [41, 47], "uv_size": [0.25, 0.25]},
								"up": {"uv": [8, 46], "uv_size": [1, 0.25]},
								"down": {"uv": [46, 8.25], "uv_size": [1, -0.25]}
							}
						},
						{
							"origin": [-0.21886, 10.5625, 1.925],
							"size": [0.87521, 0.125, 0.275],
							"pivot": [0.21875, 6.0625, 0],
							"rotation": [0, -45, 0],
							"uv": {
								"north": {"uv": [9, 46], "uv_size": [1, 0.25]},
								"east": {"uv": [47, 41], "uv_size": [0.25, 0.25]},
								"south": {"uv": [46, 9], "uv_size": [1, 0.25]},
								"west": {"uv": [42, 47], "uv_size": [0.25, 0.25]},
								"up": {"uv": [10, 46], "uv_size": [1, 0.25]},
								"down": {"uv": [46, 12.25], "uv_size": [1, -0.25]}
							}
						},
						{
							"origin": [-1.98125, 10.5625, -0.43761],
							"size": [0.275, 0.125, 0.87521],
							"pivot": [0.21875, 6.0625, 0],
							"rotation": [0, 22.5, 0],
							"uv": {
								"north": {"uv": [47, 42], "uv_size": [0.25, 0.25]},
								"east": {"uv": [13, 46], "uv_size": [1, 0.25]},
								"south": {"uv": [43, 47], "uv_size": [0.25, 0.25]},
								"west": {"uv": [46, 14], "uv_size": [1, 0.25]},
								"up": {"uv": [15, 46], "uv_size": [0.25, 1]},
								"down": {"uv": [46, 16], "uv_size": [0.25, -1]}
							}
						},
						{
							"origin": [-1.98125, 10.5625, -0.43761],
							"size": [0.275, 0.125, 0.87521],
							"uv": {
								"north": {"uv": [47, 43], "uv_size": [0.25, 0.25]},
								"east": {"uv": [16, 46], "uv_size": [1, 0.25]},
								"south": {"uv": [44, 47], "uv_size": [0.25, 0.25]},
								"west": {"uv": [17, 46], "uv_size": [1, 0.25]},
								"up": {"uv": [18, 46], "uv_size": [0.25, 1]},
								"down": {"uv": [46, 19], "uv_size": [0.25, -1]}
							}
						},
						{
							"origin": [-1.98125, 10.5625, -0.43761],
							"size": [0.275, 0.125, 0.87521],
							"pivot": [0.21875, 6.0625, 0],
							"rotation": [0, -22.5, 0],
							"uv": {
								"north": {"uv": [47, 44], "uv_size": [0.25, 0.25]},
								"east": {"uv": [46, 19], "uv_size": [1, 0.25]},
								"south": {"uv": [45, 47], "uv_size": [0.25, 0.25]},
								"west": {"uv": [46, 20], "uv_size": [1, 0.25]},
								"up": {"uv": [46, 21], "uv_size": [0.25, 1]},
								"down": {"uv": [22, 47], "uv_size": [0.25, -1]}
							}
						},
						{
							"origin": [-0.21886, 10.5625, 1.925],
							"size": [0.87521, 0.125, 0.275],
							"pivot": [0.21875, 6.0625, 0],
							"rotation": [-180, -45, 180],
							"uv": {
								"north": {"uv": [46, 39], "uv_size": [1, 0.25]},
								"east": {"uv": [5, 48], "uv_size": [0.25, 0.25]},
								"south": {"uv": [40, 46], "uv_size": [1, 0.25]},
								"west": {"uv": [48, 5], "uv_size": [0.25, 0.25]},
								"up": {"uv": [46, 40], "uv_size": [1, 0.25]},
								"down": {"uv": [41, 46.25], "uv_size": [1, -0.25]}
							}
						},
						{
							"origin": [-0.21886, 10.5625, 1.925],
							"size": [0.87521, 0.125, 0.275],
							"pivot": [0.21875, 6.0625, 0],
							"rotation": [-180, -22.5, 180],
							"uv": {
								"north": {"uv": [46, 37], "uv_size": [1, 0.25]},
								"east": {"uv": [4, 48], "uv_size": [0.25, 0.25]},
								"south": {"uv": [38, 46], "uv_size": [1, 0.25]},
								"west": {"uv": [48, 4], "uv_size": [0.25, 0.25]},
								"up": {"uv": [46, 38], "uv_size": [1, 0.25]},
								"down": {"uv": [39, 46.25], "uv_size": [1, -0.25]}
							}
						},
						{
							"origin": [-0.21886, 10.5625, 1.925],
							"size": [0.87521, 0.125, 0.275],
							"pivot": [0.21875, 6.0625, 0],
							"rotation": [-180, 0, 180],
							"uv": {
								"north": {"uv": [46, 35], "uv_size": [1, 0.25]},
								"east": {"uv": [3, 48], "uv_size": [0.25, 0.25]},
								"south": {"uv": [36, 46], "uv_size": [1, 0.25]},
								"west": {"uv": [48, 3], "uv_size": [0.25, 0.25]},
								"up": {"uv": [46, 36], "uv_size": [1, 0.25]},
								"down": {"uv": [37, 46.25], "uv_size": [1, -0.25]}
							}
						},
						{
							"origin": [-0.21886, 10.5625, 1.925],
							"size": [0.87521, 0.125, 0.275],
							"pivot": [0.21875, 6.0625, 0],
							"rotation": [-180, 22.5, 180],
							"uv": {
								"north": {"uv": [46, 33], "uv_size": [1, 0.25]},
								"east": {"uv": [2, 48], "uv_size": [0.25, 0.25]},
								"south": {"uv": [34, 46], "uv_size": [1, 0.25]},
								"west": {"uv": [48, 2], "uv_size": [0.25, 0.25]},
								"up": {"uv": [46, 34], "uv_size": [1, 0.25]},
								"down": {"uv": [35, 46.25], "uv_size": [1, -0.25]}
							}
						},
						{
							"origin": [-0.21886, 10.5625, 1.925],
							"size": [0.87521, 0.125, 0.275],
							"pivot": [0.21875, 6.0625, 0],
							"rotation": [-180, 45, 180],
							"uv": {
								"north": {"uv": [46, 31], "uv_size": [1, 0.25]},
								"east": {"uv": [1, 48], "uv_size": [0.25, 0.25]},
								"south": {"uv": [32, 46], "uv_size": [1, 0.25]},
								"west": {"uv": [48, 1], "uv_size": [0.25, 0.25]},
								"up": {"uv": [46, 32], "uv_size": [1, 0.25]},
								"down": {"uv": [33, 46.25], "uv_size": [1, -0.25]}
							}
						},
						{
							"origin": [-1.98125, 10.5625, -0.43761],
							"size": [0.275, 0.125, 0.87521],
							"pivot": [0.21875, 6.0625, 0],
							"rotation": [-180, -22.5, 180],
							"uv": {
								"north": {"uv": [0, 48], "uv_size": [0.25, 0.25]},
								"east": {"uv": [46, 29], "uv_size": [1, 0.25]},
								"south": {"uv": [48, 0], "uv_size": [0.25, 0.25]},
								"west": {"uv": [30, 46], "uv_size": [1, 0.25]},
								"up": {"uv": [46, 30], "uv_size": [0.25, 1]},
								"down": {"uv": [31, 47], "uv_size": [0.25, -1]}
							}
						},
						{
							"origin": [-1.98125, 10.5625, -0.43761],
							"size": [0.275, 0.125, 0.87521],
							"pivot": [0.21875, 6.0625, 0],
							"rotation": [-180, 0, 180],
							"uv": {
								"north": {"uv": [47, 46], "uv_size": [0.25, 0.25]},
								"east": {"uv": [27, 46], "uv_size": [1, 0.25]},
								"south": {"uv": [47, 47], "uv_size": [0.25, 0.25]},
								"west": {"uv": [28, 46], "uv_size": [1, 0.25]},
								"up": {"uv": [46, 28], "uv_size": [0.25, 1]},
								"down": {"uv": [29, 47], "uv_size": [0.25, -1]}
							}
						},
						{
							"origin": [-1.98125, 10.5625, -0.43761],
							"size": [0.275, 0.125, 0.87521],
							"pivot": [0.21875, 6.0625, 0],
							"rotation": [-180, 22.5, 180],
							"uv": {
								"north": {"uv": [47, 45], "uv_size": [0.25, 0.25]},
								"east": {"uv": [23, 46], "uv_size": [1, 0.25]},
								"south": {"uv": [46, 47], "uv_size": [0.25, 0.25]},
								"west": {"uv": [24, 46], "uv_size": [1, 0.25]},
								"up": {"uv": [25, 46], "uv_size": [0.25, 1]},
								"down": {"uv": [26, 47], "uv_size": [0.25, -1]}
							}
						}
					]
				},
				{
					"name": "u1",
					"parent": "ggg",
					"pivot": [0.21875, 5.8125, 0],
					"cubes": [
						{
							"origin": [-0.21886, 9.8125, -2.2],
							"size": [0.87521, 0.75, 4.4],
							"pivot": [0.21875, 5.8125, 0],
							"rotation": [0, 45, 0],
							"uv": {
								"north": {"uv": [38, 42], "uv_size": [1, 0.75]},
								"east": {"uv": [31, 25], "uv_size": [4.5, 0.75]},
								"south": {"uv": [39, 42], "uv_size": [1, 0.75]},
								"west": {"uv": [31, 26], "uv_size": [4.5, 0.75]},
								"up": {"uv": [20, 30], "uv_size": [1, 4.5]},
								"down": {"uv": [30, 24.5], "uv_size": [1, -4.5]}
							}
						},
						{
							"origin": [-0.21886, 9.8125, -2.2],
							"size": [0.87521, 0.75, 4.4],
							"pivot": [0.21875, 5.8125, 0],
							"rotation": [0, 22.5, 0],
							"uv": {
								"north": {"uv": [41, 42], "uv_size": [1, 0.75]},
								"east": {"uv": [31, 27], "uv_size": [4.5, 0.75]},
								"south": {"uv": [42, 42], "uv_size": [1, 0.75]},
								"west": {"uv": [31, 28], "uv_size": [4.5, 0.75]},
								"up": {"uv": [21, 30], "uv_size": [1, 4.5]},
								"down": {"uv": [22, 34.5], "uv_size": [1, -4.5]}
							}
						},
						{
							"origin": [-0.21886, 9.8125, -2.2],
							"size": [0.87521, 0.75, 4.4],
							"uv": {
								"north": {"uv": [2, 43], "uv_size": [1, 0.75]},
								"east": {"uv": [29, 31], "uv_size": [4.5, 0.75]},
								"south": {"uv": [3, 43], "uv_size": [1, 0.75]},
								"west": {"uv": [31, 29], "uv_size": [4.5, 0.75]},
								"up": {"uv": [23, 30], "uv_size": [1, 4.5]},
								"down": {"uv": [24, 34.5], "uv_size": [1, -4.5]}
							}
						},
						{
							"origin": [-0.21886, 9.8125, -2.2],
							"size": [0.87521, 0.75, 4.4],
							"pivot": [0.21875, 5.8125, 0],
							"rotation": [0, -22.5, 0],
							"uv": {
								"north": {"uv": [5, 43], "uv_size": [1, 0.75]},
								"east": {"uv": [15, 32], "uv_size": [4.5, 0.75]},
								"south": {"uv": [43, 5], "uv_size": [1, 0.75]},
								"west": {"uv": [29, 32], "uv_size": [4.5, 0.75]},
								"up": {"uv": [30, 25], "uv_size": [1, 4.5]},
								"down": {"uv": [26, 34.5], "uv_size": [1, -4.5]}
							}
						},
						{
							"origin": [-0.21886, 9.8125, -2.2],
							"size": [0.87521, 0.75, 4.4],
							"pivot": [0.21875, 5.8125, 0],
							"rotation": [0, -45, 0],
							"uv": {
								"north": {"uv": [6, 43], "uv_size": [1, 0.75]},
								"east": {"uv": [15, 33], "uv_size": [4.5, 0.75]},
								"south": {"uv": [43, 6], "uv_size": [1, 0.75]},
								"west": {"uv": [29, 33], "uv_size": [4.5, 0.75]},
								"up": {"uv": [27, 30], "uv_size": [1, 4.5]},
								"down": {"uv": [28, 34.5], "uv_size": [1, -4.5]}
							}
						},
						{
							"origin": [-1.98125, 9.8125, -0.43761],
							"size": [4.4, 0.75, 0.87521],
							"pivot": [0.21875, 5.8125, 0],
							"rotation": [0, 22.5, 0],
							"uv": {
								"north": {"uv": [15, 34], "uv_size": [4.5, 0.75]},
								"east": {"uv": [43, 7], "uv_size": [1, 0.75]},
								"south": {"uv": [29, 34], "uv_size": [4.5, 0.75]},
								"west": {"uv": [43, 8], "uv_size": [1, 0.75]},
								"up": {"uv": [29, 30], "uv_size": [4.5, 1]},
								"down": {"uv": [31, 1], "uv_size": [4.5, -1]}
							}
						},
						{
							"origin": [-1.98125, 9.8125, -0.43761],
							"size": [4.4, 0.75, 0.87521],
							"uv": {
								"north": {"uv": [34, 30], "uv_size": [4.5, 0.75]},
								"east": {"uv": [43, 9], "uv_size": [1, 0.75]},
								"south": {"uv": [34, 31], "uv_size": [4.5, 0.75]},
								"west": {"uv": [43, 10], "uv_size": [1, 0.75]},
								"up": {"uv": [31, 1], "uv_size": [4.5, 1]},
								"down": {"uv": [31, 3], "uv_size": [4.5, -1]}
							}
						},
						{
							"origin": [-1.98125, 9.8125, -0.43761],
							"size": [4.4, 0.75, 0.87521],
							"pivot": [0.21875, 5.8125, 0],
							"rotation": [0, -22.5, 0],
							"uv": {
								"north": {"uv": [34, 32], "uv_size": [4.5, 0.75]},
								"east": {"uv": [43, 11], "uv_size": [1, 0.75]},
								"south": {"uv": [34, 33], "uv_size": [4.5, 0.75]},
								"west": {"uv": [43, 12], "uv_size": [1, 0.75]},
								"up": {"uv": [31, 3], "uv_size": [4.5, 1]},
								"down": {"uv": [31, 5], "uv_size": [4.5, -1]}
							}
						}
					]
				},
				{
					"name": "d1",
					"parent": "ggg",
					"pivot": [0.21875, -2.0625, 0],
					"cubes": [
						{
							"origin": [-0.21886, -0.0625, -2.2],
							"size": [0.87521, 0.75, 4.4],
							"pivot": [0.21875, -2.0625, 0],
							"rotation": [0, 45, 0],
							"uv": {
								"north": {"uv": [42, 13], "uv_size": [1, 0.75]},
								"east": {"uv": [31, 5], "uv_size": [4.5, 0.75]},
								"south": {"uv": [22, 42], "uv_size": [1, 0.75]},
								"west": {"uv": [31, 6], "uv_size": [4.5, 0.75]},
								"up": {"uv": [6, 30], "uv_size": [1, 4.5]},
								"down": {"uv": [7, 34.5], "uv_size": [1, -4.5]}
							}
						},
						{
							"origin": [-0.21886, -0.0625, -2.2],
							"size": [0.87521, 0.75, 4.4],
							"pivot": [0.21875, -2.0625, 0],
							"rotation": [0, 22.5, 0],
							"uv": {
								"north": {"uv": [23, 42], "uv_size": [1, 0.75]},
								"east": {"uv": [31, 7], "uv_size": [4.5, 0.75]},
								"south": {"uv": [24, 42], "uv_size": [1, 0.75]},
								"west": {"uv": [31, 8], "uv_size": [4.5, 0.75]},
								"up": {"uv": [8, 30], "uv_size": [1, 4.5]},
								"down": {"uv": [9, 34.5], "uv_size": [1, -4.5]}
							}
						},
						{
							"origin": [-0.21886, -0.0625, -2.2],
							"size": [0.87521, 0.75, 4.4],
							"uv": {
								"north": {"uv": [26, 42], "uv_size": [1, 0.75]},
								"east": {"uv": [31, 9], "uv_size": [4.5, 0.75]},
								"south": {"uv": [27, 42], "uv_size": [1, 0.75]},
								"west": {"uv": [31, 10], "uv_size": [4.5, 0.75]},
								"up": {"uv": [10, 30], "uv_size": [1, 4.5]},
								"down": {"uv": [30, 14.5], "uv_size": [1, -4.5]}
							}
						},
						{
							"origin": [-0.21886, -0.0625, -2.2],
							"size": [0.87521, 0.75, 4.4],
							"pivot": [0.21875, -2.0625, 0],
							"rotation": [0, -22.5, 0],
							"uv": {
								"north": {"uv": [28, 42], "uv_size": [1, 0.75]},
								"east": {"uv": [31, 11], "uv_size": [4.5, 0.75]},
								"south": {"uv": [30, 42], "uv_size": [1, 0.75]},
								"west": {"uv": [31, 12], "uv_size": [4.5, 0.75]},
								"up": {"uv": [11, 30], "uv_size": [1, 4.5]},
								"down": {"uv": [12, 34.5], "uv_size": [1, -4.5]}
							}
						},
						{
							"origin": [-0.21886, -0.0625, -2.2],
							"size": [0.87521, 0.75, 4.4],
							"pivot": [0.21875, -2.0625, 0],
							"rotation": [0, -45, 0],
							"uv": {
								"north": {"uv": [31, 42], "uv_size": [1, 0.75]},
								"east": {"uv": [31, 13], "uv_size": [4.5, 0.75]},
								"south": {"uv": [32, 42], "uv_size": [1, 0.75]},
								"west": {"uv": [31, 14], "uv_size": [4.5, 0.75]},
								"up": {"uv": [13, 30], "uv_size": [1, 4.5]},
								"down": {"uv": [14, 34.5], "uv_size": [1, -4.5]}
							}
						},
						{
							"origin": [-1.98125, -0.0625, -0.43761],
							"size": [4.4, 0.75, 0.87521],
							"pivot": [0.21875, -2.0625, 0],
							"rotation": [0, 22.5, 0],
							"uv": {
								"north": {"uv": [15, 31], "uv_size": [4.5, 0.75]},
								"east": {"uv": [33, 42], "uv_size": [1, 0.75]},
								"south": {"uv": [31, 20], "uv_size": [4.5, 0.75]},
								"west": {"uv": [34, 42], "uv_size": [1, 0.75]},
								"up": {"uv": [15, 30], "uv_size": [4.5, 1]},
								"down": {"uv": [30, 16], "uv_size": [4.5, -1]}
							}
						},
						{
							"origin": [-1.98125, -0.0625, -0.43761],
							"size": [4.4, 0.75, 0.87521],
							"uv": {
								"north": {"uv": [31, 21], "uv_size": [4.5, 0.75]},
								"east": {"uv": [35, 42], "uv_size": [1, 0.75]},
								"south": {"uv": [31, 22], "uv_size": [4.5, 0.75]},
								"west": {"uv": [36, 42], "uv_size": [1, 0.75]},
								"up": {"uv": [30, 16], "uv_size": [4.5, 1]},
								"down": {"uv": [30, 18], "uv_size": [4.5, -1]}
							}
						},
						{
							"origin": [-1.98125, -0.0625, -0.43761],
							"size": [4.4, 0.75, 0.87521],
							"pivot": [0.21875, -2.0625, 0],
							"rotation": [0, -22.5, 0],
							"uv": {
								"north": {"uv": [31, 23], "uv_size": [4.5, 0.75]},
								"east": {"uv": [42, 36], "uv_size": [1, 0.75]},
								"south": {"uv": [31, 24], "uv_size": [4.5, 0.75]},
								"west": {"uv": [37, 42], "uv_size": [1, 0.75]},
								"up": {"uv": [30, 18], "uv_size": [4.5, 1]},
								"down": {"uv": [30, 20], "uv_size": [4.5, -1]}
							}
						}
					]
				},
				{
					"name": "d2",
					"parent": "ggg",
					"pivot": [0.21875, 3.1875, 0],
					"cubes": [
						{
							"origin": [-0.20891, 0.6875, -2.15],
							"size": [0.85532, 0.5, 4.3],
							"pivot": [0.21875, 3.1875, 0],
							"rotation": [0, 45, 0],
							"uv": {
								"north": {"uv": [14, 44], "uv_size": [0.75, 0.5]},
								"east": {"uv": [36, 29], "uv_size": [4.25, 0.5]},
								"south": {"uv": [15, 44], "uv_size": [0.75, 0.5]},
								"west": {"uv": [35, 36], "uv_size": [4.25, 0.5]},
								"up": {"uv": [20, 35], "uv_size": [0.75, 4.25]},
								"down": {"uv": [21, 39.25], "uv_size": [0.75, -4.25]}
							}
						},
						{
							"origin": [-0.20891, 0.6875, -2.15],
							"size": [0.85532, 0.5, 4.3],
							"pivot": [0.21875, 3.1875, 0],
							"rotation": [0, 22.5, 0],
							"uv": {
								"north": {"uv": [16, 44], "uv_size": [0.75, 0.5]},
								"east": {"uv": [37, 4], "uv_size": [4.25, 0.5]},
								"south": {"uv": [17, 44], "uv_size": [0.75, 0.5]},
								"west": {"uv": [37, 5], "uv_size": [4.25, 0.5]},
								"up": {"uv": [22, 35], "uv_size": [0.75, 4.25]},
								"down": {"uv": [23, 39.25], "uv_size": [0.75, -4.25]}
							}
						},
						{
							"origin": [-0.20891, 0.6875, -2.15],
							"size": [0.85532, 0.5, 4.3],
							"uv": {
								"north": {"uv": [18, 44], "uv_size": [0.75, 0.5]},
								"east": {"uv": [37, 6], "uv_size": [4.25, 0.5]},
								"south": {"uv": [19, 44], "uv_size": [0.75, 0.5]},
								"west": {"uv": [37, 7], "uv_size": [4.25, 0.5]},
								"up": {"uv": [24, 35], "uv_size": [0.75, 4.25]},
								"down": {"uv": [26, 39.25], "uv_size": [0.75, -4.25]}
							}
						},
						{
							"origin": [-0.20891, 0.6875, -2.15],
							"size": [0.85532, 0.5, 4.3],
							"pivot": [0.21875, 3.1875, 0],
							"rotation": [0, -22.5, 0],
							"uv": {
								"north": {"uv": [44, 20], "uv_size": [0.75, 0.5]},
								"east": {"uv": [37, 8], "uv_size": [4.25, 0.5]},
								"south": {"uv": [21, 44], "uv_size": [0.75, 0.5]},
								"west": {"uv": [37, 9], "uv_size": [4.25, 0.5]},
								"up": {"uv": [27, 35], "uv_size": [0.75, 4.25]},
								"down": {"uv": [28, 39.25], "uv_size": [0.75, -4.25]}
							}
						},
						{
							"origin": [-0.20891, 0.6875, -2.15],
							"size": [0.85532, 0.5, 4.3],
							"pivot": [0.21875, 3.1875, 0],
							"rotation": [0, -45, 0],
							"uv": {
								"north": {"uv": [44, 21], "uv_size": [0.75, 0.5]},
								"east": {"uv": [37, 10], "uv_size": [4.25, 0.5]},
								"south": {"uv": [22, 44], "uv_size": [0.75, 0.5]},
								"west": {"uv": [37, 11], "uv_size": [4.25, 0.5]},
								"up": {"uv": [29, 35], "uv_size": [0.75, 4.25]},
								"down": {"uv": [30, 39.25], "uv_size": [0.75, -4.25]}
							}
						},
						{
							"origin": [-1.93125, 0.6875, -0.42766],
							"size": [4.3, 0.5, 0.85532],
							"pivot": [0.21875, 3.1875, 0],
							"rotation": [0, 22.5, 0],
							"uv": {
								"north": {"uv": [37, 12], "uv_size": [4.25, 0.5]},
								"east": {"uv": [44, 22], "uv_size": [0.75, 0.5]},
								"south": {"uv": [37, 13], "uv_size": [4.25, 0.5]},
								"west": {"uv": [23, 44], "uv_size": [0.75, 0.5]},
								"up": {"uv": [35, 34], "uv_size": [4.25, 0.75]},
								"down": {"uv": [35, 35.75], "uv_size": [4.25, -0.75]}
							}
						},
						{
							"origin": [-1.93125, 0.6875, -0.42766],
							"size": [4.3, 0.5, 0.85532],
							"uv": {
								"north": {"uv": [35, 37], "uv_size": [4.25, 0.5]},
								"east": {"uv": [44, 23], "uv_size": [0.75, 0.5]},
								"south": {"uv": [38, 25], "uv_size": [4.25, 0.5]},
								"west": {"uv": [24, 44], "uv_size": [0.75, 0.5]},
								"up": {"uv": [36, 0], "uv_size": [4.25, 0.75]},
								"down": {"uv": [36, 1.75], "uv_size": [4.25, -0.75]}
							}
						},
						{
							"origin": [-1.93125, 0.6875, -0.42766],
							"size": [4.3, 0.5, 0.85532],
							"pivot": [0.21875, 3.1875, 0],
							"rotation": [0, -22.5, 0],
							"uv": {
								"north": {"uv": [38, 26], "uv_size": [4.25, 0.5]},
								"east": {"uv": [44, 24], "uv_size": [0.75, 0.5]},
								"south": {"uv": [38, 27], "uv_size": [4.25, 0.5]},
								"west": {"uv": [25, 44], "uv_size": [0.75, 0.5]},
								"up": {"uv": [36, 2], "uv_size": [4.25, 0.75]},
								"down": {"uv": [36, 3.75], "uv_size": [4.25, -0.75]}
							}
						}
					]
				},
				{
					"name": "u2",
					"parent": "ggg",
					"pivot": [0.21875, 9.6875, 0],
					"cubes": [
						{
							"origin": [-0.20891, 9.4375, -2.15],
							"size": [0.85532, 0.5, 4.3],
							"pivot": [0.21875, 9.6875, 0],
							"rotation": [0, 45, 0],
							"uv": {
								"north": {"uv": [26, 44], "uv_size": [0.75, 0.5]},
								"east": {"uv": [38, 28], "uv_size": [4.25, 0.5]},
								"south": {"uv": [27, 44], "uv_size": [0.75, 0.5]},
								"west": {"uv": [35, 38], "uv_size": [4.25, 0.5]},
								"up": {"uv": [31, 35], "uv_size": [0.75, 4.25]},
								"down": {"uv": [32, 39.25], "uv_size": [0.75, -4.25]}
							}
						},
						{
							"origin": [-0.20891, 9.4375, -2.15],
							"size": [0.85532, 0.5, 4.3],
							"pivot": [0.21875, 9.6875, 0],
							"rotation": [0, 22.5, 0],
							"uv": {
								"north": {"uv": [28, 44], "uv_size": [0.75, 0.5]},
								"east": {"uv": [39, 30], "uv_size": [4.25, 0.5]},
								"south": {"uv": [29, 44], "uv_size": [0.75, 0.5]},
								"west": {"uv": [39, 31], "uv_size": [4.25, 0.5]},
								"up": {"uv": [33, 35], "uv_size": [0.75, 4.25]},
								"down": {"uv": [36, 8.25], "uv_size": [0.75, -4.25]}
							}
						},
						{
							"origin": [-0.20891, 9.4375, -2.15],
							"size": [0.85532, 0.5, 4.3],
							"uv": {
								"north": {"uv": [44, 29], "uv_size": [0.75, 0.5]},
								"east": {"uv": [39, 32], "uv_size": [4.25, 0.5]},
								"south": {"uv": [30, 44], "uv_size": [0.75, 0.5]},
								"west": {"uv": [39, 33], "uv_size": [4.25, 0.5]},
								"up": {"uv": [36, 9], "uv_size": [0.75, 4.25]},
								"down": {"uv": [15, 40.25], "uv_size": [0.75, -4.25]}
							}
						},
						{
							"origin": [-0.20891, 9.4375, -2.15],
							"size": [0.85532, 0.5, 4.3],
							"pivot": [0.21875, 9.6875, 0],
							"rotation": [0, -22.5, 0],
							"uv": {
								"north": {"uv": [44, 30], "uv_size": [0.75, 0.5]},
								"east": {"uv": [34, 39], "uv_size": [4.25, 0.5]},
								"south": {"uv": [31, 44], "uv_size": [0.75, 0.5]},
								"west": {"uv": [39, 39], "uv_size": [4.25, 0.5]},
								"up": {"uv": [16, 36], "uv_size": [0.75, 4.25]},
								"down": {"uv": [17, 40.25], "uv_size": [0.75, -4.25]}
							}
						},
						{
							"origin": [-0.20891, 9.4375, -2.15],
							"size": [0.85532, 0.5, 4.3],
							"pivot": [0.21875, 9.6875, 0],
							"rotation": [0, -45, 0],
							"uv": {
								"north": {"uv": [44, 31], "uv_size": [0.75, 0.5]},
								"east": {"uv": [0, 40], "uv_size": [4.25, 0.5]},
								"south": {"uv": [32, 44], "uv_size": [0.75, 0.5]},
								"west": {"uv": [5, 40], "uv_size": [4.25, 0.5]},
								"up": {"uv": [18, 36], "uv_size": [0.75, 4.25]},
								"down": {"uv": [19, 40.25], "uv_size": [0.75, -4.25]}
							}
						},
						{
							"origin": [-1.93125, 9.4375, -0.42766],
							"size": [4.3, 0.5, 0.85532],
							"pivot": [0.21875, 9.6875, 0],
							"rotation": [0, 22.5, 0],
							"uv": {
								"north": {"uv": [10, 40], "uv_size": [4.25, 0.5]},
								"east": {"uv": [44, 32], "uv_size": [0.75, 0.5]},
								"south": {"uv": [40, 15], "uv_size": [4.25, 0.5]},
								"west": {"uv": [33, 44], "uv_size": [0.75, 0.5]},
								"up": {"uv": [36, 14], "uv_size": [4.25, 0.75]},
								"down": {"uv": [36, 20.75], "uv_size": [4.25, -0.75]}
							}
						},
						{
							"origin": [-1.93125, 9.4375, -0.42766],
							"size": [4.3, 0.5, 0.85532],
							"uv": {
								"north": {"uv": [40, 16], "uv_size": [4.25, 0.5]},
								"east": {"uv": [44, 33], "uv_size": [0.75, 0.5]},
								"south": {"uv": [40, 17], "uv_size": [4.25, 0.5]},
								"west": {"uv": [34, 44], "uv_size": [0.75, 0.5]},
								"up": {"uv": [36, 21], "uv_size": [4.25, 0.75]},
								"down": {"uv": [36, 22.75], "uv_size": [4.25, -0.75]}
							}
						},
						{
							"origin": [-1.93125, 9.4375, -0.42766],
							"size": [4.3, 0.5, 0.85532],
							"pivot": [0.21875, 9.6875, 0],
							"rotation": [0, -22.5, 0],
							"uv": {
								"north": {"uv": [40, 18], "uv_size": [4.25, 0.5]},
								"east": {"uv": [44, 34], "uv_size": [0.75, 0.5]},
								"south": {"uv": [40, 19], "uv_size": [4.25, 0.5]},
								"west": {"uv": [35, 44], "uv_size": [0.75, 0.5]},
								"up": {"uv": [36, 23], "uv_size": [4.25, 0.75]},
								"down": {"uv": [36, 24.75], "uv_size": [4.25, -0.75]}
							}
						}
					]
				},
				{
					"name": "u3",
					"parent": "ggg",
					"pivot": [0.21875, 10.4375, 0],
					"cubes": [
						{
							"origin": [-0.02989, 10.5, -1.25],
							"size": [0.49728, 0.5, 2.5],
							"pivot": [0.21875, 10.75, 0],
							"rotation": [0, 45, 0],
							"uv": {
								"north": {"uv": [45, 28], "uv_size": [0.5, 0.5]},
								"east": {"uv": [37, 40], "uv_size": [2.5, 0.5]},
								"south": {"uv": [45, 29], "uv_size": [0.5, 0.5]},
								"west": {"uv": [40, 37], "uv_size": [2.5, 0.5]},
								"up": {"uv": [40, 40], "uv_size": [0.5, 2.5]},
								"down": {"uv": [0, 43.5], "uv_size": [0.5, -2.5]}
							}
						},
						{
							"origin": [-0.02989, 10.5, -1.25],
							"size": [0.49728, 0.5, 2.5],
							"pivot": [0.21875, 10.75, 0],
							"rotation": [0, 22.5, 0],
							"uv": {
								"north": {"uv": [30, 45], "uv_size": [0.5, 0.5]},
								"east": {"uv": [40, 38], "uv_size": [2.5, 0.5]},
								"south": {"uv": [45, 30], "uv_size": [0.5, 0.5]},
								"west": {"uv": [41, 0], "uv_size": [2.5, 0.5]},
								"up": {"uv": [1, 41], "uv_size": [0.5, 2.5]},
								"down": {"uv": [41, 3.5], "uv_size": [0.5, -2.5]}
							}
						},
						{
							"origin": [-0.02989, 10.5, -1.25],
							"size": [0.49728, 0.5, 2.5],
							"uv": {
								"north": {"uv": [31, 45], "uv_size": [0.5, 0.5]},
								"east": {"uv": [2, 41], "uv_size": [2.5, 0.5]},
								"south": {"uv": [45, 31], "uv_size": [0.5, 0.5]},
								"west": {"uv": [5, 41], "uv_size": [2.5, 0.5]},
								"up": {"uv": [8, 41], "uv_size": [0.5, 2.5]},
								"down": {"uv": [9, 43.5], "uv_size": [0.5, -2.5]}
							}
						},
						{
							"origin": [-0.02989, 10.5, -1.25],
							"size": [0.49728, 0.5, 2.5],
							"pivot": [0.21875, 10.75, 0],
							"rotation": [0, -22.5, 0],
							"uv": {
								"north": {"uv": [32, 45], "uv_size": [0.5, 0.5]},
								"east": {"uv": [10, 41], "uv_size": [2.5, 0.5]},
								"south": {"uv": [45, 32], "uv_size": [0.5, 0.5]},
								"west": {"uv": [13, 41], "uv_size": [2.5, 0.5]},
								"up": {"uv": [16, 41], "uv_size": [0.5, 2.5]},
								"down": {"uv": [17, 43.5], "uv_size": [0.5, -2.5]}
							}
						},
						{
							"origin": [-0.02989, 10.5, -1.25],
							"size": [0.49728, 0.5, 2.5],
							"pivot": [0.21875, 10.75, 0],
							"rotation": [0, -45, 0],
							"uv": {
								"north": {"uv": [33, 45], "uv_size": [0.5, 0.5]},
								"east": {"uv": [41, 14], "uv_size": [2.5, 0.5]},
								"south": {"uv": [45, 33], "uv_size": [0.5, 0.5]},
								"west": {"uv": [41, 20], "uv_size": [2.5, 0.5]},
								"up": {"uv": [18, 41], "uv_size": [0.5, 2.5]},
								"down": {"uv": [19, 43.5], "uv_size": [0.5, -2.5]}
							}
						},
						{
							"origin": [-1.03125, 10.5, -0.24864],
							"size": [2.5, 0.5, 0.49728],
							"pivot": [0.21875, 10.75, 0],
							"rotation": [0, 22.5, 0],
							"uv": {
								"north": {"uv": [41, 21], "uv_size": [2.5, 0.5]},
								"east": {"uv": [34, 45], "uv_size": [0.5, 0.5]},
								"south": {"uv": [41, 22], "uv_size": [2.5, 0.5]},
								"west": {"uv": [45, 34], "uv_size": [0.5, 0.5]},
								"up": {"uv": [41, 23], "uv_size": [2.5, 0.5]},
								"down": {"uv": [41, 24.5], "uv_size": [2.5, -0.5]}
							}
						},
						{
							"origin": [-1.03125, 10.5, -0.24864],
							"size": [2.5, 0.5, 0.49728],
							"uv": {
								"north": {"uv": [26, 41], "uv_size": [2.5, 0.5]},
								"east": {"uv": [35, 45], "uv_size": [0.5, 0.5]},
								"south": {"uv": [41, 29], "uv_size": [2.5, 0.5]},
								"west": {"uv": [45, 35], "uv_size": [0.5, 0.5]},
								"up": {"uv": [41, 34], "uv_size": [2.5, 0.5]},
								"down": {"uv": [35, 41.5], "uv_size": [2.5, -0.5]}
							}
						},
						{
							"origin": [-1.03125, 10.5, -0.24864],
							"size": [2.5, 0.5, 0.49728],
							"pivot": [0.21875, 10.75, 0],
							"rotation": [0, -22.5, 0],
							"uv": {
								"north": {"uv": [41, 35], "uv_size": [2.5, 0.5]},
								"east": {"uv": [36, 45], "uv_size": [0.5, 0.5]},
								"south": {"uv": [41, 40], "uv_size": [2.5, 0.5]},
								"west": {"uv": [45, 36], "uv_size": [0.5, 0.5]},
								"up": {"uv": [41, 41], "uv_size": [2.5, 0.5]},
								"down": {"uv": [42, 1.5], "uv_size": [2.5, -0.5]}
							}
						}
					]
				},
				{
					"name": "up",
					"parent": "ggg",
					"pivot": [0.21875, 9.6875, 0],
					"cubes": [
						{
							"origin": [-0.53125, 11, -0.75],
							"size": [1.25, 1, 1.5],
							"uv": {
								"north": {"uv": [35, 40], "uv_size": [1.25, 1]},
								"east": {"uv": [26, 40], "uv_size": [1.5, 1]},
								"south": {"uv": [40, 36], "uv_size": [1.25, 1]},
								"west": {"uv": [28, 40], "uv_size": [1.5, 1]},
								"up": {"uv": [21, 40], "uv_size": [1.25, 1.5]},
								"down": {"uv": [23, 41.5], "uv_size": [1.25, -1.5]}
							}
						},
						{
							"origin": [-0.12592, 11.34467, -0.82812],
							"size": [0.25, 0.25, 1.65625],
							"pivot": [-0.00092, 11.46967, 0],
							"rotation": [0, 0, 45],
							"uv": {
								"north": {"uv": [38, 48], "uv_size": [0.25, 0.25]},
								"east": {"uv": [44, 5], "uv_size": [1.75, 0.25]},
								"south": {"uv": [48, 38], "uv_size": [0.25, 0.25]},
								"west": {"uv": [44, 6], "uv_size": [1.75, 0.25]},
								"up": {"uv": [7, 44], "uv_size": [0.25, 1.75]},
								"down": {"uv": [44, 8.75], "uv_size": [0.25, -1.75]}
							}
						},
						{
							"origin": [1.07096, 11.21967, -0.82812],
							"size": [0.1, 0.1, 1.65625],
							"pivot": [1.04596, 11.34467, 0],
							"rotation": [0, 0, 45],
							"uv": {
								"north": {"uv": [39, 48], "uv_size": [0.25, 0.25]},
								"east": {"uv": [8, 44], "uv_size": [1.75, 0.25]},
								"south": {"uv": [48, 39], "uv_size": [0.25, 0.25]},
								"west": {"uv": [44, 9], "uv_size": [1.75, 0.25]},
								"up": {"uv": [10, 44], "uv_size": [0.25, 1.75]},
								"down": {"uv": [44, 11.75], "uv_size": [0.25, -1.75]}
							}
						},
						{
							"origin": [0.94283, 11.71967, -0.875],
							"size": [0.15, 0.15, 1.75],
							"pivot": [0.96783, 11.84467, 0],
							"rotation": [0, 0, 45],
							"uv": {
								"north": {"uv": [48, 48], "uv_size": [0.25, 0.25]},
								"east": {"uv": [45, 48], "uv_size": [1.75, 0.25]},
								"south": {"uv": [0, 49], "uv_size": [0.25, 0.25]},
								"west": {"uv": [48, 45], "uv_size": [1.75, 0.25]},
								"up": {"uv": [48, 46], "uv_size": [0.25, 1.75]},
								"down": {"uv": [47, 49.75], "uv_size": [0.25, -1.75]}
							}
						},
						{
							"origin": [0.71875, 11, -0.8125],
							"size": [0.6875, 0.5, 1.625],
							"uv": {
								"north": {"uv": [44, 35], "uv_size": [0.75, 0.5]},
								"east": {"uv": [42, 4], "uv_size": [1.75, 0.5]},
								"south": {"uv": [36, 44], "uv_size": [0.75, 0.5]},
								"west": {"uv": [5, 42], "uv_size": [1.75, 0.5]},
								"up": {"uv": [30, 40], "uv_size": [0.75, 1.75]},
								"down": {"uv": [31, 41.75], "uv_size": [0.75, -1.75]}
							}
						},
						{
							"origin": [0.71875, 11.5, -0.84375],
							"size": [0.6875, 0.0625, 1.6875],
							"uv": {
								"north": {"uv": [6, 47], "uv_size": [0.75, 0.25]},
								"east": {"uv": [43, 25], "uv_size": [1.75, 0.25]},
								"south": {"uv": [47, 6], "uv_size": [0.75, 0.25]},
								"west": {"uv": [26, 43], "uv_size": [1.75, 0.25]},
								"up": {"uv": [32, 40], "uv_size": [0.75, 1.75]},
								"down": {"uv": [33, 41.75], "uv_size": [0.75, -1.75]}
							}
						},
						{
							"origin": [0.46875, 11.96008, -0.84375],
							"size": [0.67188, 0.0625, 1.6875],
							"uv": {
								"north": {"uv": [7, 47], "uv_size": [0.75, 0.25]},
								"east": {"uv": [40, 43], "uv_size": [1.75, 0.25]},
								"south": {"uv": [47, 7], "uv_size": [0.75, 0.25]},
								"west": {"uv": [42, 43], "uv_size": [1.75, 0.25]},
								"up": {"uv": [34, 40], "uv_size": [0.75, 1.75]},
								"down": {"uv": [40, 35.75], "uv_size": [0.75, -1.75]}
							}
						},
						{
							"origin": [1.20925, 11.65707, -0.84375],
							"size": [0.53125, 0.10938, 1.6875],
							"pivot": [1.39675, 11.95395, 0],
							"rotation": [0, 0, 60],
							"uv": {
								"north": {"uv": [47, 25], "uv_size": [0.5, 0.25]},
								"east": {"uv": [43, 26], "uv_size": [1.75, 0.25]},
								"south": {"uv": [26, 47], "uv_size": [0.5, 0.25]},
								"west": {"uv": [43, 27], "uv_size": [1.75, 0.25]},
								"up": {"uv": [42, 5], "uv_size": [0.5, 1.75]},
								"down": {"uv": [7, 43.75], "uv_size": [0.5, -1.75]}
							}
						},
						{
							"origin": [1.14675, 11.5477, -0.84375],
							"size": [0.53125, 0.10938, 1.6875],
							"pivot": [1.39675, 11.95395, 0],
							"rotation": [0, 0, 60],
							"uv": {
								"north": {"uv": [47, 26], "uv_size": [0.5, 0.25]},
								"east": {"uv": [28, 43], "uv_size": [1.75, 0.25]},
								"south": {"uv": [27, 47], "uv_size": [0.5, 0.25]},
								"west": {"uv": [43, 28], "uv_size": [1.75, 0.25]},
								"up": {"uv": [42, 7], "uv_size": [0.5, 1.75]},
								"down": {"uv": [42, 10.75], "uv_size": [0.5, -1.75]}
							}
						},
						{
							"origin": [1.08425, 11.43832, -0.84375],
							"size": [0.53125, 0.10938, 1.6875],
							"pivot": [1.39675, 11.95395, 0],
							"rotation": [0, 0, 60],
							"uv": {
								"north": {"uv": [47, 27], "uv_size": [0.5, 0.25]},
								"east": {"uv": [30, 43], "uv_size": [1.75, 0.25]},
								"south": {"uv": [28, 47], "uv_size": [0.5, 0.25]},
								"west": {"uv": [32, 43], "uv_size": [1.75, 0.25]},
								"up": {"uv": [10, 42], "uv_size": [0.5, 1.75]},
								"down": {"uv": [11, 43.75], "uv_size": [0.5, -1.75]}
							}
						},
						{
							"origin": [1.02175, 11.32895, -0.84375],
							"size": [0.53125, 0.10938, 1.6875],
							"pivot": [1.39675, 11.95395, 0],
							"rotation": [0, 0, 60],
							"uv": {
								"north": {"uv": [47, 28], "uv_size": [0.5, 0.25]},
								"east": {"uv": [34, 43], "uv_size": [1.75, 0.25]},
								"south": {"uv": [29, 47], "uv_size": [0.5, 0.25]},
								"west": {"uv": [36, 43], "uv_size": [1.75, 0.25]},
								"up": {"uv": [42, 11], "uv_size": [0.5, 1.75]},
								"down": {"uv": [12, 43.75], "uv_size": [0.5, -1.75]}
							}
						},
						{
							"origin": [0.95925, 11.21957, -0.84375],
							"size": [0.53125, 0.10938, 1.6875],
							"pivot": [1.39675, 11.95395, 0],
							"rotation": [0, 0, 60],
							"uv": {
								"north": {"uv": [47, 29], "uv_size": [0.5, 0.25]},
								"east": {"uv": [43, 36], "uv_size": [1.75, 0.25]},
								"south": {"uv": [30, 47], "uv_size": [0.5, 0.25]},
								"west": {"uv": [43, 37], "uv_size": [1.75, 0.25]},
								"up": {"uv": [13, 42], "uv_size": [0.5, 1.75]},
								"down": {"uv": [14, 43.75], "uv_size": [0.5, -1.75]}
							}
						},
						{
							"origin": [0.89675, 11.1727, -0.84375],
							"size": [0.53125, 0.04688, 1.6875],
							"pivot": [1.39675, 11.95395, 0],
							"rotation": [0, 0, 60],
							"uv": {
								"north": {"uv": [47, 30], "uv_size": [0.5, 0.25]},
								"east": {"uv": [38, 43], "uv_size": [1.75, 0.25]},
								"south": {"uv": [31, 47], "uv_size": [0.5, 0.25]},
								"west": {"uv": [43, 38], "uv_size": [1.75, 0.25]},
								"up": {"uv": [15, 42], "uv_size": [0.5, 1.75]},
								"down": {"uv": [21, 43.75], "uv_size": [0.5, -1.75]}
							}
						},
						{
							"origin": [-0.65625, 11, -0.625],
							"size": [0.125, 1, 1.25],
							"uv": {
								"north": {"uv": [37, 45], "uv_size": [0.25, 1]},
								"east": {"uv": [38, 41], "uv_size": [1.25, 1]},
								"south": {"uv": [45, 37], "uv_size": [0.25, 1]},
								"west": {"uv": [2, 42], "uv_size": [1.25, 1]},
								"up": {"uv": [45, 20], "uv_size": [0.25, 1.25]},
								"down": {"uv": [21, 46.25], "uv_size": [0.25, -1.25]}
							}
						},
						{
							"origin": [-0.96875, 11.4375, -0.5],
							"size": [0.375, 0.4375, 1],
							"uv": {
								"north": {"uv": [46, 41], "uv_size": [0.5, 0.5]},
								"east": {"uv": [43, 13], "uv_size": [1, 0.5]},
								"south": {"uv": [42, 46], "uv_size": [0.5, 0.5]},
								"west": {"uv": [22, 43], "uv_size": [1, 0.5]},
								"up": {"uv": [23, 43], "uv_size": [0.5, 1]},
								"down": {"uv": [24, 44], "uv_size": [0.5, -1]}
							}
						},
						{
							"origin": [-1.03125, 11.5, -0.5],
							"size": [0.0625, 0.3125, 1],
							"uv": {
								"north": {"uv": [7, 48], "uv_size": [0.25, 0.25]},
								"east": {"uv": [46, 42], "uv_size": [1, 0.25]},
								"south": {"uv": [48, 7], "uv_size": [0.25, 0.25]},
								"west": {"uv": [43, 46], "uv_size": [1, 0.25]},
								"up": {"uv": [46, 43], "uv_size": [0.25, 1]},
								"down": {"uv": [44, 47], "uv_size": [0.25, -1]}
							}
						},
						{
							"origin": [-1.01831, 11.78125, -0.5],
							"size": [0.08839, 0.0625, 1],
							"pivot": [-0.98706, 11.8125, 0],
							"rotation": [0, 0, -45],
							"uv": {
								"north": {"uv": [8, 48], "uv_size": [0.25, 0.25]},
								"east": {"uv": [46, 44], "uv_size": [1, 0.25]},
								"south": {"uv": [48, 8], "uv_size": [0.25, 0.25]},
								"west": {"uv": [45, 46], "uv_size": [1, 0.25]},
								"up": {"uv": [46, 45], "uv_size": [0.25, 1]},
								"down": {"uv": [46, 47], "uv_size": [0.25, -1]}
							}
						},
						{
							"origin": [-1.03393, 11.54688, -0.6875],
							"size": [0.08839, 0.09375, 1.375],
							"pivot": [-0.98706, 11.8125, 0],
							"rotation": [0, 0, -45],
							"uv": {
								"north": {"uv": [10, 48], "uv_size": [0.25, 0.25]},
								"east": {"uv": [37, 44], "uv_size": [1.5, 0.25]},
								"south": {"uv": [48, 10], "uv_size": [0.25, 0.25]},
								"west": {"uv": [39, 44], "uv_size": [1.5, 0.25]},
								"up": {"uv": [44, 39], "uv_size": [0.25, 1.5]},
								"down": {"uv": [41, 45.5], "uv_size": [0.25, -1.5]}
							}
						},
						{
							"origin": [-1.01831, 11.46875, -0.5],
							"size": [0.08839, 0.0625, 1],
							"pivot": [-0.98706, 11.5, 0],
							"rotation": [0, 0, 45],
							"uv": {
								"north": {"uv": [9, 48], "uv_size": [0.25, 0.25]},
								"east": {"uv": [0, 47], "uv_size": [1, 0.25]},
								"south": {"uv": [48, 9], "uv_size": [0.25, 0.25]},
								"west": {"uv": [47, 0], "uv_size": [1, 0.25]},
								"up": {"uv": [1, 47], "uv_size": [0.25, 1]},
								"down": {"uv": [47, 2], "uv_size": [0.25, -1]}
							}
						},
						{
							"origin": [-0.61742, 11, 0.53125],
							"size": [0.1875, 1, 0.1875],
							"pivot": [-0.52367, 11.5, 0.625],
							"rotation": [0, 45, 0],
							"uv": {
								"north": {"uv": [38, 45], "uv_size": [0.25, 1]},
								"east": {"uv": [45, 38], "uv_size": [0.25, 1]},
								"south": {"uv": [39, 45], "uv_size": [0.25, 1]},
								"west": {"uv": [45, 39], "uv_size": [0.25, 1]},
								"up": {"uv": [47, 35], "uv_size": [0.25, 0.25]},
								"down": {"uv": [36, 47.25], "uv_size": [0.25, -0.25]}
							}
						},
						{
							"origin": [-0.61742, 11, -0.71875],
							"size": [0.1875, 1, 0.1875],
							"pivot": [-0.52367, 11.5, -0.625],
							"rotation": [0, 45, 0],
							"uv": {
								"north": {"uv": [40, 45], "uv_size": [0.25, 1]},
								"east": {"uv": [45, 40], "uv_size": [0.25, 1]},
								"south": {"uv": [42, 45], "uv_size": [0.25, 1]},
								"west": {"uv": [45, 42], "uv_size": [0.25, 1]},
								"up": {"uv": [47, 36], "uv_size": [0.25, 0.25]},
								"down": {"uv": [37, 47.25], "uv_size": [0.25, -0.25]}
							}
						}
					]
				},
				{
					"name": "rin",
					"parent": "up",
					"pivot": [-0.14154, 11.31262, -1.46905],
					"cubes": [
						{
							"origin": [-0.02592, 11.42825, -1.51562],
							"size": [0.05, 0.05, 1.65625],
							"pivot": [-0.00092, 11.45325, -0.6875],
							"rotation": [0, 0, 45],
							"uv": {
								"north": {"uv": [40, 48], "uv_size": [0.25, 0.25]},
								"east": {"uv": [11, 44], "uv_size": [1.75, 0.25]},
								"south": {"uv": [48, 40], "uv_size": [0.25, 0.25]},
								"west": {"uv": [44, 12], "uv_size": [1.75, 0.25]},
								"up": {"uv": [13, 44], "uv_size": [0.25, 1.75]},
								"down": {"uv": [44, 14.75], "uv_size": [0.25, -1.75]}
							}
						},
						{
							"origin": [0.16158, 11.61575, -2.04687],
							"size": [0.05, 0.05, 0.65625],
							"pivot": [0.18658, 11.64075, -1.71875],
							"rotation": [-45, 0, 45],
							"uv": {
								"north": {"uv": [41, 48], "uv_size": [0.25, 0.25]},
								"east": {"uv": [17, 47], "uv_size": [0.75, 0.25]},
								"south": {"uv": [48, 41], "uv_size": [0.25, 0.25]},
								"west": {"uv": [47, 17], "uv_size": [0.75, 0.25]},
								"up": {"uv": [18, 47], "uv_size": [0.25, 0.75]},
								"down": {"uv": [47, 18.75], "uv_size": [0.25, -0.75]}
							}
						},
						{
							"origin": [-0.14154, 11.46419, -2.53834],
							"size": [0.05, 0.05, 0.65625],
							"pivot": [-0.11654, 11.33762, -2.36178],
							"rotation": [-45, 0, 45],
							"uv": {
								"north": {"uv": [43, 48], "uv_size": [0.25, 0.25]},
								"east": {"uv": [47, 21], "uv_size": [0.75, 0.25]},
								"south": {"uv": [48, 43], "uv_size": [0.25, 0.25]},
								"west": {"uv": [22, 47], "uv_size": [0.75, 0.25]},
								"up": {"uv": [47, 22], "uv_size": [0.25, 0.75]},
								"down": {"uv": [23, 47.75], "uv_size": [0.25, -0.75]}
							}
						},
						{
							"origin": [0.16158, 11.61575, -2.47556],
							"size": [0.05, 0.05, 0.65625],
							"pivot": [0.18658, 11.64075, -2.14743],
							"rotation": [45, 0, 45],
							"uv": {
								"north": {"uv": [42, 48], "uv_size": [0.25, 0.25]},
								"east": {"uv": [19, 47], "uv_size": [0.75, 0.25]},
								"south": {"uv": [48, 42], "uv_size": [0.25, 0.25]},
								"west": {"uv": [47, 19], "uv_size": [0.75, 0.25]},
								"up": {"uv": [47, 20], "uv_size": [0.25, 0.75]},
								"down": {"uv": [21, 47.75], "uv_size": [0.25, -0.75]}
							}
						},
						{
							"origin": [-0.16654, 11.43919, -1.94874],
							"size": [0.05, 0.05, 0.65625],
							"pivot": [-0.14154, 11.31262, -1.46905],
							"rotation": [45, 0, 45],
							"uv": {
								"north": {"uv": [44, 48], "uv_size": [0.25, 0.25]},
								"east": {"uv": [47, 23], "uv_size": [0.75, 0.25]},
								"south": {"uv": [48, 44], "uv_size": [0.25, 0.25]},
								"west": {"uv": [24, 47], "uv_size": [0.75, 0.25]},
								"up": {"uv": [47, 24], "uv_size": [0.25, 0.75]},
								"down": {"uv": [25, 47.75], "uv_size": [0.25, -0.75]}
							}
						}
					]
				},
				{
					"name": "righthand",
					"parent": "gr",
					"pivot": [-2, 5, -1],
					"rotation": [110.44582, 11.73507, -175.6639]
				},
				{
					"name": "righthand_pos",
					"parent": "righthand",
					"pivot": [-8, -6, -1],
					"cubes": [
						{
							"origin": [-4, -6, -3],
							"size": [4, 12, 4],
							"uv": {
								"north": {"uv": [0, 0], "uv_size": [4, 12]},
								"east": {"uv": [4, 0], "uv_size": [4, 12]},
								"south": {"uv": [8, 0], "uv_size": [4, 12]},
								"west": {"uv": [0, 12], "uv_size": [4, 12]},
								"up": {"uv": [16, 0], "uv_size": [4, 4]},
								"down": {"uv": [16, 8], "uv_size": [4, -4]}
							}
						}
					]
				},
				{
					"name": "constraint",
					"parent": "gr",
					"pivot": [3.21875, 12.1875, 1]
				},
				{
					"name": "lefthand",
					"parent": "root",
					"pivot": [8, -16, 0]
				},
				{
					"name": "lefthand_pos",
					"parent": "lefthand",
					"pivot": [14, -27, 0],
					"cubes": [
						{
							"origin": [6, -27, -2],
							"size": [4, 12, 4],
							"uv": {
								"north": {"uv": [12, 0], "uv_size": [4, 12]},
								"east": {"uv": [4, 12], "uv_size": [4, 12]},
								"south": {"uv": [8, 12], "uv_size": [4, 12]},
								"west": {"uv": [12, 12], "uv_size": [4, 12]},
								"up": {"uv": [16, 8], "uv_size": [4, 4]},
								"down": {"uv": [16, 16], "uv_size": [4, -4]}
							}
						}
					]
				},
				{
					"name": "view",
					"pivot": [25, 5, 2]
				},
				{
					"name": "idle_view",
					"parent": "view",
					"pivot": [10.5189, 12.63852, 13.97145],
					"rotation": [12.79362, 12.19908, 2.74715]
				},
				{
					"name": "iron_view",
					"parent": "view",
					"pivot": [10.5189, 12.13852, 10.97145],
					"rotation": [12.79362, 12.19908, 2.74715]
				},
				{
					"name": "refit_view",
					"parent": "view",
					"pivot": [-0.74929, 7, 26.96729],
					"rotation": [0, -2.5, 0]
				},
				{
					"name": "camera",
					"parent": "view",
					"pivot": [25, 5, 2]
				}
			]
		}
	]
}