{
	"format_version": "1.12.0",
	"minecraft:geometry": [
		{
			"description": {
				"identifier": "geometry.unknown",
				"texture_width": 64,
				"texture_height": 64,
				"visible_bounds_width": 2,
				"visible_bounds_height": 2.5,
				"visible_bounds_offset": [0, 0.75, 0]
			},
			"bones": [
				{
					"name": "ani",
					"pivot": [0, 0, 0]
				},
				{
					"name": "newmag",
					"parent": "ani",
					"pivot": [-0.10415, 4.83058, -0.09398],
					"rotation": [0, -90, 0],
					"cubes": [
						{
							"origin": [-2.32368, -2.37804, -1.57297],
							"size": [1.5625, 5.0625, 3.375],
							"uv": {
								"north": {"uv": [12, 0], "uv_size": [2, 5]},
								"east": {"uv": [0, 6], "uv_size": [3, 5]},
								"south": {"uv": [12, 5], "uv_size": [2, 5]},
								"west": {"uv": [6, 0], "uv_size": [3, 5]},
								"up": {"uv": [2, 18], "uv_size": [2, 3]},
								"down": {"uv": [4, 21], "uv_size": [2, -3]}
							}
						},
						{
							"origin": [-2.33931, 0.37196, -1.44797],
							"size": [0.15625, 5.875, 3.125],
							"uv": {
								"north": {"uv": [8, 17], "uv_size": [1, 6]},
								"east": {"uv": [0, 0], "uv_size": [3, 6]},
								"south": {"uv": [18, 8], "uv_size": [1, 6]},
								"west": {"uv": [3, 0], "uv_size": [3, 6]},
								"up": {"uv": [14, 19], "uv_size": [1, 3]},
								"down": {"uv": [20, 17], "uv_size": [1, -3]}
							}
						},
						{
							"origin": [-2.08931, 5.87196, -1.44797],
							"size": [0.15625, 2.5, 3.125],
							"uv": {
								"north": {"uv": [2, 21], "uv_size": [1, 3]},
								"east": {"uv": [9, 12], "uv_size": [3, 3]},
								"south": {"uv": [3, 21], "uv_size": [1, 3]},
								"west": {"uv": [12, 10], "uv_size": [3, 3]},
								"up": {"uv": [4, 21], "uv_size": [1, 3]},
								"down": {"uv": [5, 24], "uv_size": [1, -3]}
							}
						},
						{
							"origin": [-1.58931, 5.87196, -1.46359],
							"size": [0.15625, 2.5, 3.15625],
							"uv": {
								"north": {"uv": [6, 21], "uv_size": [1, 3]},
								"east": {"uv": [12, 13], "uv_size": [3, 3]},
								"south": {"uv": [7, 21], "uv_size": [1, 3]},
								"west": {"uv": [14, 0], "uv_size": [3, 3]},
								"up": {"uv": [9, 21], "uv_size": [1, 3]},
								"down": {"uv": [10, 24], "uv_size": [1, -3]}
							}
						},
						{
							"origin": [-1.83931, 5.87196, -1.44797],
							"size": [0.15625, 2.5, 3.125],
							"uv": {
								"north": {"uv": [12, 21], "uv_size": [1, 3]},
								"east": {"uv": [14, 3], "uv_size": [3, 3]},
								"south": {"uv": [13, 21], "uv_size": [1, 3]},
								"west": {"uv": [6, 14], "uv_size": [3, 3]},
								"up": {"uv": [21, 14], "uv_size": [1, 3]},
								"down": {"uv": [15, 24], "uv_size": [1, -3]}
							}
						},
						{
							"origin": [-1.40181, 5.87196, -1.44797],
							"size": [0.15625, 2.5, 3.125],
							"uv": {
								"north": {"uv": [16, 21], "uv_size": [1, 3]},
								"east": {"uv": [14, 6], "uv_size": [3, 3]},
								"south": {"uv": [17, 21], "uv_size": [1, 3]},
								"west": {"uv": [0, 15], "uv_size": [3, 3]},
								"up": {"uv": [21, 17], "uv_size": [1, 3]},
								"down": {"uv": [18, 24], "uv_size": [1, -3]}
							}
						},
						{
							"origin": [-1.08931, 5.87196, -1.30734],
							"size": [0.15625, 2.5, 2.84375],
							"uv": {
								"north": {"uv": [19, 21], "uv_size": [1, 3]},
								"east": {"uv": [3, 15], "uv_size": [3, 3]},
								"south": {"uv": [20, 21], "uv_size": [1, 3]},
								"west": {"uv": [9, 15], "uv_size": [3, 3]},
								"up": {"uv": [21, 20], "uv_size": [1, 3]},
								"down": {"uv": [0, 25], "uv_size": [1, -3]}
							}
						},
						{
							"origin": [0.22319, 5.87196, -1.19797],
							"size": [0.15625, 2.5, 2.625],
							"uv": {
								"north": {"uv": [22, 0], "uv_size": [1, 3]},
								"east": {"uv": [15, 9], "uv_size": [3, 3]},
								"south": {"uv": [1, 22], "uv_size": [1, 3]},
								"west": {"uv": [15, 12], "uv_size": [3, 3]},
								"up": {"uv": [22, 3], "uv_size": [1, 3]},
								"down": {"uv": [22, 9], "uv_size": [1, -3]}
							}
						},
						{
							"origin": [1.56745, 6.78522, -3.0013],
							"size": [0.26563, 2.4375, 0.375],
							"pivot": [-0.79192, 5.84772, -3.0013],
							"rotation": [-30, 0, 0],
							"uv": {
								"north": {"uv": [0, 25], "uv_size": [1, 2]},
								"east": {"uv": [1, 25], "uv_size": [1, 2]},
								"south": {"uv": [14, 25], "uv_size": [1, 2]},
								"west": {"uv": [25, 15], "uv_size": [1, 2]},
								"up": {"uv": [14, 9], "uv_size": [1, 1]},
								"down": {"uv": [17, 9], "uv_size": [1, -1]}
							}
						},
						{
							"origin": [1.56745, 6.68755, -0.30898],
							"size": [0.26563, 2, 0.375],
							"pivot": [1.70026, 8.0938, -0.12148],
							"rotation": [-125.5, 0, 0],
							"uv": {
								"north": {"uv": [25, 17], "uv_size": [1, 2]},
								"east": {"uv": [25, 19], "uv_size": [1, 2]},
								"south": {"uv": [25, 21], "uv_size": [1, 2]},
								"west": {"uv": [25, 23], "uv_size": [1, 2]},
								"up": {"uv": [18, 17], "uv_size": [1, 1]},
								"down": {"uv": [19, 14], "uv_size": [1, -1]}
							}
						},
						{
							"origin": [1.56745, 8.44819, -0.16749],
							"size": [0.26563, 1.4375, 0.375],
							"pivot": [1.70026, 9.85444, 0.02001],
							"rotation": [-48.5, 0, 0],
							"uv": {
								"north": {"uv": [29, 3], "uv_size": [1, 1]},
								"east": {"uv": [29, 4], "uv_size": [1, 1]},
								"south": {"uv": [5, 29], "uv_size": [1, 1]},
								"west": {"uv": [29, 5], "uv_size": [1, 1]},
								"up": {"uv": [6, 29], "uv_size": [1, 1]},
								"down": {"uv": [29, 7], "uv_size": [1, -1]}
							}
						},
						{
							"origin": [-0.40181, 5.87196, -1.44797],
							"size": [0.15625, 2.5, 3.125],
							"uv": {
								"north": {"uv": [22, 9], "uv_size": [1, 3]},
								"east": {"uv": [15, 15], "uv_size": [3, 3]},
								"south": {"uv": [22, 12], "uv_size": [1, 3]},
								"west": {"uv": [12, 16], "uv_size": [3, 3]},
								"up": {"uv": [14, 22], "uv_size": [1, 3]},
								"down": {"uv": [22, 18], "uv_size": [1, -3]}
							}
						},
						{
							"origin": [-2.21431, 5.87196, -1.44797],
							"size": [1.40625, 0.39063, 3.125],
							"uv": {
								"north": {"uv": [7, 29], "uv_size": [1, 1]},
								"east": {"uv": [22, 18], "uv_size": [3, 1]},
								"south": {"uv": [29, 7], "uv_size": [1, 1]},
								"west": {"uv": [22, 19], "uv_size": [3, 1]},
								"up": {"uv": [22, 20], "uv_size": [1, 3]},
								"down": {"uv": [23, 3], "uv_size": [1, -3]}
							}
						},
						{
							"origin": [-0.82368, 2.55946, -1.26047],
							"size": [2.125, 3.6875, 2.75],
							"uv": {
								"north": {"uv": [17, 0], "uv_size": [2, 4]},
								"east": {"uv": [9, 0], "uv_size": [3, 4]},
								"south": {"uv": [17, 4], "uv_size": [2, 4]},
								"west": {"uv": [9, 4], "uv_size": [3, 4]},
								"up": {"uv": [9, 18], "uv_size": [2, 3]},
								"down": {"uv": [18, 17], "uv_size": [2, -3]}
							}
						},
						{
							"origin": [-2.07368, 6.30946, -0.26047],
							"size": [3.375, 1.4375, 0.75],
							"uv": {
								"north": {"uv": [23, 3], "uv_size": [3, 1]},
								"east": {"uv": [29, 8], "uv_size": [1, 1]},
								"south": {"uv": [23, 4], "uv_size": [3, 1]},
								"west": {"uv": [9, 29], "uv_size": [1, 1]},
								"up": {"uv": [23, 5], "uv_size": [3, 1]},
								"down": {"uv": [23, 7], "uv_size": [3, -1]}
							}
						},
						{
							"origin": [1.73882, 2.55946, -1.26047],
							"size": [0.375, 3.6875, 2.75],
							"uv": {
								"north": {"uv": [19, 5], "uv_size": [1, 4]},
								"east": {"uv": [9, 8], "uv_size": [3, 4]},
								"south": {"uv": [19, 9], "uv_size": [1, 4]},
								"west": {"uv": [6, 10], "uv_size": [3, 4]},
								"up": {"uv": [23, 7], "uv_size": [1, 3]},
								"down": {"uv": [8, 26], "uv_size": [1, -3]}
							}
						},
						{
							"origin": [1.11382, 4.05946, -0.76047],
							"size": [1, 0.3125, 1.25],
							"pivot": [1.61382, 4.21571, -0.13547],
							"rotation": [0, 0, 22.5],
							"uv": {
								"north": {"uv": [29, 9], "uv_size": [1, 1]},
								"east": {"uv": [10, 29], "uv_size": [1, 1]},
								"south": {"uv": [29, 10], "uv_size": [1, 1]},
								"west": {"uv": [29, 11], "uv_size": [1, 1]},
								"up": {"uv": [29, 12], "uv_size": [1, 1]},
								"down": {"uv": [29, 14], "uv_size": [1, -1]}
							}
						},
						{
							"origin": [0.47319, 6.05946, -1.26047],
							"size": [1.64063, 0.3125, -0.25],
							"pivot": [1.61382, 6.21571, -1.13547],
							"rotation": [-65.26142, -65.48376, 67.25541],
							"uv": {
								"north": {"uv": [25, 25], "uv_size": [2, 1]},
								"east": {"uv": [14, 29], "uv_size": [1, 1]},
								"south": {"uv": [26, 3], "uv_size": [2, 1]},
								"west": {"uv": [29, 14], "uv_size": [1, 1]},
								"up": {"uv": [26, 4], "uv_size": [2, 1]},
								"down": {"uv": [26, 6], "uv_size": [2, -1]}
							}
						},
						{
							"origin": [-0.76118, -1.87804, -1.57297],
							"size": [0.6875, 4.5625, 3.375],
							"uv": {
								"north": {"uv": [11, 18], "uv_size": [1, 5]},
								"east": {"uv": [3, 6], "uv_size": [3, 5]},
								"south": {"uv": [19, 0], "uv_size": [1, 5]},
								"west": {"uv": [6, 5], "uv_size": [3, 5]},
								"up": {"uv": [23, 10], "uv_size": [1, 3]},
								"down": {"uv": [11, 26], "uv_size": [1, -3]}
							}
						},
						{
							"origin": [-0.13775, -0.37804, -1.54643],
							"size": [0.4375, 1.8125, 0.875],
							"pivot": [0.081, 0.40321, -1.10893],
							"rotation": [0, 45, 0],
							"uv": {
								"north": {"uv": [8, 26], "uv_size": [1, 2]},
								"east": {"uv": [11, 26], "uv_size": [1, 2]},
								"south": {"uv": [26, 13], "uv_size": [1, 2]},
								"west": {"uv": [26, 15], "uv_size": [1, 2]},
								"up": {"uv": [29, 15], "uv_size": [1, 1]},
								"down": {"uv": [29, 17], "uv_size": [1, -1]}
							}
						},
						{
							"origin": [-0.13775, -0.37804, 0.92703],
							"size": [0.4375, 1.8125, 0.875],
							"pivot": [0.081, 0.40321, 1.36453],
							"rotation": [0, -45, 0],
							"uv": {
								"north": {"uv": [26, 17], "uv_size": [1, 2]},
								"east": {"uv": [26, 19], "uv_size": [1, 2]},
								"south": {"uv": [26, 21], "uv_size": [1, 2]},
								"west": {"uv": [26, 23], "uv_size": [1, 2]},
								"up": {"uv": [17, 29], "uv_size": [1, 1]},
								"down": {"uv": [18, 30], "uv_size": [1, -1]}
							}
						},
						{
							"origin": [-0.76488, -2.25542, -1.55734],
							"size": [0.45313, 0.84375, 3.34375],
							"pivot": [-0.6555, -1.88042, -0.57297],
							"rotation": [0, 0, 54.5],
							"uv": {
								"north": {"uv": [19, 29], "uv_size": [1, 1]},
								"east": {"uv": [23, 13], "uv_size": [3, 1]},
								"south": {"uv": [20, 29], "uv_size": [1, 1]},
								"west": {"uv": [23, 14], "uv_size": [3, 1]},
								"up": {"uv": [23, 15], "uv_size": [1, 3]},
								"down": {"uv": [23, 23], "uv_size": [1, -3]}
							}
						},
						{
							"origin": [-0.07368, -1.56554, -1.26047],
							"size": [2.25, 4.125, 2.75],
							"uv": {
								"north": {"uv": [6, 17], "uv_size": [2, 4]},
								"east": {"uv": [0, 11], "uv_size": [3, 4]},
								"south": {"uv": [0, 18], "uv_size": [2, 4]},
								"west": {"uv": [3, 11], "uv_size": [3, 4]},
								"up": {"uv": [15, 18], "uv_size": [2, 3]},
								"down": {"uv": [17, 21], "uv_size": [2, -3]}
							}
						}
					]
				},
				{
					"name": "bb_illuminated",
					"parent": "newmag",
					"pivot": [-1.4375, 0, 0],
					"cubes": [
						{
							"origin": [-2.26118, 2.30946, -0.88547],
							"size": [2.125, 3.625, 2],
							"uv": {
								"north": {"uv": [49, 12.875], "uv_size": [11, 19]},
								"east": {"uv": [49, 12.875], "uv_size": [11, 19]},
								"south": {"uv": [49, 12.875], "uv_size": [11, 19]},
								"west": {"uv": [49, 12.875], "uv_size": [11, 19]},
								"up": {"uv": [60, 31.875], "uv_size": [-11, -19]},
								"down": {"uv": [60, 31.875], "uv_size": [-11, -19]}
							}
						}
					]
				},
				{
					"name": "octagon5",
					"parent": "newmag",
					"pivot": [0.36642, 8.99695, -0.01458],
					"rotation": [22.5, 0, 0],
					"cubes": [
						{
							"origin": [-0.78983, 8.63058, -0.95016],
							"size": [1.3125, 0.82843, 2.0625],
							"pivot": [-0.53983, 9.13636, -0.02449],
							"rotation": [-45, 0, 0],
							"uv": {
								"north": {"uv": [21, 29], "uv_size": [1, 1]},
								"east": {"uv": [26, 6], "uv_size": [2, 1]},
								"south": {"uv": [22, 29], "uv_size": [1, 1]},
								"west": {"uv": [24, 26], "uv_size": [2, 1]},
								"up": {"uv": [26, 26], "uv_size": [1, 2]},
								"down": {"uv": [0, 29], "uv_size": [1, -2]}
							}
						},
						{
							"origin": [-0.78983, 8.58275, -1.04583],
							"size": [1.3125, 0.82843, 2.0625],
							"uv": {
								"north": {"uv": [23, 29], "uv_size": [1, 1]},
								"east": {"uv": [27, 0], "uv_size": [2, 1]},
								"south": {"uv": [29, 23], "uv_size": [1, 1]},
								"west": {"uv": [1, 27], "uv_size": [2, 1]},
								"up": {"uv": [27, 1], "uv_size": [1, 2]},
								"down": {"uv": [3, 29], "uv_size": [1, -2]}
							}
						},
						{
							"origin": [-0.78983, 8.01354, -0.33312],
							"size": [1.3125, 2.0625, 0.82843],
							"pivot": [-0.53983, 9.13636, -0.02449],
							"rotation": [-45, 0, 0],
							"uv": {
								"north": {"uv": [4, 27], "uv_size": [1, 2]},
								"east": {"uv": [5, 27], "uv_size": [1, 2]},
								"south": {"uv": [6, 27], "uv_size": [1, 2]},
								"west": {"uv": [7, 27], "uv_size": [1, 2]},
								"up": {"uv": [24, 29], "uv_size": [1, 1]},
								"down": {"uv": [25, 30], "uv_size": [1, -1]}
							}
						},
						{
							"origin": [-0.78983, 7.95009, -0.42879],
							"size": [1.3125, 2.09375, 0.82843],
							"uv": {
								"north": {"uv": [27, 7], "uv_size": [1, 2]},
								"east": {"uv": [9, 27], "uv_size": [1, 2]},
								"south": {"uv": [27, 9], "uv_size": [1, 2]},
								"west": {"uv": [10, 27], "uv_size": [1, 2]},
								"up": {"uv": [29, 26], "uv_size": [1, 1]},
								"down": {"uv": [27, 30], "uv_size": [1, -1]}
							}
						}
					]
				},
				{
					"name": "octagon6",
					"parent": "newmag",
					"pivot": [-1.38358, 8.99695, -0.01458],
					"rotation": [22.5, 0, 0],
					"cubes": [
						{
							"origin": [-2.53983, 8.63058, -0.91891],
							"size": [0.4375, 0.82843, 2],
							"pivot": [-2.28983, 9.13636, -0.02449],
							"rotation": [-45, 0, 0],
							"uv": {
								"north": {"uv": [29, 27], "uv_size": [1, 1]},
								"east": {"uv": [27, 11], "uv_size": [2, 1]},
								"south": {"uv": [28, 29], "uv_size": [1, 1]},
								"west": {"uv": [12, 27], "uv_size": [2, 1]},
								"up": {"uv": [27, 12], "uv_size": [1, 2]},
								"down": {"uv": [14, 29], "uv_size": [1, -2]}
							}
						},
						{
							"origin": [-2.53983, 8.58275, -1.01458],
							"size": [0.4375, 0.82843, 2],
							"uv": {
								"north": {"uv": [29, 28], "uv_size": [1, 1]},
								"east": {"uv": [27, 14], "uv_size": [2, 1]},
								"south": {"uv": [29, 29], "uv_size": [1, 1]},
								"west": {"uv": [15, 27], "uv_size": [2, 1]},
								"up": {"uv": [27, 15], "uv_size": [1, 2]},
								"down": {"uv": [17, 29], "uv_size": [1, -2]}
							}
						},
						{
							"origin": [-2.53983, 8.04479, -0.33312],
							"size": [0.4375, 2, 0.82843],
							"pivot": [-2.28983, 9.13636, -0.02449],
							"rotation": [-45, 0, 0],
							"uv": {
								"north": {"uv": [27, 17], "uv_size": [1, 2]},
								"east": {"uv": [18, 27], "uv_size": [1, 2]},
								"south": {"uv": [19, 27], "uv_size": [1, 2]},
								"west": {"uv": [27, 19], "uv_size": [1, 2]},
								"up": {"uv": [30, 0], "uv_size": [1, 1]},
								"down": {"uv": [1, 31], "uv_size": [1, -1]}
							}
						},
						{
							"origin": [-2.53983, 7.99696, -0.42879],
							"size": [0.4375, 2, 0.82843],
							"uv": {
								"north": {"uv": [20, 27], "uv_size": [1, 2]},
								"east": {"uv": [21, 27], "uv_size": [1, 2]},
								"south": {"uv": [27, 21], "uv_size": [1, 2]},
								"west": {"uv": [22, 27], "uv_size": [1, 2]},
								"up": {"uv": [30, 1], "uv_size": [1, 1]},
								"down": {"uv": [2, 31], "uv_size": [1, -1]}
							}
						}
					]
				},
				{
					"name": "octagon7",
					"parent": "newmag",
					"pivot": [-0.88358, 8.99695, -0.01458],
					"rotation": [22.5, 0, 0],
					"cubes": [
						{
							"origin": [-2.10233, 8.63058, -0.66891],
							"size": [1.375, 0.82843, 1.5],
							"pivot": [-1.78983, 9.13636, -0.02449],
							"rotation": [-45, 0, 0],
							"uv": {
								"north": {"uv": [3, 30], "uv_size": [1, 1]},
								"east": {"uv": [23, 27], "uv_size": [2, 1]},
								"south": {"uv": [30, 3], "uv_size": [1, 1]},
								"west": {"uv": [27, 23], "uv_size": [2, 1]},
								"up": {"uv": [27, 24], "uv_size": [1, 2]},
								"down": {"uv": [25, 29], "uv_size": [1, -2]}
							}
						},
						{
							"origin": [-2.10233, 8.58275, -0.76458],
							"size": [1.375, 0.82843, 1.5],
							"uv": {
								"north": {"uv": [4, 30], "uv_size": [1, 1]},
								"east": {"uv": [27, 26], "uv_size": [2, 1]},
								"south": {"uv": [30, 4], "uv_size": [1, 1]},
								"west": {"uv": [27, 27], "uv_size": [2, 1]},
								"up": {"uv": [1, 28], "uv_size": [1, 2]},
								"down": {"uv": [28, 3], "uv_size": [1, -2]}
							}
						},
						{
							"origin": [-2.10233, 8.29479, -0.33312],
							"size": [1.375, 1.5, 0.82843],
							"pivot": [-1.78983, 9.13636, -0.02449],
							"rotation": [-45, 0, 0],
							"uv": {
								"north": {"uv": [2, 28], "uv_size": [1, 2]},
								"east": {"uv": [28, 3], "uv_size": [1, 2]},
								"south": {"uv": [28, 5], "uv_size": [1, 2]},
								"west": {"uv": [28, 7], "uv_size": [1, 2]},
								"up": {"uv": [5, 30], "uv_size": [1, 1]},
								"down": {"uv": [30, 6], "uv_size": [1, -1]}
							}
						},
						{
							"origin": [-2.10233, 8.24696, -0.42879],
							"size": [1.375, 1.5, 0.82843],
							"uv": {
								"north": {"uv": [8, 28], "uv_size": [1, 2]},
								"east": {"uv": [28, 9], "uv_size": [1, 2]},
								"south": {"uv": [11, 28], "uv_size": [1, 2]},
								"west": {"uv": [12, 28], "uv_size": [1, 2]},
								"up": {"uv": [6, 30], "uv_size": [1, 1]},
								"down": {"uv": [30, 7], "uv_size": [1, -1]}
							}
						}
					]
				},
				{
					"name": "bullg2",
					"parent": "ani",
					"pivot": [-0.19868, 8.82508, -2.4972]
				},
				{
					"name": "hexadecagon3",
					"parent": "bullg2",
					"pivot": [-0.16101, 8.84011, 2.40122],
					"rotation": [0, -90, 10],
					"cubes": [
						{
							"origin": [-0.62753, 8.67255, 1.08296],
							"size": [0.5, 0.49728, 2.5],
							"pivot": [-0.37753, 8.96539, 2.46554],
							"rotation": [45, 0, 0],
							"uv": {
								"north": {"uv": [7, 30], "uv_size": [1, 1]},
								"east": {"uv": [21, 23], "uv_size": [3, 1]},
								"south": {"uv": [30, 7], "uv_size": [1, 1]},
								"west": {"uv": [24, 0], "uv_size": [3, 1]},
								"up": {"uv": [2, 24], "uv_size": [1, 3]},
								"down": {"uv": [3, 27], "uv_size": [1, -3]}
							}
						},
						{
							"origin": [-0.58065, 7.9759, 1.55014],
							"size": [0.5, 1.80978, 1.75],
							"pivot": [-0.33065, 8.81829, 2.42514],
							"rotation": [75, 0, 0],
							"uv": {
								"north": {"uv": [28, 12], "uv_size": [1, 2]},
								"east": {"uv": [12, 19], "uv_size": [2, 2]},
								"south": {"uv": [13, 28], "uv_size": [1, 2]},
								"west": {"uv": [19, 17], "uv_size": [2, 2]},
								"up": {"uv": [15, 28], "uv_size": [1, 2]},
								"down": {"uv": [28, 17], "uv_size": [1, -2]}
							}
						},
						{
							"origin": [-0.58065, 8.2259, 1.36264],
							"size": [0.5, 1.30978, 2.125],
							"pivot": [-0.33065, 8.81829, 2.42514],
							"rotation": [75, 0, 0],
							"uv": {
								"north": {"uv": [28, 12], "uv_size": [1, 2]},
								"east": {"uv": [12, 19], "uv_size": [2, 2]},
								"south": {"uv": [13, 28], "uv_size": [1, 2]},
								"west": {"uv": [19, 17], "uv_size": [2, 2]},
								"up": {"uv": [15, 28], "uv_size": [1, 2]},
								"down": {"uv": [28, 17], "uv_size": [1, -2]}
							}
						},
						{
							"origin": [-0.62753, 8.62518, 1.10996],
							"size": [0.5, 0.49728, 2.5],
							"pivot": [-0.37753, 8.96539, 2.46554],
							"rotation": [22.5, 0, 0],
							"uv": {
								"north": {"uv": [8, 30], "uv_size": [1, 1]},
								"east": {"uv": [24, 1], "uv_size": [3, 1]},
								"south": {"uv": [30, 8], "uv_size": [1, 1]},
								"west": {"uv": [24, 2], "uv_size": [3, 1]},
								"up": {"uv": [4, 24], "uv_size": [1, 3]},
								"down": {"uv": [5, 27], "uv_size": [1, -3]}
							}
						},
						{
							"origin": [-0.62753, 8.59175, 1.15304],
							"size": [0.5, 0.49728, 2.5],
							"uv": {
								"north": {"uv": [9, 30], "uv_size": [1, 1]},
								"east": {"uv": [24, 7], "uv_size": [3, 1]},
								"south": {"uv": [30, 9], "uv_size": [1, 1]},
								"west": {"uv": [24, 8], "uv_size": [3, 1]},
								"up": {"uv": [6, 24], "uv_size": [1, 3]},
								"down": {"uv": [7, 27], "uv_size": [1, -3]}
							}
						},
						{
							"origin": [-0.62753, 8.57734, 1.20564],
							"size": [0.5, 0.49728, 2.5],
							"pivot": [-0.37753, 8.96539, 2.46554],
							"rotation": [-22.5, 0, 0],
							"uv": {
								"north": {"uv": [10, 30], "uv_size": [1, 1]},
								"east": {"uv": [24, 9], "uv_size": [3, 1]},
								"south": {"uv": [30, 10], "uv_size": [1, 1]},
								"west": {"uv": [24, 10], "uv_size": [3, 1]},
								"up": {"uv": [9, 24], "uv_size": [1, 3]},
								"down": {"uv": [10, 27], "uv_size": [1, -3]}
							}
						},
						{
							"origin": [-0.62753, 8.58416, 1.25974],
							"size": [0.5, 0.49728, 2.5],
							"pivot": [-0.37753, 8.96539, 2.46554],
							"rotation": [-45, 0, 0],
							"uv": {
								"north": {"uv": [11, 30], "uv_size": [1, 1]},
								"east": {"uv": [24, 11], "uv_size": [3, 1]},
								"south": {"uv": [30, 11], "uv_size": [1, 1]},
								"west": {"uv": [24, 12], "uv_size": [3, 1]},
								"up": {"uv": [12, 24], "uv_size": [1, 3]},
								"down": {"uv": [13, 27], "uv_size": [1, -3]}
							}
						},
						{
							"origin": [-0.62753, 7.62382, 2.11132],
							"size": [0.5, 2.5, 0.49728],
							"pivot": [-0.37753, 8.96539, 2.46554],
							"rotation": [22.5, 0, 0],
							"uv": {
								"north": {"uv": [15, 24], "uv_size": [1, 3]},
								"east": {"uv": [24, 15], "uv_size": [1, 3]},
								"south": {"uv": [16, 24], "uv_size": [1, 3]},
								"west": {"uv": [17, 24], "uv_size": [1, 3]},
								"up": {"uv": [12, 30], "uv_size": [1, 1]},
								"down": {"uv": [30, 13], "uv_size": [1, -1]}
							}
						},
						{
							"origin": [-0.62753, 7.59039, 2.1544],
							"size": [0.5, 2.5, 0.49728],
							"uv": {
								"north": {"uv": [18, 24], "uv_size": [1, 3]},
								"east": {"uv": [19, 24], "uv_size": [1, 3]},
								"south": {"uv": [20, 24], "uv_size": [1, 3]},
								"west": {"uv": [24, 20], "uv_size": [1, 3]},
								"up": {"uv": [13, 30], "uv_size": [1, 1]},
								"down": {"uv": [30, 14], "uv_size": [1, -1]}
							}
						},
						{
							"origin": [-0.62753, 7.57598, 2.20699],
							"size": [0.5, 2.5, 0.49728],
							"pivot": [-0.37753, 8.96539, 2.46554],
							"rotation": [-22.5, 0, 0],
							"uv": {
								"north": {"uv": [21, 24], "uv_size": [1, 3]},
								"east": {"uv": [22, 24], "uv_size": [1, 3]},
								"south": {"uv": [23, 24], "uv_size": [1, 3]},
								"west": {"uv": [24, 23], "uv_size": [1, 3]},
								"up": {"uv": [14, 30], "uv_size": [1, 1]},
								"down": {"uv": [30, 15], "uv_size": [1, -1]}
							}
						},
						{
							"origin": [-0.12753, 8.58416, 1.25974],
							"size": [0.25, 0.49728, 0.25],
							"pivot": [-0.37753, 8.96539, 2.46554],
							"rotation": [-45, 0, 0],
							"uv": {
								"north": {"uv": [15, 30], "uv_size": [1, 1]},
								"east": {"uv": [30, 15], "uv_size": [1, 1]},
								"south": {"uv": [16, 30], "uv_size": [1, 1]},
								"west": {"uv": [30, 16], "uv_size": [1, 1]},
								"up": {"uv": [17, 30], "uv_size": [1, 1]},
								"down": {"uv": [30, 18], "uv_size": [1, -1]}
							}
						},
						{
							"origin": [-0.12753, 9.87382, 2.11132],
							"size": [0.25, 0.25, 0.49728],
							"pivot": [-0.37753, 8.96539, 2.46554],
							"rotation": [22.5, 0, 0],
							"uv": {
								"north": {"uv": [18, 30], "uv_size": [1, 1]},
								"east": {"uv": [30, 18], "uv_size": [1, 1]},
								"south": {"uv": [19, 30], "uv_size": [1, 1]},
								"west": {"uv": [30, 19], "uv_size": [1, 1]},
								"up": {"uv": [20, 30], "uv_size": [1, 1]},
								"down": {"uv": [30, 21], "uv_size": [1, -1]}
							}
						},
						{
							"origin": [-0.12753, 9.84039, 2.1544],
							"size": [0.25, 0.25, 0.49728],
							"uv": {
								"north": {"uv": [21, 30], "uv_size": [1, 1]},
								"east": {"uv": [30, 21], "uv_size": [1, 1]},
								"south": {"uv": [22, 30], "uv_size": [1, 1]},
								"west": {"uv": [30, 22], "uv_size": [1, 1]},
								"up": {"uv": [23, 30], "uv_size": [1, 1]},
								"down": {"uv": [30, 24], "uv_size": [1, -1]}
							}
						},
						{
							"origin": [-0.12753, 9.82598, 2.20699],
							"size": [0.25, 0.25, 0.49728],
							"pivot": [-0.37753, 8.96539, 2.46554],
							"rotation": [-22.5, 0, 0],
							"uv": {
								"north": {"uv": [24, 30], "uv_size": [1, 1]},
								"east": {"uv": [30, 24], "uv_size": [1, 1]},
								"south": {"uv": [25, 30], "uv_size": [1, 1]},
								"west": {"uv": [30, 25], "uv_size": [1, 1]},
								"up": {"uv": [26, 30], "uv_size": [1, 1]},
								"down": {"uv": [30, 27], "uv_size": [1, -1]}
							}
						},
						{
							"origin": [-0.12753, 8.62518, 3.35996],
							"size": [0.25, 0.49728, 0.25],
							"pivot": [-0.37753, 8.96539, 2.46554],
							"rotation": [22.5, 0, 0],
							"uv": {
								"north": {"uv": [27, 30], "uv_size": [1, 1]},
								"east": {"uv": [30, 27], "uv_size": [1, 1]},
								"south": {"uv": [28, 30], "uv_size": [1, 1]},
								"west": {"uv": [30, 28], "uv_size": [1, 1]},
								"up": {"uv": [29, 30], "uv_size": [1, 1]},
								"down": {"uv": [30, 30], "uv_size": [1, -1]}
							}
						},
						{
							"origin": [-0.12753, 8.67255, 3.33296],
							"size": [0.25, 0.49728, 0.25],
							"pivot": [-0.37753, 8.96539, 2.46554],
							"rotation": [45, 0, 0],
							"uv": {
								"north": {"uv": [30, 30], "uv_size": [1, 1]},
								"east": {"uv": [0, 31], "uv_size": [1, 1]},
								"south": {"uv": [31, 0], "uv_size": [1, 1]},
								"west": {"uv": [1, 31], "uv_size": [1, 1]},
								"up": {"uv": [31, 1], "uv_size": [1, 1]},
								"down": {"uv": [2, 32], "uv_size": [1, -1]}
							}
						},
						{
							"origin": [-0.12753, 8.42255, 3.20796],
							"size": [0.25, 0.49728, 0.25],
							"pivot": [-0.37753, 8.71539, 2.34054],
							"rotation": [-135, 0, 0],
							"uv": {
								"north": {"uv": [31, 2], "uv_size": [1, 1]},
								"east": {"uv": [3, 31], "uv_size": [1, 1]},
								"south": {"uv": [31, 3], "uv_size": [1, 1]},
								"west": {"uv": [4, 31], "uv_size": [1, 1]},
								"up": {"uv": [31, 4], "uv_size": [1, 1]},
								"down": {"uv": [5, 32], "uv_size": [1, -1]}
							}
						},
						{
							"origin": [-0.12753, 9.59039, 2.0294],
							"size": [0.25, 0.25, 0.49728],
							"pivot": [-0.37753, 8.71539, 2.34054],
							"rotation": [-180, 0, 0],
							"uv": {
								"north": {"uv": [31, 5], "uv_size": [1, 1]},
								"east": {"uv": [6, 31], "uv_size": [1, 1]},
								"south": {"uv": [31, 6], "uv_size": [1, 1]},
								"west": {"uv": [7, 31], "uv_size": [1, 1]},
								"up": {"uv": [31, 7], "uv_size": [1, 1]},
								"down": {"uv": [8, 32], "uv_size": [1, -1]}
							}
						},
						{
							"origin": [-0.12753, 9.57598, 2.08199],
							"size": [0.25, 0.25, 0.49728],
							"pivot": [-0.37753, 8.71539, 2.34054],
							"rotation": [157.5, 0, 0],
							"uv": {
								"north": {"uv": [31, 8], "uv_size": [1, 1]},
								"east": {"uv": [9, 31], "uv_size": [1, 1]},
								"south": {"uv": [31, 9], "uv_size": [1, 1]},
								"west": {"uv": [10, 31], "uv_size": [1, 1]},
								"up": {"uv": [31, 10], "uv_size": [1, 1]},
								"down": {"uv": [11, 32], "uv_size": [1, -1]}
							}
						},
						{
							"origin": [-0.12753, 8.37518, 3.23496],
							"size": [0.25, 0.49728, 0.25],
							"pivot": [-0.37753, 8.71539, 2.34054],
							"rotation": [-157.5, 0, 0],
							"uv": {
								"north": {"uv": [31, 11], "uv_size": [1, 1]},
								"east": {"uv": [12, 31], "uv_size": [1, 1]},
								"south": {"uv": [31, 12], "uv_size": [1, 1]},
								"west": {"uv": [13, 31], "uv_size": [1, 1]},
								"up": {"uv": [31, 13], "uv_size": [1, 1]},
								"down": {"uv": [14, 32], "uv_size": [1, -1]}
							}
						},
						{
							"origin": [-0.12753, 9.62382, 1.98632],
							"size": [0.25, 0.25, 0.49728],
							"pivot": [-0.37753, 8.71539, 2.34054],
							"rotation": [-157.5, 0, 0],
							"uv": {
								"north": {"uv": [31, 14], "uv_size": [1, 1]},
								"east": {"uv": [15, 31], "uv_size": [1, 1]},
								"south": {"uv": [31, 15], "uv_size": [1, 1]},
								"west": {"uv": [16, 31], "uv_size": [1, 1]},
								"up": {"uv": [31, 16], "uv_size": [1, 1]},
								"down": {"uv": [17, 32], "uv_size": [1, -1]}
							}
						},
						{
							"origin": [-0.12753, 8.33416, 1.13474],
							"size": [0.25, 0.49728, 0.25],
							"pivot": [-0.37753, 8.71539, 2.34054],
							"rotation": [135, 0, 0],
							"uv": {
								"north": {"uv": [31, 17], "uv_size": [1, 1]},
								"east": {"uv": [18, 31], "uv_size": [1, 1]},
								"south": {"uv": [31, 18], "uv_size": [1, 1]},
								"west": {"uv": [19, 31], "uv_size": [1, 1]},
								"up": {"uv": [31, 19], "uv_size": [1, 1]},
								"down": {"uv": [20, 32], "uv_size": [1, -1]}
							}
						}
					]
				},
				{
					"name": "Uusing_illuminated",
					"parent": "bullg2",
					"pivot": [-0.16743, 8.82508, 2.4403],
					"cubes": [
						{
							"origin": [-0.30866, 8.11508, 2.3403],
							"size": [0.28246, 0.1075, 0.2],
							"pivot": [-0.16743, 8.82508, 2.4403],
							"rotation": [0, 0, -45],
							"uv": {
								"north": {"uv": [31, 20], "uv_size": [1, 1]},
								"east": {"uv": [21, 31], "uv_size": [1, 1]},
								"south": {"uv": [31, 21], "uv_size": [1, 1]},
								"west": {"uv": [22, 31], "uv_size": [1, 1]},
								"up": {"uv": [31, 22], "uv_size": [1, 1]},
								"down": {"uv": [23, 32], "uv_size": [1, -1]}
							}
						},
						{
							"origin": [-0.30866, 8.11508, 2.3403],
							"size": [0.28246, 0.1075, 0.2],
							"pivot": [-0.16743, 8.82508, 2.4403],
							"rotation": [0, 0, -22.5],
							"uv": {
								"north": {"uv": [31, 23], "uv_size": [1, 1]},
								"east": {"uv": [24, 31], "uv_size": [1, 1]},
								"south": {"uv": [31, 24], "uv_size": [1, 1]},
								"west": {"uv": [25, 31], "uv_size": [1, 1]},
								"up": {"uv": [31, 25], "uv_size": [1, 1]},
								"down": {"uv": [26, 32], "uv_size": [1, -1]}
							}
						},
						{
							"origin": [-0.30866, 8.11508, 2.3403],
							"size": [0.28246, 0.1075, 0.2],
							"uv": {
								"north": {"uv": [31, 26], "uv_size": [1, 1]},
								"east": {"uv": [27, 31], "uv_size": [1, 1]},
								"south": {"uv": [31, 27], "uv_size": [1, 1]},
								"west": {"uv": [28, 31], "uv_size": [1, 1]},
								"up": {"uv": [31, 28], "uv_size": [1, 1]},
								"down": {"uv": [29, 32], "uv_size": [1, -1]}
							}
						},
						{
							"origin": [-0.30866, 8.11508, 2.3403],
							"size": [0.28246, 0.1075, 0.2],
							"pivot": [-0.16743, 8.82508, 2.4403],
							"rotation": [0, 0, 22.5],
							"uv": {
								"north": {"uv": [31, 29], "uv_size": [1, 1]},
								"east": {"uv": [30, 31], "uv_size": [1, 1]},
								"south": {"uv": [31, 30], "uv_size": [1, 1]},
								"west": {"uv": [31, 31], "uv_size": [1, 1]},
								"up": {"uv": [0, 32], "uv_size": [1, 1]},
								"down": {"uv": [32, 1], "uv_size": [1, -1]}
							}
						},
						{
							"origin": [-0.30866, 8.11508, 2.3403],
							"size": [0.28246, 0.1075, 0.2],
							"pivot": [-0.16743, 8.82508, 2.4403],
							"rotation": [0, 0, 45],
							"uv": {
								"north": {"uv": [1, 32], "uv_size": [1, 1]},
								"east": {"uv": [32, 1], "uv_size": [1, 1]},
								"south": {"uv": [2, 32], "uv_size": [1, 1]},
								"west": {"uv": [32, 2], "uv_size": [1, 1]},
								"up": {"uv": [3, 32], "uv_size": [1, 1]},
								"down": {"uv": [32, 4], "uv_size": [1, -1]}
							}
						},
						{
							"origin": [-0.87743, 8.68385, 2.3403],
							"size": [0.1075, 0.28246, 0.2],
							"pivot": [-0.16743, 8.82508, 2.4403],
							"rotation": [0, 0, -22.5],
							"uv": {
								"north": {"uv": [4, 32], "uv_size": [1, 1]},
								"east": {"uv": [32, 4], "uv_size": [1, 1]},
								"south": {"uv": [5, 32], "uv_size": [1, 1]},
								"west": {"uv": [32, 5], "uv_size": [1, 1]},
								"up": {"uv": [6, 32], "uv_size": [1, 1]},
								"down": {"uv": [32, 7], "uv_size": [1, -1]}
							}
						},
						{
							"origin": [-0.87743, 8.68385, 2.3403],
							"size": [0.1075, 0.28246, 0.2],
							"uv": {
								"north": {"uv": [7, 32], "uv_size": [1, 1]},
								"east": {"uv": [32, 7], "uv_size": [1, 1]},
								"south": {"uv": [8, 32], "uv_size": [1, 1]},
								"west": {"uv": [32, 8], "uv_size": [1, 1]},
								"up": {"uv": [9, 32], "uv_size": [1, 1]},
								"down": {"uv": [32, 10], "uv_size": [1, -1]}
							}
						},
						{
							"origin": [-0.87743, 8.68385, 2.3403],
							"size": [0.1075, 0.28246, 0.2],
							"pivot": [-0.16743, 8.82508, 2.4403],
							"rotation": [0, 0, 22.5],
							"uv": {
								"north": {"uv": [10, 32], "uv_size": [1, 1]},
								"east": {"uv": [32, 10], "uv_size": [1, 1]},
								"south": {"uv": [11, 32], "uv_size": [1, 1]},
								"west": {"uv": [32, 11], "uv_size": [1, 1]},
								"up": {"uv": [12, 32], "uv_size": [1, 1]},
								"down": {"uv": [32, 13], "uv_size": [1, -1]}
							}
						},
						{
							"origin": [-0.30866, 8.11508, 2.3403],
							"size": [0.28246, 0.1075, 0.2],
							"pivot": [-0.16743, 8.82508, 2.4403],
							"rotation": [0, 0, 135],
							"uv": {
								"north": {"uv": [13, 32], "uv_size": [1, 1]},
								"east": {"uv": [32, 13], "uv_size": [1, 1]},
								"south": {"uv": [14, 32], "uv_size": [1, 1]},
								"west": {"uv": [32, 14], "uv_size": [1, 1]},
								"up": {"uv": [15, 32], "uv_size": [1, 1]},
								"down": {"uv": [32, 16], "uv_size": [1, -1]}
							}
						},
						{
							"origin": [-0.30866, 8.11508, 2.3403],
							"size": [0.28246, 0.1075, 0.2],
							"pivot": [-0.16743, 8.82508, 2.4403],
							"rotation": [0, 0, 157.5],
							"uv": {
								"north": {"uv": [16, 32], "uv_size": [1, 1]},
								"east": {"uv": [32, 16], "uv_size": [1, 1]},
								"south": {"uv": [17, 32], "uv_size": [1, 1]},
								"west": {"uv": [32, 17], "uv_size": [1, 1]},
								"up": {"uv": [18, 32], "uv_size": [1, 1]},
								"down": {"uv": [32, 19], "uv_size": [1, -1]}
							}
						},
						{
							"origin": [-0.30866, 8.11508, 2.3403],
							"size": [0.28246, 0.1075, 0.2],
							"pivot": [-0.16743, 8.82508, 2.4403],
							"rotation": [0, 0, -180],
							"uv": {
								"north": {"uv": [19, 32], "uv_size": [1, 1]},
								"east": {"uv": [32, 19], "uv_size": [1, 1]},
								"south": {"uv": [20, 32], "uv_size": [1, 1]},
								"west": {"uv": [32, 20], "uv_size": [1, 1]},
								"up": {"uv": [21, 32], "uv_size": [1, 1]},
								"down": {"uv": [32, 22], "uv_size": [1, -1]}
							}
						},
						{
							"origin": [-0.30866, 8.11508, 2.3403],
							"size": [0.28246, 0.1075, 0.2],
							"pivot": [-0.16743, 8.82508, 2.4403],
							"rotation": [0, 0, -157.5],
							"uv": {
								"north": {"uv": [22, 32], "uv_size": [1, 1]},
								"east": {"uv": [32, 22], "uv_size": [1, 1]},
								"south": {"uv": [23, 32], "uv_size": [1, 1]},
								"west": {"uv": [32, 23], "uv_size": [1, 1]},
								"up": {"uv": [24, 32], "uv_size": [1, 1]},
								"down": {"uv": [32, 25], "uv_size": [1, -1]}
							}
						},
						{
							"origin": [-0.30866, 8.11508, 2.3403],
							"size": [0.28246, 0.1075, 0.2],
							"pivot": [-0.16743, 8.82508, 2.4403],
							"rotation": [0, 0, -135],
							"uv": {
								"north": {"uv": [25, 32], "uv_size": [1, 1]},
								"east": {"uv": [32, 25], "uv_size": [1, 1]},
								"south": {"uv": [26, 32], "uv_size": [1, 1]},
								"west": {"uv": [32, 26], "uv_size": [1, 1]},
								"up": {"uv": [27, 32], "uv_size": [1, 1]},
								"down": {"uv": [32, 28], "uv_size": [1, -1]}
							}
						},
						{
							"origin": [-0.87743, 8.68385, 2.3403],
							"size": [0.1075, 0.28246, 0.2],
							"pivot": [-0.16743, 8.82508, 2.4403],
							"rotation": [0, 0, 157.5],
							"uv": {
								"north": {"uv": [28, 32], "uv_size": [1, 1]},
								"east": {"uv": [32, 28], "uv_size": [1, 1]},
								"south": {"uv": [29, 32], "uv_size": [1, 1]},
								"west": {"uv": [32, 29], "uv_size": [1, 1]},
								"up": {"uv": [30, 32], "uv_size": [1, 1]},
								"down": {"uv": [32, 31], "uv_size": [1, -1]}
							}
						},
						{
							"origin": [-0.87743, 8.68385, 2.3403],
							"size": [0.1075, 0.28246, 0.2],
							"pivot": [-0.16743, 8.82508, 2.4403],
							"rotation": [0, 0, -180],
							"uv": {
								"north": {"uv": [31, 32], "uv_size": [1, 1]},
								"east": {"uv": [32, 31], "uv_size": [1, 1]},
								"south": {"uv": [32, 32], "uv_size": [1, 1]},
								"west": {"uv": [0, 33], "uv_size": [1, 1]},
								"up": {"uv": [33, 0], "uv_size": [1, 1]},
								"down": {"uv": [1, 34], "uv_size": [1, -1]}
							}
						},
						{
							"origin": [-0.87743, 8.68385, 2.3403],
							"size": [0.1075, 0.28246, 0.2],
							"pivot": [-0.16743, 8.82508, 2.4403],
							"rotation": [0, 0, -157.5],
							"uv": {
								"north": {"uv": [33, 1], "uv_size": [1, 1]},
								"east": {"uv": [2, 33], "uv_size": [1, 1]},
								"south": {"uv": [33, 2], "uv_size": [1, 1]},
								"west": {"uv": [3, 33], "uv_size": [1, 1]},
								"up": {"uv": [33, 3], "uv_size": [1, 1]},
								"down": {"uv": [4, 34], "uv_size": [1, -1]}
							}
						}
					]
				},
				{
					"name": "octagon2",
					"parent": "bullg2",
					"pivot": [-0.16483, 8.94909, -0.44877],
					"rotation": [0, 90, -22.5],
					"cubes": [
						{
							"origin": [-0.2715, 9.20277, -1.07806],
							"size": [0.25, 0.82843, 0.25],
							"pivot": [-0.16483, 9.70855, -1.05704],
							"rotation": [-45.43855, -7.05302, 7.10708],
							"uv": {
								"north": {"uv": [19, 34], "uv_size": [1, 1]},
								"east": {"uv": [34, 19], "uv_size": [1, 1]},
								"south": {"uv": [20, 34], "uv_size": [1, 1]},
								"west": {"uv": [34, 20], "uv_size": [1, 1]},
								"up": {"uv": [21, 34], "uv_size": [1, 1]},
								"down": {"uv": [34, 22], "uv_size": [1, -1]}
							}
						},
						{
							"origin": [-0.29155, 8.55023, 0.28762],
							"size": [0.25, 0.82843, 0.25],
							"pivot": [-0.16483, 9.10384, 0.40287],
							"rotation": [0, 10, 0],
							"uv": {
								"north": {"uv": [22, 34], "uv_size": [1, 1]},
								"east": {"uv": [34, 22], "uv_size": [1, 1]},
								"south": {"uv": [23, 34], "uv_size": [1, 1]},
								"west": {"uv": [34, 23], "uv_size": [1, 1]},
								"up": {"uv": [24, 34], "uv_size": [1, 1]},
								"down": {"uv": [34, 25], "uv_size": [1, -1]}
							}
						},
						{
							"origin": [-0.27393, 9.49338, -0.15625],
							"size": [0.25, 0.25, 0.82843],
							"pivot": [-0.16483, 9.70855, 0.15239],
							"rotation": [-44.56145, 7.05302, 7.10708],
							"uv": {
								"north": {"uv": [25, 34], "uv_size": [1, 1]},
								"east": {"uv": [34, 25], "uv_size": [1, 1]},
								"south": {"uv": [26, 34], "uv_size": [1, 1]},
								"west": {"uv": [34, 26], "uv_size": [1, 1]},
								"up": {"uv": [27, 34], "uv_size": [1, 1]},
								"down": {"uv": [34, 28], "uv_size": [1, -1]}
							}
						},
						{
							"origin": [-0.26562, 9.69675, -0.85663],
							"size": [0.25, 0.25, 0.82843],
							"pivot": [-0.16483, 9.95903, -0.45233],
							"rotation": [0, 0, 10],
							"uv": {
								"north": {"uv": [28, 34], "uv_size": [1, 1]},
								"east": {"uv": [34, 28], "uv_size": [1, 1]},
								"south": {"uv": [29, 34], "uv_size": [1, 1]},
								"west": {"uv": [34, 29], "uv_size": [1, 1]},
								"up": {"uv": [30, 34], "uv_size": [1, 1]},
								"down": {"uv": [34, 31], "uv_size": [1, -1]}
							}
						},
						{
							"origin": [-0.41954, 7.71819, -1.53946],
							"size": [0.25, 0.82843, 0.25],
							"pivot": [-0.16483, 8.55699, -0.67884],
							"rotation": [134.56145, 7.05302, -7.10708],
							"uv": {
								"north": {"uv": [31, 34], "uv_size": [1, 1]},
								"east": {"uv": [34, 31], "uv_size": [1, 1]},
								"south": {"uv": [32, 34], "uv_size": [1, 1]},
								"west": {"uv": [34, 32], "uv_size": [1, 1]},
								"up": {"uv": [33, 34], "uv_size": [1, 1]},
								"down": {"uv": [34, 34], "uv_size": [1, -1]}
							}
						},
						{
							"origin": [-0.39949, 7.76602, -0.18195],
							"size": [0.25, 0.82843, 0.25],
							"pivot": [-0.16483, 8.55699, -0.67884],
							"rotation": [-180, -10, 0],
							"uv": {
								"north": {"uv": [34, 34], "uv_size": [1, 1]},
								"east": {"uv": [0, 35], "uv_size": [1, 1]},
								"south": {"uv": [35, 0], "uv_size": [1, 1]},
								"west": {"uv": [1, 35], "uv_size": [1, 1]},
								"up": {"uv": [35, 1], "uv_size": [1, 1]},
								"down": {"uv": [2, 36], "uv_size": [1, -1]}
							}
						},
						{
							"origin": [-0.3646, 8.85605, -0.98483],
							"size": [0.25, 0.25, 0.82843],
							"pivot": [-0.16483, 8.55699, -0.67884],
							"rotation": [135.43855, -7.05302, -7.10708],
							"uv": {
								"north": {"uv": [35, 2], "uv_size": [1, 1]},
								"east": {"uv": [3, 35], "uv_size": [1, 1]},
								"south": {"uv": [35, 3], "uv_size": [1, 1]},
								"west": {"uv": [4, 35], "uv_size": [1, 1]},
								"up": {"uv": [35, 4], "uv_size": [1, 1]},
								"down": {"uv": [5, 36], "uv_size": [1, -1]}
							}
						},
						{
							"origin": [-0.37291, 8.90316, -1.31676],
							"size": [0.25, 0.25, 0.82843],
							"pivot": [-0.16483, 8.55699, -0.67884],
							"rotation": [180, 0, -10],
							"uv": {
								"north": {"uv": [35, 5], "uv_size": [1, 1]},
								"east": {"uv": [6, 35], "uv_size": [1, 1]},
								"south": {"uv": [35, 6], "uv_size": [1, 1]},
								"west": {"uv": [7, 35], "uv_size": [1, 1]},
								"up": {"uv": [35, 7], "uv_size": [1, 1]},
								"down": {"uv": [8, 36], "uv_size": [1, -1]}
							}
						}
					]
				},
				{
					"name": "octagon8",
					"parent": "bullg2",
					"pivot": [-0.16483, 8.9657, 0.80887],
					"rotation": [0, 90, -22.5],
					"cubes": [
						{
							"origin": [-1.32108, 8.59933, -0.09546],
							"size": [2.3125, 0.82843, 2],
							"pivot": [-1.07108, 9.10511, 0.79896],
							"rotation": [-45, 0, 0],
							"uv": {
								"north": {"uv": [28, 17], "uv_size": [2, 1]},
								"east": {"uv": [28, 18], "uv_size": [2, 1]},
								"south": {"uv": [28, 19], "uv_size": [2, 1]},
								"west": {"uv": [28, 20], "uv_size": [2, 1]},
								"up": {"uv": [19, 19], "uv_size": [2, 2]},
								"down": {"uv": [20, 2], "uv_size": [2, -2]}
							}
						},
						{
							"origin": [-1.32108, 8.5515, -0.19113],
							"size": [2.3125, 0.82843, 2],
							"uv": {
								"north": {"uv": [28, 21], "uv_size": [2, 1]},
								"east": {"uv": [28, 22], "uv_size": [2, 1]},
								"south": {"uv": [23, 28], "uv_size": [2, 1]},
								"west": {"uv": [28, 24], "uv_size": [2, 1]},
								"up": {"uv": [20, 2], "uv_size": [2, 2]},
								"down": {"uv": [20, 6], "uv_size": [2, -2]}
							}
						},
						{
							"origin": [-1.32108, 8.01354, 0.49033],
							"size": [2.3125, 2, 0.82843],
							"pivot": [-1.07108, 9.10511, 0.79896],
							"rotation": [-45, 0, 0],
							"uv": {
								"north": {"uv": [20, 6], "uv_size": [2, 2]},
								"east": {"uv": [16, 28], "uv_size": [1, 2]},
								"south": {"uv": [20, 8], "uv_size": [2, 2]},
								"west": {"uv": [26, 28], "uv_size": [1, 2]},
								"up": {"uv": [28, 25], "uv_size": [2, 1]},
								"down": {"uv": [27, 29], "uv_size": [2, -1]}
							}
						},
						{
							"origin": [-1.32108, 7.96571, 0.39466],
							"size": [2.3125, 2, 0.82843],
							"uv": {
								"north": {"uv": [20, 10], "uv_size": [2, 2]},
								"east": {"uv": [0, 29], "uv_size": [1, 2]},
								"south": {"uv": [20, 12], "uv_size": [2, 2]},
								"west": {"uv": [29, 0], "uv_size": [1, 2]},
								"up": {"uv": [29, 2], "uv_size": [2, 1]},
								"down": {"uv": [3, 30], "uv_size": [2, -1]}
							}
						}
					]
				}
			]
		}
	]
}