{
	"format_version": "1.12.0",
	"minecraft:geometry": [
		{
			"description": {
				"identifier": "geometry.unknown",
				"texture_width": 64,
				"texture_height": 64,
				"visible_bounds_width": 3,
				"visible_bounds_height": 3,
				"visible_bounds_offset": [0, 0.5, 0]
			},
			"bones": [
				{
					"name": "bone",
					"pivot": [0, 0, 0],
					"rotation": [0, 67.5, 0]
				},
				{
					"name": "thirdperson_hand",
					"parent": "bone",
					"pivot": [0, 0.84699, -2.31485],
					"rotation": [0, 90, 0]
				},
				{
					"name": "ground",
					"parent": "bone",
					"pivot": [0.5, -6.27801, 0.43515]
				},
				{
					"name": "fixed",
					"parent": "bone",
					"pivot": [0, 0.84699, -3.06485],
					"rotation": [-180, 0, 180]
				},
				{
					"name": "magazine",
					"parent": "bone",
					"pivot": [7.72137, -1.85349, -0.68515],
					"cubes": [
						{
							"origin": [1.33789, 2.57177, -2.81015],
							"size": [6, 2.9375, 0.25],
							"pivot": [4.33789, -3.42823, -0.68515],
							"rotation": [0, 0, -45],
							"uv": {
								"north": {"uv": [22, 35], "uv_size": [6, 3]},
								"east": {"uv": [31, 50], "uv_size": [0.25, 3]},
								"south": {"uv": [35, 34], "uv_size": [6, 3]},
								"west": {"uv": [32, 50], "uv_size": [0.25, 3]},
								"up": {"uv": [34, 48], "uv_size": [6, 0.25]},
								"down": {"uv": [48, 34.25], "uv_size": [6, -0.25]}
							}
						},
						{
							"origin": [1.33789, 2.57177, 1.18985],
							"size": [6, 2.9375, 0.25],
							"pivot": [4.33789, -3.42823, -0.68515],
							"rotation": [0, 0, -45],
							"uv": {
								"north": {"uv": [0, 36], "uv_size": [6, 3]},
								"east": {"uv": [35, 50], "uv_size": [0.25, 3]},
								"south": {"uv": [6, 36], "uv_size": [6, 3]},
								"west": {"uv": [36, 50], "uv_size": [0.25, 3]},
								"up": {"uv": [48, 35], "uv_size": [6, 0.25]},
								"down": {"uv": [48, 36.25], "uv_size": [6, -0.25]}
							}
						},
						{
							"origin": [1.33789, 5.50927, -2.81015],
							"size": [6, 0.0625, 4.25],
							"pivot": [4.33789, -3.42823, -0.68515],
							"rotation": [0, 0, -45],
							"uv": {
								"north": {"uv": [48, 37], "uv_size": [6, 0.25]},
								"east": {"uv": [49, 43], "uv_size": [4.25, 0.25]},
								"south": {"uv": [48, 38], "uv_size": [6, 0.25]},
								"west": {"uv": [19, 50], "uv_size": [4.25, 0.25]},
								"up": {"uv": [28, 5], "uv_size": [6, 4.25]},
								"down": {"uv": [29, 14.25], "uv_size": [6, -4.25]}
							}
						},
						{
							"origin": [1.33789, -0.42823, -2.81015],
							"size": [6, 3, 4.25],
							"pivot": [4.33789, -3.42823, -0.68515],
							"rotation": [0, 0, -45],
							"uv": {
								"north": {"uv": [37, 20], "uv_size": [6, 3]},
								"east": {"uv": [37, 31], "uv_size": [4.25, 3]},
								"south": {"uv": [37, 23], "uv_size": [6, 3]},
								"west": {"uv": [16, 39], "uv_size": [4.25, 3]},
								"up": {"uv": [29, 15], "uv_size": [6, 4.25]},
								"down": {"uv": [17, 33.25], "uv_size": [6, -4.25]}
							}
						},
						{
							"origin": [2.0783, 2.79006, -2.24765],
							"size": [0.0625, 0.3125, 3.125],
							"pivot": [2.10955, 2.84766, -0.68515],
							"rotation": [0, 0, -60],
							"uv": {
								"north": {"uv": [53, 44], "uv_size": [0.25, 0.25]},
								"east": {"uv": [50, 25], "uv_size": [3.25, 0.25]},
								"south": {"uv": [45, 53], "uv_size": [0.25, 0.25]},
								"west": {"uv": [27, 50], "uv_size": [3.25, 0.25]},
								"up": {"uv": [16, 50], "uv_size": [0.25, 3.25]},
								"down": {"uv": [24, 53.25], "uv_size": [0.25, -3.25]}
							}
						},
						{
							"origin": [2.0783, 3.63276, -2.10976],
							"size": [0.0625, 0.5, 0.5],
							"pivot": [2.10955, 2.84766, -0.68515],
							"rotation": [45, 0, -60],
							"uv": {
								"north": {"uv": [0, 53], "uv_size": [0.25, 0.5]},
								"east": {"uv": [51, 49], "uv_size": [0.5, 0.5]},
								"south": {"uv": [1, 53], "uv_size": [0.25, 0.5]},
								"west": {"uv": [50, 51], "uv_size": [0.5, 0.5]},
								"up": {"uv": [2, 53], "uv_size": [0.25, 0.5]},
								"down": {"uv": [3, 53.5], "uv_size": [0.25, -0.5]}
							}
						},
						{
							"origin": [2.0783, 1.42305, 0.09995],
							"size": [0.0625, 0.5, 0.5],
							"pivot": [2.10955, 2.84766, -0.68515],
							"rotation": [45, 0, -60],
							"uv": {
								"north": {"uv": [53, 3], "uv_size": [0.25, 0.5]},
								"east": {"uv": [51, 50], "uv_size": [0.5, 0.5]},
								"south": {"uv": [4, 53], "uv_size": [0.25, 0.5]},
								"west": {"uv": [51, 51], "uv_size": [0.5, 0.5]},
								"up": {"uv": [53, 4], "uv_size": [0.25, 0.5]},
								"down": {"uv": [5, 53.5], "uv_size": [0.25, -0.5]}
							}
						},
						{
							"origin": [-2.66211, 0.63427, -2.43515],
							"size": [6.5, 4.9375, 3.5],
							"pivot": [2.33789, -3.42823, -0.68515],
							"rotation": [0, 0, -45],
							"uv": {
								"north": {"uv": [17, 24], "uv_size": [6.5, 5]},
								"east": {"uv": [37, 26], "uv_size": [3.5, 5]},
								"south": {"uv": [24, 21], "uv_size": [6.5, 5]},
								"west": {"uv": [35, 37], "uv_size": [3.5, 5]},
								"up": {"uv": [30, 26], "uv_size": [6.5, 3.5]},
								"down": {"uv": [30, 33.5], "uv_size": [6.5, -3.5]}
							}
						},
						{
							"origin": [-7.73477, -0.07699, -2.43515],
							"size": [5.32449, 3.72825, 3.5],
							"pivot": [-4.66028, 0.65125, -0.68515],
							"rotation": [0, 0, -10],
							"uv": {
								"north": {"uv": [29, 34], "uv_size": [5.25, 3.75]},
								"east": {"uv": [0, 39], "uv_size": [3.5, 3.75]},
								"south": {"uv": [35, 8], "uv_size": [5.25, 3.75]},
								"west": {"uv": [4, 39], "uv_size": [3.5, 3.75]},
								"up": {"uv": [35, 12], "uv_size": [5.25, 3.5]},
								"down": {"uv": [35, 19.5], "uv_size": [5.25, -3.5]}
							}
						},
						{
							"origin": [-6.28588, 11.99138, -1.43515],
							"size": [2.07449, 3.72825, 1.5],
							"pivot": [-4.90348, 11.4896, -0.68515],
							"rotation": [0, 0, 35],
							"uv": {
								"north": {"uv": [22, 42], "uv_size": [2, 3.75]},
								"east": {"uv": [43, 6], "uv_size": [1.5, 3.75]},
								"south": {"uv": [24, 42], "uv_size": [2, 3.75]},
								"west": {"uv": [43, 10], "uv_size": [1.5, 3.75]},
								"up": {"uv": [35, 24], "uv_size": [2, 1.5]},
								"down": {"uv": [41, 19.5], "uv_size": [2, -1.5]}
							}
						},
						{
							"origin": [-6.28588, 12.05388, -1.62265],
							"size": [1.32449, 3.41575, 1.875],
							"pivot": [-4.90348, 11.4896, -0.68515],
							"rotation": [0, 0, 35],
							"uv": {
								"north": {"uv": [10, 45], "uv_size": [1.25, 3.5]},
								"east": {"uv": [30, 42], "uv_size": [2, 3.5]},
								"south": {"uv": [45, 28], "uv_size": [1.25, 3.5]},
								"west": {"uv": [34, 42], "uv_size": [2, 3.5]},
								"up": {"uv": [47, 5], "uv_size": [1.25, 2]},
								"down": {"uv": [47, 9], "uv_size": [1.25, -2]}
							}
						},
						{
							"origin": [-5.77019, 8.91238, -1.6539],
							"size": [1.32449, 3.41575, 1.9375],
							"pivot": [-4.38779, 12.34809, -0.68515],
							"rotation": [0, 0, 17.5],
							"uv": {
								"north": {"uv": [45, 32], "uv_size": [1.25, 3.5]},
								"east": {"uv": [36, 42], "uv_size": [2, 3.5]},
								"south": {"uv": [45, 36], "uv_size": [1.25, 3.5]},
								"west": {"uv": [0, 43], "uv_size": [2, 3.5]},
								"up": {"uv": [47, 9], "uv_size": [1.25, 2]},
								"down": {"uv": [47, 44], "uv_size": [1.25, -2]}
							}
						},
						{
							"origin": [-6.28588, 11.99138, -1.43515],
							"size": [2.07449, 3.72825, 1.5],
							"pivot": [-4.90348, 11.4896, -0.68515],
							"rotation": [0, 0, 35],
							"uv": {
								"north": {"uv": [26, 42], "uv_size": [2, 3.75]},
								"east": {"uv": [43, 14], "uv_size": [1.5, 3.75]},
								"south": {"uv": [28, 42], "uv_size": [2, 3.75]},
								"west": {"uv": [43, 18], "uv_size": [1.5, 3.75]},
								"up": {"uv": [26, 46], "uv_size": [2, 1.5]},
								"down": {"uv": [28, 47.5], "uv_size": [2, -1.5]}
							}
						},
						{
							"origin": [-6.7704, 12.43271, -1.43515],
							"size": [0.51199, 2.97825, 1.5],
							"pivot": [-4.90348, 11.4896, -0.68515],
							"rotation": [0, 0, 35],
							"uv": {
								"north": {"uv": [29, 31], "uv_size": [0.5, 3]},
								"east": {"uv": [38, 43], "uv_size": [1.5, 3]},
								"south": {"uv": [28, 35], "uv_size": [0.5, 3]},
								"west": {"uv": [45, 3], "uv_size": [1.5, 3]},
								"up": {"uv": [37, 50], "uv_size": [0.5, 1.5]},
								"down": {"uv": [38, 51.5], "uv_size": [0.5, -1.5]}
							}
						},
						{
							"origin": [-6.7704, 12.43271, -1.43515],
							"size": [0.51199, 2.97825, 1.5],
							"pivot": [-4.90348, 11.4896, -0.68515],
							"rotation": [0, 0, 35],
							"uv": {
								"north": {"uv": [34, 38], "uv_size": [0.5, 3]},
								"east": {"uv": [45, 6], "uv_size": [1.5, 3]},
								"south": {"uv": [21, 39], "uv_size": [0.5, 3]},
								"west": {"uv": [45, 9], "uv_size": [1.5, 3]},
								"up": {"uv": [39, 50], "uv_size": [0.5, 1.5]},
								"down": {"uv": [50, 40.5], "uv_size": [0.5, -1.5]}
							}
						},
						{
							"origin": [-6.4477, 7.41386, -1.43515],
							"size": [1.88699, 5.447, 1.5],
							"pivot": [-4.90348, 11.4896, -0.68515],
							"rotation": [0, 0, 20],
							"uv": {
								"north": {"uv": [10, 39], "uv_size": [2, 5.5]},
								"east": {"uv": [18, 42], "uv_size": [1.5, 5.5]},
								"south": {"uv": [39, 37], "uv_size": [2, 5.5]},
								"west": {"uv": [20, 42], "uv_size": [1.5, 5.5]},
								"up": {"uv": [30, 46], "uv_size": [2, 1.5]},
								"down": {"uv": [32, 47.5], "uv_size": [2, -1.5]}
							}
						},
						{
							"origin": [-4.37107, 14.82169, -1.43515],
							"size": [0.57449, 0.97825, 1.5],
							"pivot": [-4.90348, 11.4896, -0.68515],
							"rotation": [0, 0, 2.5],
							"uv": {
								"north": {"uv": [5, 51], "uv_size": [0.5, 1]},
								"east": {"uv": [29, 20], "uv_size": [1.5, 1]},
								"south": {"uv": [6, 51], "uv_size": [0.5, 1]},
								"west": {"uv": [48, 39], "uv_size": [1.5, 1]},
								"up": {"uv": [40, 50], "uv_size": [0.5, 1.5]},
								"down": {"uv": [50, 42.5], "uv_size": [0.5, -1.5]}
							}
						},
						{
							"origin": [-4.85841, 7.71249, -1.43515],
							"size": [1.88699, 7.60325, 1.5],
							"pivot": [-4.90348, 11.4896, -0.68515],
							"rotation": [0, 0, 17.5],
							"uv": {
								"north": {"uv": [12, 38], "uv_size": [2, 7.5]},
								"east": {"uv": [32, 38], "uv_size": [1.5, 7.5]},
								"south": {"uv": [14, 38], "uv_size": [2, 7.5]},
								"west": {"uv": [8, 39], "uv_size": [1.5, 7.5]},
								"up": {"uv": [34, 46], "uv_size": [2, 1.5]},
								"down": {"uv": [36, 47.5], "uv_size": [2, -1.5]}
							}
						},
						{
							"origin": [-7.29115, 7.43044, -1.43515],
							"size": [3.62136, 0.41575, 1.5],
							"pivot": [-4.90348, 11.4896, -0.68515],
							"rotation": [0, 0, 7.5],
							"uv": {
								"north": {"uv": [48, 26], "uv_size": [3.5, 0.5]},
								"east": {"uv": [50, 47], "uv_size": [1.5, 0.5]},
								"south": {"uv": [27, 48], "uv_size": [3.5, 0.5]},
								"west": {"uv": [50, 48], "uv_size": [1.5, 0.5]},
								"up": {"uv": [31, 24], "uv_size": [3.5, 1.5]},
								"down": {"uv": [43, 43.5], "uv_size": [3.5, -1.5]}
							}
						},
						{
							"origin": [-8.15767, 7.47673, -1.18515],
							"size": [0.87136, 0.41575, 1],
							"pivot": [-7.47199, 6.9346, -0.68515],
							"rotation": [0, 0, 47.5],
							"uv": {
								"north": {"uv": [11, 51], "uv_size": [0.75, 0.5]},
								"east": {"uv": [51, 6], "uv_size": [1, 0.5]},
								"south": {"uv": [23, 51], "uv_size": [0.75, 0.5]},
								"west": {"uv": [51, 7], "uv_size": [1, 0.5]},
								"up": {"uv": [22, 34], "uv_size": [0.75, 1]},
								"down": {"uv": [16, 39], "uv_size": [0.75, -1]}
							}
						},
						{
							"origin": [-5.06334, 7.03767, -1.18515],
							"size": [0.87136, 0.41575, 1],
							"pivot": [-4.81515, 6.99555, -0.68515],
							"rotation": [0, 0, -40],
							"uv": {
								"north": {"uv": [51, 30], "uv_size": [0.75, 0.5]},
								"east": {"uv": [51, 8], "uv_size": [1, 0.5]},
								"south": {"uv": [51, 31], "uv_size": [0.75, 0.5]},
								"west": {"uv": [10, 51], "uv_size": [1, 0.5]},
								"up": {"uv": [34, 41], "uv_size": [0.75, 1]},
								"down": {"uv": [38, 43], "uv_size": [0.75, -1]}
							}
						},
						{
							"origin": [-6.90571, 7.22592, -0.38827],
							"size": [2.04324, 0.35325, 0.25],
							"pivot": [-5.88409, 7.32442, -0.06015],
							"rotation": [-45, 0, 7.5],
							"uv": {
								"north": {"uv": [14, 51], "uv_size": [2, 0.25]},
								"east": {"uv": [46, 53], "uv_size": [0.25, 0.25]},
								"south": {"uv": [19, 51], "uv_size": [2, 0.25]},
								"west": {"uv": [47, 53], "uv_size": [0.25, 0.25]},
								"up": {"uv": [21, 51], "uv_size": [2, 0.25]},
								"down": {"uv": [27, 51.25], "uv_size": [2, -0.25]}
							}
						},
						{
							"origin": [-6.90571, 6.49155, -1.16952],
							"size": [2.04324, 0.35325, 0.28125],
							"pivot": [-5.88409, 7.32442, -0.06015],
							"rotation": [-45, 0, 7.5],
							"uv": {
								"north": {"uv": [51, 27], "uv_size": [2, 0.25]},
								"east": {"uv": [53, 47], "uv_size": [0.25, 0.25]},
								"south": {"uv": [51, 28], "uv_size": [2, 0.25]},
								"west": {"uv": [48, 53], "uv_size": [0.25, 0.25]},
								"up": {"uv": [29, 51], "uv_size": [2, 0.25]},
								"down": {"uv": [51, 29.25], "uv_size": [2, -0.25]}
							}
						},
						{
							"origin": [-6.8494, 2.81897, -1.24765],
							"size": [2.07449, 4.72825, 1.125],
							"pivot": [-6.43715, 5.6831, -0.68515],
							"rotation": [0, 0, -2.5],
							"uv": {
								"north": {"uv": [41, 26], "uv_size": [2, 4.75]},
								"east": {"uv": [4, 43], "uv_size": [1.25, 4.75]},
								"south": {"uv": [41, 34], "uv_size": [2, 4.75]},
								"west": {"uv": [6, 43], "uv_size": [1.25, 4.75]},
								"up": {"uv": [45, 47], "uv_size": [2, 1.25]},
								"down": {"uv": [47, 48.25], "uv_size": [2, -1.25]}
							}
						},
						{
							"origin": [-5.3494, 3.06897, -1.2164],
							"size": [0.32449, 1.60325, 1.0625],
							"pivot": [-6.43715, 5.6831, -0.68515],
							"rotation": [0, 0, -15],
							"uv": {
								"north": {"uv": [51, 32], "uv_size": [0.25, 1.5]},
								"east": {"uv": [28, 10], "uv_size": [1, 1.5]},
								"south": {"uv": [51, 39], "uv_size": [0.25, 1.5]},
								"west": {"uv": [23, 29], "uv_size": [1, 1.5]},
								"up": {"uv": [5, 52], "uv_size": [0.25, 1]},
								"down": {"uv": [6, 53], "uv_size": [0.25, -1]}
							}
						},
						{
							"origin": [-7.919, 3.24913, -0.6595],
							"size": [3.19949, 0.72825, 1.125],
							"pivot": [-5.72551, 3.67575, -0.097],
							"rotation": [-44.97272, -1.76749, -9.76833],
							"uv": {
								"north": {"uv": [4, 48], "uv_size": [3.25, 0.75]},
								"east": {"uv": [5, 50], "uv_size": [1.25, 0.75]},
								"south": {"uv": [48, 12], "uv_size": [3.25, 0.75]},
								"west": {"uv": [10, 50], "uv_size": [1.25, 0.75]},
								"up": {"uv": [45, 40], "uv_size": [3.25, 1.25]},
								"down": {"uv": [44, 46.25], "uv_size": [3.25, -1.25]}
							}
						},
						{
							"origin": [-7.94201, 2.82686, -2.14198],
							"size": [3.19949, 0.72825, 1.125],
							"pivot": [-6.06101, 3.62848, -1.82948],
							"rotation": [44.94659, -0.35557, -11.88819],
							"uv": {
								"north": {"uv": [48, 13], "uv_size": [3.25, 0.75]},
								"east": {"uv": [14, 50], "uv_size": [1.25, 0.75]},
								"south": {"uv": [48, 14], "uv_size": [3.25, 0.75]},
								"west": {"uv": [50, 22], "uv_size": [1.25, 0.75]},
								"up": {"uv": [12, 46], "uv_size": [3.25, 1.25]},
								"down": {"uv": [22, 47.25], "uv_size": [3.25, -1.25]}
							}
						},
						{
							"origin": [-7.60081, 2.89066, -1.24765],
							"size": [1.84855, 5.20604, 1.125],
							"pivot": [-7.28951, 5.14541, -0.68515],
							"rotation": [0, 0, 16],
							"uv": {
								"north": {"uv": [41, 39], "uv_size": [1.75, 5.25]},
								"east": {"uv": [43, 0], "uv_size": [1.25, 5.25]},
								"south": {"uv": [16, 42], "uv_size": [1.75, 5.25]},
								"west": {"uv": [2, 43], "uv_size": [1.25, 5.25]},
								"up": {"uv": [48, 22], "uv_size": [1.75, 1.25]},
								"down": {"uv": [48, 25.25], "uv_size": [1.75, -1.25]}
							}
						},
						{
							"origin": [1.33789, -4.93559, -2.56015],
							"size": [6, 11.25, 3.75],
							"pivot": [4.33789, -2.18559, -0.68515],
							"rotation": [0, 0, -90],
							"uv": {
								"north": {"uv": [6, 12], "uv_size": [6, 11.25]},
								"east": {"uv": [4, 24], "uv_size": [3.75, 11.25]},
								"south": {"uv": [12, 12], "uv_size": [6, 11.25]},
								"west": {"uv": [8, 24], "uv_size": [3.75, 11.25]},
								"up": {"uv": [31, 20], "uv_size": [6, 3.75]},
								"down": {"uv": [23, 34.75], "uv_size": [6, -3.75]}
							}
						},
						{
							"origin": [6.91118, 0.38766, -2.56015],
							"size": [0.3535, 0.3535, 3.75],
							"pivot": [7.08793, 0.56441, -0.68515],
							"rotation": [0, 0, -45],
							"uv": {
								"north": {"uv": [53, 48], "uv_size": [0.25, 0.25]},
								"east": {"uv": [50, 23], "uv_size": [3.75, 0.25]},
								"south": {"uv": [49, 53], "uv_size": [0.25, 0.25]},
								"west": {"uv": [50, 24], "uv_size": [3.75, 0.25]},
								"up": {"uv": [7, 50], "uv_size": [0.25, 3.75]},
								"down": {"uv": [12, 53.75], "uv_size": [0.25, -3.75]}
							}
						},
						{
							"origin": [1.33789, -5.18559, -2.56015],
							"size": [5.75, 11.5, 3.75],
							"pivot": [4.33789, -2.18559, -0.68515],
							"rotation": [0, 0, -90],
							"uv": {
								"north": {"uv": [18, 0], "uv_size": [5.75, 11.5]},
								"east": {"uv": [0, 24], "uv_size": [3.75, 11.5]},
								"south": {"uv": [18, 12], "uv_size": [5.75, 11.5]},
								"west": {"uv": [24, 0], "uv_size": [3.75, 11.5]},
								"up": {"uv": [34, 0], "uv_size": [5.75, 3.75]},
								"down": {"uv": [34, 7.75], "uv_size": [5.75, -3.75]}
							}
						},
						{
							"origin": [1.33789, -4.43559, -2.93515],
							"size": [5.75, 0.5, 4.5],
							"pivot": [4.33789, -2.18559, -0.68515],
							"rotation": [0, 0, -90],
							"uv": {
								"north": {"uv": [47, 3], "uv_size": [5.75, 0.5]},
								"east": {"uv": [48, 19], "uv_size": [4.5, 0.5]},
								"south": {"uv": [47, 4], "uv_size": [5.75, 0.5]},
								"west": {"uv": [48, 20], "uv_size": [4.5, 0.5]},
								"up": {"uv": [24, 26], "uv_size": [5.75, 4.5]},
								"down": {"uv": [28, 4.5], "uv_size": [5.75, -4.5]}
							}
						},
						{
							"origin": [1.33789, -3.43559, -2.93515],
							"size": [4.75, 0.5, 4.5],
							"pivot": [4.33789, -2.18559, -0.68515],
							"rotation": [0, 0, -90],
							"uv": {
								"north": {"uv": [48, 15], "uv_size": [4.75, 0.5]},
								"east": {"uv": [48, 21], "uv_size": [4.5, 0.5]},
								"south": {"uv": [48, 16], "uv_size": [4.75, 0.5]},
								"west": {"uv": [22, 48], "uv_size": [4.5, 0.5]},
								"up": {"uv": [12, 33], "uv_size": [4.75, 4.5]},
								"down": {"uv": [17, 38.5], "uv_size": [4.75, -4.5]}
							}
						},
						{
							"origin": [1.33789, -5.18559, 1.18985],
							"size": [6, 11.5, 0.25],
							"pivot": [4.33789, -2.18559, -0.68515],
							"rotation": [0, 0, -90],
							"uv": {
								"north": {"uv": [0, 0], "uv_size": [6, 11.5]},
								"east": {"uv": [8, 47], "uv_size": [0.25, 11.5]},
								"south": {"uv": [6, 0], "uv_size": [6, 11.5]},
								"west": {"uv": [9, 47], "uv_size": [0.25, 11.5]},
								"up": {"uv": [48, 45], "uv_size": [6, 0.25]},
								"down": {"uv": [48, 46.25], "uv_size": [6, -0.25]}
							}
						},
						{
							"origin": [1.33789, -5.18559, -2.81015],
							"size": [6, 11.5, 0.25],
							"pivot": [4.33789, -2.18559, -0.68515],
							"rotation": [0, 0, -90],
							"uv": {
								"north": {"uv": [0, 12], "uv_size": [6, 11.5]},
								"east": {"uv": [47, 28], "uv_size": [0.25, 11.5]},
								"south": {"uv": [12, 0], "uv_size": [6, 11.5]},
								"west": {"uv": [44, 47], "uv_size": [0.25, 11.5]},
								"up": {"uv": [0, 49], "uv_size": [6, 0.25]},
								"down": {"uv": [49, 5.25], "uv_size": [6, -0.25]}
							}
						},
						{
							"origin": [-0.63966, -9.338, -2.79452],
							"size": [1.25, 8.1875, 4.21875],
							"pivot": [-0.01466, -5.2755, -0.68515],
							"rotation": [0, 0, -82.5],
							"uv": {
								"north": {"uv": [41, 0], "uv_size": [1.25, 8.25]},
								"east": {"uv": [12, 24], "uv_size": [4.25, 8.25]},
								"south": {"uv": [41, 9], "uv_size": [1.25, 8.25]},
								"west": {"uv": [24, 12], "uv_size": [4.25, 8.25]},
								"up": {"uv": [43, 22], "uv_size": [1.25, 4.25]},
								"down": {"uv": [43, 31.25], "uv_size": [1.25, -4.25]}
							}
						},
						{
							"origin": [4.72137, -0.35349, -2.81015],
							"size": [1.25, 3.625, 4.25],
							"pivot": [7.72137, -1.85349, -0.68515],
							"rotation": [0, 0, -110],
							"uv": {
								"north": {"uv": [40, 45], "uv_size": [1.25, 3.5]},
								"east": {"uv": [22, 38], "uv_size": [4.25, 3.5]},
								"south": {"uv": [42, 45], "uv_size": [1.25, 3.5]},
								"west": {"uv": [27, 38], "uv_size": [4.25, 3.5]},
								"up": {"uv": [43, 32], "uv_size": [1.25, 4.25]},
								"down": {"uv": [43, 41.25], "uv_size": [1.25, -4.25]}
							}
						}
					]
				},
				{
					"name": "l",
					"parent": "magazine",
					"pivot": [6.75, -2.40301, 0.68515]
				},
				{
					"name": "hok",
					"parent": "magazine",
					"pivot": [0.91016, 1.88699, -0.18515],
					"rotation": [0, 0, -2.5],
					"cubes": [
						{
							"origin": [-5.71041, 2.1937, -0.43515],
							"size": [9.39062, 0.25, 0.375],
							"pivot": [1.28959, 2.5687, -0.18515],
							"rotation": [0, 0, -60],
							"uv": {
								"north": {"uv": [48, 17], "uv_size": [9.5, 0.25]},
								"east": {"uv": [6, 53], "uv_size": [0.5, 0.25]},
								"south": {"uv": [48, 18], "uv_size": [9.5, 0.25]},
								"west": {"uv": [53, 6], "uv_size": [0.5, 0.25]},
								"up": {"uv": [45, 1], "uv_size": [9.5, 0.5]},
								"down": {"uv": [45, 2.5], "uv_size": [9.5, -0.5]}
							}
						},
						{
							"origin": [2.98714, 4.00415, -0.43515],
							"size": [0.65625, 0.25, 0.375],
							"pivot": [2.64339, 4.12915, -0.18515],
							"rotation": [0, 0, -82.5],
							"uv": {
								"north": {"uv": [27, 52], "uv_size": [0.75, 0.25]},
								"east": {"uv": [53, 7], "uv_size": [0.5, 0.25]},
								"south": {"uv": [28, 52], "uv_size": [0.75, 0.25]},
								"west": {"uv": [53, 8], "uv_size": [0.5, 0.25]},
								"up": {"uv": [51, 41], "uv_size": [0.75, 0.5]},
								"down": {"uv": [51, 42.5], "uv_size": [0.75, -0.5]}
							}
						},
						{
							"origin": [2.73154, 5.37425, -0.49765],
							"size": [0.1, 0.1, 0.5],
							"pivot": [2.86279, 5.07737, -0.24765],
							"rotation": [0, 0, -115],
							"uv": {
								"north": {"uv": [53, 51], "uv_size": [0.25, 0.25]},
								"east": {"uv": [53, 9], "uv_size": [0.5, 0.25]},
								"south": {"uv": [52, 53], "uv_size": [0.25, 0.25]},
								"west": {"uv": [10, 53], "uv_size": [0.5, 0.25]},
								"up": {"uv": [53, 10], "uv_size": [0.25, 0.5]},
								"down": {"uv": [11, 53.5], "uv_size": [0.25, -0.5]}
							}
						},
						{
							"origin": [-5.71041, 2.4437, -0.43515],
							"size": [10, 0.25, 0.375],
							"pivot": [1.28959, 2.5687, -0.18515],
							"rotation": [0, 0, -60],
							"uv": {
								"north": {"uv": [47, 11], "uv_size": [10, 0.25]},
								"east": {"uv": [53, 12], "uv_size": [0.5, 0.25]},
								"south": {"uv": [12, 48], "uv_size": [10, 0.25]},
								"west": {"uv": [13, 53], "uv_size": [0.5, 0.25]},
								"up": {"uv": [43, 44], "uv_size": [10, 0.5]},
								"down": {"uv": [45, 0.5], "uv_size": [10, -0.5]}
							}
						}
					]
				},
				{
					"name": "hok2",
					"parent": "hok",
					"pivot": [2.53331, 4.82622, -0.18515],
					"cubes": [
						{
							"origin": [1.75414, 5.35005, -0.21087],
							"size": [0.84375, 0.15625, -0.0625],
							"pivot": [2.08226, 5.47505, -0.24212],
							"rotation": [-1.91561, -1.60667, -162.47314],
							"uv": {
								"north": {"uv": [20, 52], "uv_size": [0.75, 0.25]},
								"east": {"uv": [53, 49], "uv_size": [0.25, 0.25]},
								"south": {"uv": [21, 52], "uv_size": [0.75, 0.25]},
								"west": {"uv": [50, 53], "uv_size": [0.25, 0.25]},
								"up": {"uv": [22, 52], "uv_size": [0.75, 0.25]},
								"down": {"uv": [52, 22.25], "uv_size": [0.75, -0.25]}
							}
						},
						{
							"origin": [2.11464, 5.01955, -0.2164],
							"size": [0.65625, 0.25, -0.0625],
							"pivot": [2.44277, 5.14455, -0.24765],
							"rotation": [-2.46207, 0.43399, -112.50933],
							"uv": {
								"north": {"uv": [23, 52], "uv_size": [0.75, 0.25]},
								"east": {"uv": [53, 50], "uv_size": [0.25, 0.25]},
								"south": {"uv": [25, 52], "uv_size": [0.75, 0.25]},
								"west": {"uv": [51, 53], "uv_size": [0.25, 0.25]},
								"up": {"uv": [26, 52], "uv_size": [0.75, 0.25]},
								"down": {"uv": [52, 26.25], "uv_size": [0.75, -0.25]}
							}
						}
					]
				},
				{
					"name": "bullm",
					"parent": "magazine",
					"pivot": [1.53853, 4.07177, -1.1477]
				},
				{
					"name": "hexadecagon3",
					"parent": "bullm",
					"pivot": [1.28853, 4.44677, 0.4523],
					"rotation": [0, -90, 10],
					"cubes": [
						{
							"origin": [0.81353, 4.27893, -0.86778],
							"size": [0.5, 0.49728, 2.5],
							"pivot": [1.06353, 4.57177, 0.5148],
							"rotation": [45, 0, 0],
							"uv": {
								"north": {"uv": [52, 6], "uv_size": [0.5, 0.5]},
								"east": {"uv": [49, 9], "uv_size": [2.5, 0.5]},
								"south": {"uv": [52, 7], "uv_size": [0.5, 0.5]},
								"west": {"uv": [10, 49], "uv_size": [2.5, 0.5]},
								"up": {"uv": [42, 31], "uv_size": [0.5, 2.5]},
								"down": {"uv": [13, 51.5], "uv_size": [0.5, -2.5]}
							}
						},
						{
							"origin": [0.81353, 4.23156, -0.84078],
							"size": [0.5, 0.49728, 2.5],
							"pivot": [1.06353, 4.57177, 0.5148],
							"rotation": [22.5, 0, 0],
							"uv": {
								"north": {"uv": [52, 8], "uv_size": [0.5, 0.5]},
								"east": {"uv": [49, 10], "uv_size": [2.5, 0.5]},
								"south": {"uv": [52, 9], "uv_size": [0.5, 0.5]},
								"west": {"uv": [14, 49], "uv_size": [2.5, 0.5]},
								"up": {"uv": [17, 49], "uv_size": [0.5, 2.5]},
								"down": {"uv": [18, 51.5], "uv_size": [0.5, -2.5]}
							}
						},
						{
							"origin": [0.81353, 4.19812, -0.7977],
							"size": [0.5, 0.49728, 2.5],
							"uv": {
								"north": {"uv": [10, 52], "uv_size": [0.5, 0.5]},
								"east": {"uv": [19, 49], "uv_size": [2.5, 0.5]},
								"south": {"uv": [52, 10], "uv_size": [0.5, 0.5]},
								"west": {"uv": [22, 49], "uv_size": [2.5, 0.5]},
								"up": {"uv": [25, 49], "uv_size": [0.5, 2.5]},
								"down": {"uv": [26, 51.5], "uv_size": [0.5, -2.5]}
							}
						},
						{
							"origin": [0.81353, 4.18372, -0.74511],
							"size": [0.5, 0.49728, 2.5],
							"pivot": [1.06353, 4.57177, 0.5148],
							"rotation": [-22.5, 0, 0],
							"uv": {
								"north": {"uv": [11, 52], "uv_size": [0.5, 0.5]},
								"east": {"uv": [27, 49], "uv_size": [2.5, 0.5]},
								"south": {"uv": [52, 12], "uv_size": [0.5, 0.5]},
								"west": {"uv": [30, 49], "uv_size": [2.5, 0.5]},
								"up": {"uv": [33, 49], "uv_size": [0.5, 2.5]},
								"down": {"uv": [34, 51.5], "uv_size": [0.5, -2.5]}
							}
						},
						{
							"origin": [0.81353, 4.19054, -0.69101],
							"size": [0.5, 0.49728, 2.5],
							"pivot": [1.06353, 4.57177, 0.5148],
							"rotation": [-45, 0, 0],
							"uv": {
								"north": {"uv": [13, 52], "uv_size": [0.5, 0.5]},
								"east": {"uv": [35, 49], "uv_size": [2.5, 0.5]},
								"south": {"uv": [52, 13], "uv_size": [0.5, 0.5]},
								"west": {"uv": [38, 49], "uv_size": [2.5, 0.5]},
								"up": {"uv": [49, 40], "uv_size": [0.5, 2.5]},
								"down": {"uv": [41, 51.5], "uv_size": [0.5, -2.5]}
							}
						},
						{
							"origin": [0.81353, 3.2302, 0.16058],
							"size": [0.5, 2.5, 0.49728],
							"pivot": [1.06353, 4.57177, 0.5148],
							"rotation": [22.5, 0, 0],
							"uv": {
								"north": {"uv": [42, 49], "uv_size": [0.5, 2.5]},
								"east": {"uv": [43, 49], "uv_size": [0.5, 2.5]},
								"south": {"uv": [45, 49], "uv_size": [0.5, 2.5]},
								"west": {"uv": [46, 49], "uv_size": [0.5, 2.5]},
								"up": {"uv": [14, 52], "uv_size": [0.5, 0.5]},
								"down": {"uv": [52, 14.5], "uv_size": [0.5, -0.5]}
							}
						},
						{
							"origin": [0.81353, 3.19677, 0.20366],
							"size": [0.5, 2.5, 0.49728],
							"uv": {
								"north": {"uv": [47, 49], "uv_size": [0.5, 2.5]},
								"east": {"uv": [49, 47], "uv_size": [0.5, 2.5]},
								"south": {"uv": [48, 49], "uv_size": [0.5, 2.5]},
								"west": {"uv": [0, 50], "uv_size": [0.5, 2.5]},
								"up": {"uv": [15, 52], "uv_size": [0.5, 0.5]},
								"down": {"uv": [17, 52.5], "uv_size": [0.5, -0.5]}
							}
						},
						{
							"origin": [0.81353, 3.18236, 0.25625],
							"size": [0.5, 2.5, 0.49728],
							"pivot": [1.06353, 4.57177, 0.5148],
							"rotation": [-22.5, 0, 0],
							"uv": {
								"north": {"uv": [1, 50], "uv_size": [0.5, 2.5]},
								"east": {"uv": [2, 50], "uv_size": [0.5, 2.5]},
								"south": {"uv": [3, 50], "uv_size": [0.5, 2.5]},
								"west": {"uv": [4, 50], "uv_size": [0.5, 2.5]},
								"up": {"uv": [18, 52], "uv_size": [0.5, 0.5]},
								"down": {"uv": [19, 52.5], "uv_size": [0.5, -0.5]}
							}
						},
						{
							"origin": [0.84478, 3.36986, -0.24375],
							"size": [0.5, 2.0625, 1.62228],
							"pivot": [1.06353, 4.57177, 0.5148],
							"rotation": [-22.5, 0, 0],
							"uv": {
								"north": {"uv": [40, 6], "uv_size": [0.5, 2]},
								"east": {"uv": [38, 46], "uv_size": [1.5, 2]},
								"south": {"uv": [40, 43], "uv_size": [0.5, 2]},
								"west": {"uv": [0, 47], "uv_size": [1.5, 2]},
								"up": {"uv": [49, 50], "uv_size": [0.5, 1.5]},
								"down": {"uv": [50, 50.5], "uv_size": [0.5, -1.5]}
							}
						},
						{
							"origin": [1.31353, 4.19054, -0.69101],
							"size": [0.25, 0.49728, 0.25],
							"pivot": [1.06353, 4.57177, 0.5148],
							"rotation": [-45, 0, 0],
							"uv": {
								"north": {"uv": [53, 13], "uv_size": [0.25, 0.5]},
								"east": {"uv": [14, 53], "uv_size": [0.25, 0.5]},
								"south": {"uv": [53, 14], "uv_size": [0.25, 0.5]},
								"west": {"uv": [15, 53], "uv_size": [0.25, 0.5]},
								"up": {"uv": [53, 52], "uv_size": [0.25, 0.25]},
								"down": {"uv": [53, 53.25], "uv_size": [0.25, -0.25]}
							}
						},
						{
							"origin": [1.31353, 5.4802, 0.16058],
							"size": [0.25, 0.25, 0.49728],
							"pivot": [1.06353, 4.57177, 0.5148],
							"rotation": [22.5, 0, 0],
							"uv": {
								"north": {"uv": [0, 54], "uv_size": [0.25, 0.25]},
								"east": {"uv": [53, 15], "uv_size": [0.5, 0.25]},
								"south": {"uv": [1, 54], "uv_size": [0.25, 0.25]},
								"west": {"uv": [53, 16], "uv_size": [0.5, 0.25]},
								"up": {"uv": [17, 53], "uv_size": [0.25, 0.5]},
								"down": {"uv": [18, 53.5], "uv_size": [0.25, -0.5]}
							}
						},
						{
							"origin": [1.31353, 5.44677, 0.20366],
							"size": [0.25, 0.25, 0.49728],
							"uv": {
								"north": {"uv": [2, 54], "uv_size": [0.25, 0.25]},
								"east": {"uv": [19, 53], "uv_size": [0.5, 0.25]},
								"south": {"uv": [3, 54], "uv_size": [0.25, 0.25]},
								"west": {"uv": [53, 19], "uv_size": [0.5, 0.25]},
								"up": {"uv": [20, 53], "uv_size": [0.25, 0.5]},
								"down": {"uv": [53, 20.5], "uv_size": [0.25, -0.5]}
							}
						},
						{
							"origin": [1.31353, 5.43236, 0.25625],
							"size": [0.25, 0.25, 0.49728],
							"pivot": [1.06353, 4.57177, 0.5148],
							"rotation": [-22.5, 0, 0],
							"uv": {
								"north": {"uv": [54, 3], "uv_size": [0.25, 0.25]},
								"east": {"uv": [21, 53], "uv_size": [0.5, 0.25]},
								"south": {"uv": [4, 54], "uv_size": [0.25, 0.25]},
								"west": {"uv": [53, 21], "uv_size": [0.5, 0.25]},
								"up": {"uv": [22, 53], "uv_size": [0.25, 0.5]},
								"down": {"uv": [53, 22.5], "uv_size": [0.25, -0.5]}
							}
						},
						{
							"origin": [1.31353, 4.23156, 1.40922],
							"size": [0.25, 0.49728, 0.25],
							"pivot": [1.06353, 4.57177, 0.5148],
							"rotation": [22.5, 0, 0],
							"uv": {
								"north": {"uv": [23, 53], "uv_size": [0.25, 0.5]},
								"east": {"uv": [25, 53], "uv_size": [0.25, 0.5]},
								"south": {"uv": [26, 53], "uv_size": [0.25, 0.5]},
								"west": {"uv": [53, 26], "uv_size": [0.25, 0.5]},
								"up": {"uv": [54, 4], "uv_size": [0.25, 0.25]},
								"down": {"uv": [5, 54.25], "uv_size": [0.25, -0.25]}
							}
						},
						{
							"origin": [1.31353, 4.27893, 1.38222],
							"size": [0.25, 0.49728, 0.25],
							"pivot": [1.06353, 4.57177, 0.5148],
							"rotation": [45, 0, 0],
							"uv": {
								"north": {"uv": [27, 53], "uv_size": [0.25, 0.5]},
								"east": {"uv": [53, 27], "uv_size": [0.25, 0.5]},
								"south": {"uv": [28, 53], "uv_size": [0.25, 0.5]},
								"west": {"uv": [53, 28], "uv_size": [0.25, 0.5]},
								"up": {"uv": [6, 54], "uv_size": [0.25, 0.25]},
								"down": {"uv": [54, 6.25], "uv_size": [0.25, -0.25]}
							}
						},
						{
							"origin": [1.31353, 4.02893, 1.25722],
							"size": [0.25, 0.49728, 0.25],
							"pivot": [1.06353, 4.32177, 0.3898],
							"rotation": [-135, 0, 0],
							"uv": {
								"north": {"uv": [29, 53], "uv_size": [0.25, 0.5]},
								"east": {"uv": [53, 29], "uv_size": [0.25, 0.5]},
								"south": {"uv": [30, 53], "uv_size": [0.25, 0.5]},
								"west": {"uv": [53, 30], "uv_size": [0.25, 0.5]},
								"up": {"uv": [7, 54], "uv_size": [0.25, 0.25]},
								"down": {"uv": [54, 7.25], "uv_size": [0.25, -0.25]}
							}
						},
						{
							"origin": [1.31353, 5.19677, 0.07866],
							"size": [0.25, 0.25, 0.49728],
							"pivot": [1.06353, 4.32177, 0.3898],
							"rotation": [-180, 0, 0],
							"uv": {
								"north": {"uv": [54, 8], "uv_size": [0.25, 0.25]},
								"east": {"uv": [31, 53], "uv_size": [0.5, 0.25]},
								"south": {"uv": [54, 9], "uv_size": [0.25, 0.25]},
								"west": {"uv": [53, 31], "uv_size": [0.5, 0.25]},
								"up": {"uv": [32, 53], "uv_size": [0.25, 0.5]},
								"down": {"uv": [53, 32.5], "uv_size": [0.25, -0.5]}
							}
						},
						{
							"origin": [1.31353, 5.18236, 0.13125],
							"size": [0.25, 0.25, 0.49728],
							"pivot": [1.06353, 4.32177, 0.3898],
							"rotation": [157.5, 0, 0],
							"uv": {
								"north": {"uv": [10, 54], "uv_size": [0.25, 0.25]},
								"east": {"uv": [33, 53], "uv_size": [0.5, 0.25]},
								"south": {"uv": [54, 10], "uv_size": [0.25, 0.25]},
								"west": {"uv": [53, 33], "uv_size": [0.5, 0.25]},
								"up": {"uv": [34, 53], "uv_size": [0.25, 0.5]},
								"down": {"uv": [35, 53.5], "uv_size": [0.25, -0.5]}
							}
						},
						{
							"origin": [1.31353, 3.98156, 1.28422],
							"size": [0.25, 0.49728, 0.25],
							"pivot": [1.06353, 4.32177, 0.3898],
							"rotation": [-157.5, 0, 0],
							"uv": {
								"north": {"uv": [36, 53], "uv_size": [0.25, 0.5]},
								"east": {"uv": [37, 53], "uv_size": [0.25, 0.5]},
								"south": {"uv": [38, 53], "uv_size": [0.25, 0.5]},
								"west": {"uv": [39, 53], "uv_size": [0.25, 0.5]},
								"up": {"uv": [11, 54], "uv_size": [0.25, 0.25]},
								"down": {"uv": [12, 54.25], "uv_size": [0.25, -0.25]}
							}
						},
						{
							"origin": [1.31353, 5.2302, 0.03558],
							"size": [0.25, 0.25, 0.49728],
							"pivot": [1.06353, 4.32177, 0.3898],
							"rotation": [-157.5, 0, 0],
							"uv": {
								"north": {"uv": [54, 12], "uv_size": [0.25, 0.25]},
								"east": {"uv": [53, 39], "uv_size": [0.5, 0.25]},
								"south": {"uv": [13, 54], "uv_size": [0.25, 0.25]},
								"west": {"uv": [40, 53], "uv_size": [0.5, 0.25]},
								"up": {"uv": [53, 40], "uv_size": [0.25, 0.5]},
								"down": {"uv": [41, 53.5], "uv_size": [0.25, -0.5]}
							}
						},
						{
							"origin": [1.31353, 3.94054, -0.81601],
							"size": [0.25, 0.49728, 0.25],
							"pivot": [1.06353, 4.32177, 0.3898],
							"rotation": [135, 0, 0],
							"uv": {
								"north": {"uv": [53, 41], "uv_size": [0.25, 0.5]},
								"east": {"uv": [42, 53], "uv_size": [0.25, 0.5]},
								"south": {"uv": [53, 42], "uv_size": [0.25, 0.5]},
								"west": {"uv": [43, 53], "uv_size": [0.25, 0.5]},
								"up": {"uv": [54, 13], "uv_size": [0.25, 0.25]},
								"down": {"uv": [14, 54.25], "uv_size": [0.25, -0.25]}
							}
						}
					]
				},
				{
					"name": "octagon2",
					"parent": "bullm",
					"pivot": [1.22396, 4.69677, -0.24227],
					"rotation": [0, 90, -22.5],
					"cubes": [
						{
							"origin": [3.28119, 4.7957, -0.86801],
							"size": [0.25, 0.82843, 0.25],
							"pivot": [3.38786, 5.30148, -0.84699],
							"rotation": [-45.43855, -7.05302, 7.10708],
							"uv": {
								"north": {"uv": [29, 52], "uv_size": [0.25, 0.75]},
								"east": {"uv": [30, 52], "uv_size": [0.25, 0.75]},
								"south": {"uv": [52, 30], "uv_size": [0.25, 0.75]},
								"west": {"uv": [52, 31], "uv_size": [0.25, 0.75]},
								"up": {"uv": [54, 14], "uv_size": [0.25, 0.25]},
								"down": {"uv": [15, 54.25], "uv_size": [0.25, -0.25]}
							}
						},
						{
							"origin": [3.26114, 4.14315, 0.49767],
							"size": [0.25, 0.82843, 0.25],
							"pivot": [3.38786, 4.69677, 0.61292],
							"rotation": [0, 10, 0],
							"uv": {
								"north": {"uv": [52, 32], "uv_size": [0.25, 0.75]},
								"east": {"uv": [33, 52], "uv_size": [0.25, 0.75]},
								"south": {"uv": [52, 33], "uv_size": [0.25, 0.75]},
								"west": {"uv": [34, 52], "uv_size": [0.25, 0.75]},
								"up": {"uv": [54, 15], "uv_size": [0.25, 0.25]},
								"down": {"uv": [16, 54.25], "uv_size": [0.25, -0.25]}
							}
						},
						{
							"origin": [3.27876, 5.0863, 0.0538],
							"size": [0.25, 0.25, 0.82843],
							"pivot": [3.38786, 5.30148, 0.36244],
							"rotation": [-44.56145, 7.05302, 7.10708],
							"uv": {
								"north": {"uv": [54, 16], "uv_size": [0.25, 0.25]},
								"east": {"uv": [37, 52], "uv_size": [0.75, 0.25]},
								"south": {"uv": [17, 54], "uv_size": [0.25, 0.25]},
								"west": {"uv": [38, 52], "uv_size": [0.75, 0.25]},
								"up": {"uv": [39, 52], "uv_size": [0.25, 0.75]},
								"down": {"uv": [52, 39.75], "uv_size": [0.25, -0.75]}
							}
						},
						{
							"origin": [3.28707, 5.28967, -0.64658],
							"size": [0.25, 0.25, 0.82843],
							"pivot": [3.38786, 5.55196, -0.24227],
							"rotation": [0, 0, 10],
							"uv": {
								"north": {"uv": [18, 54], "uv_size": [0.25, 0.25]},
								"east": {"uv": [40, 52], "uv_size": [0.75, 0.25]},
								"south": {"uv": [19, 54], "uv_size": [0.25, 0.25]},
								"west": {"uv": [52, 40], "uv_size": [0.75, 0.25]},
								"up": {"uv": [41, 52], "uv_size": [0.25, 0.75]},
								"down": {"uv": [52, 41.75], "uv_size": [0.25, -0.75]}
							}
						},
						{
							"origin": [3.13315, 3.31111, -1.32941],
							"size": [0.25, 0.82843, 0.25],
							"pivot": [3.38786, 4.14991, -0.46879],
							"rotation": [134.56145, 7.05302, -7.10708],
							"uv": {
								"north": {"uv": [42, 52], "uv_size": [0.25, 0.75]},
								"east": {"uv": [52, 42], "uv_size": [0.25, 0.75]},
								"south": {"uv": [43, 52], "uv_size": [0.25, 0.75]},
								"west": {"uv": [45, 52], "uv_size": [0.25, 0.75]},
								"up": {"uv": [54, 19], "uv_size": [0.25, 0.25]},
								"down": {"uv": [20, 54.25], "uv_size": [0.25, -0.25]}
							}
						},
						{
							"origin": [3.1532, 3.35895, 0.02811],
							"size": [0.25, 0.82843, 0.25],
							"pivot": [3.38786, 4.14991, -0.46879],
							"rotation": [-180, -10, 0],
							"uv": {
								"north": {"uv": [46, 52], "uv_size": [0.25, 0.75]},
								"east": {"uv": [47, 52], "uv_size": [0.25, 0.75]},
								"south": {"uv": [52, 47], "uv_size": [0.25, 0.75]},
								"west": {"uv": [48, 52], "uv_size": [0.25, 0.75]},
								"up": {"uv": [54, 20], "uv_size": [0.25, 0.25]},
								"down": {"uv": [21, 54.25], "uv_size": [0.25, -0.25]}
							}
						},
						{
							"origin": [3.18808, 4.44898, -0.77478],
							"size": [0.25, 0.25, 0.82843],
							"pivot": [3.38786, 4.14991, -0.46879],
							"rotation": [135.43855, -7.05302, -7.10708],
							"uv": {
								"north": {"uv": [54, 21], "uv_size": [0.25, 0.25]},
								"east": {"uv": [52, 48], "uv_size": [0.75, 0.25]},
								"south": {"uv": [22, 54], "uv_size": [0.25, 0.25]},
								"west": {"uv": [49, 52], "uv_size": [0.75, 0.25]},
								"up": {"uv": [52, 49], "uv_size": [0.25, 0.75]},
								"down": {"uv": [50, 52.75], "uv_size": [0.25, -0.75]}
							}
						},
						{
							"origin": [3.17978, 4.49609, -1.10671],
							"size": [0.25, 0.25, 0.82843],
							"pivot": [3.38786, 4.14991, -0.46879],
							"rotation": [180, 0, -10],
							"uv": {
								"north": {"uv": [54, 22], "uv_size": [0.25, 0.25]},
								"east": {"uv": [52, 50], "uv_size": [0.75, 0.25]},
								"south": {"uv": [23, 54], "uv_size": [0.25, 0.25]},
								"west": {"uv": [51, 52], "uv_size": [0.75, 0.25]},
								"up": {"uv": [52, 51], "uv_size": [0.25, 0.75]},
								"down": {"uv": [52, 52.75], "uv_size": [0.25, -0.75]}
							}
						}
					]
				},
				{
					"name": "octagon",
					"parent": "bullm",
					"pivot": [1.22396, 4.69677, -0.24227],
					"rotation": [0, 90, -22.5],
					"cubes": [
						{
							"origin": [0.97396, 4.19098, -1.1367],
							"size": [2.3125, 0.82843, 2],
							"pivot": [1.22396, 4.69677, -0.24227],
							"rotation": [-45, 0, 0],
							"uv": {
								"north": {"uv": [48, 27], "uv_size": [2.25, 0.75]},
								"east": {"uv": [6, 49], "uv_size": [2, 0.75]},
								"south": {"uv": [48, 28], "uv_size": [2.25, 0.75]},
								"west": {"uv": [49, 6], "uv_size": [2, 0.75]},
								"up": {"uv": [45, 12], "uv_size": [2.25, 2]},
								"down": {"uv": [45, 16], "uv_size": [2.25, -2]}
							}
						},
						{
							"origin": [0.97396, 4.14315, -1.23237],
							"size": [2.3125, 0.82843, 2],
							"uv": {
								"north": {"uv": [48, 29], "uv_size": [2.25, 0.75]},
								"east": {"uv": [49, 7], "uv_size": [2, 0.75]},
								"south": {"uv": [48, 30], "uv_size": [2.25, 0.75]},
								"west": {"uv": [49, 8], "uv_size": [2, 0.75]},
								"up": {"uv": [45, 16], "uv_size": [2.25, 2]},
								"down": {"uv": [45, 20], "uv_size": [2.25, -2]}
							}
						},
						{
							"origin": [0.97396, 3.6052, -0.55091],
							"size": [2.3125, 2, 0.82843],
							"pivot": [1.22396, 4.69677, -0.24227],
							"rotation": [-45, 0, 0],
							"uv": {
								"north": {"uv": [45, 20], "uv_size": [2.25, 2]},
								"east": {"uv": [34, 8], "uv_size": [0.75, 2]},
								"south": {"uv": [45, 22], "uv_size": [2.25, 2]},
								"west": {"uv": [40, 0], "uv_size": [0.75, 2]},
								"up": {"uv": [31, 48], "uv_size": [2.25, 0.75]},
								"down": {"uv": [48, 31.75], "uv_size": [2.25, -0.75]}
							}
						},
						{
							"origin": [0.97396, 3.55736, -0.64658],
							"size": [2.3125, 2, 0.82843],
							"uv": {
								"north": {"uv": [45, 24], "uv_size": [2.25, 2]},
								"east": {"uv": [40, 2], "uv_size": [0.75, 2]},
								"south": {"uv": [45, 26], "uv_size": [2.25, 2]},
								"west": {"uv": [40, 4], "uv_size": [0.75, 2]},
								"up": {"uv": [48, 32], "uv_size": [2.25, 0.75]},
								"down": {"uv": [48, 33.75], "uv_size": [2.25, -0.75]}
							}
						}
					]
				}
			]
		}
	]
}