{
	"format_version": "1.12.0",
	"minecraft:geometry": [
		{
			"description": {
				"identifier": "geometry.unknown",
				"texture_width": 64,
				"texture_height": 64,
				"visible_bounds_width": 2,
				"visible_bounds_height": 4,
				"visible_bounds_offset": [0, 1, 0]
			},
			"bones": [
				{
					"name": "bone",
					"pivot": [-1.51338, 0, -0.73369],
					"cubes": [
						{
							"origin": [-0.33838, -3, -0.54619],
							"size": [1.2, 22.2, 1.2],
							"pivot": [-0.13838, -3, 0.45381],
							"rotation": [0, 47.5, 0],
							"uv": {
								"north": {"uv": [12, 0], "uv_size": [1, 22]},
								"east": {"uv": [13, 0], "uv_size": [1, 22]},
								"south": {"uv": [14, 0], "uv_size": [1, 22]},
								"west": {"uv": [15, 0], "uv_size": [1, 22]},
								"up": {"uv": [7, 22], "uv_size": [1, 1]},
								"down": {"uv": [8, 23], "uv_size": [1, -1]}
							}
						},
						{
							"origin": [-0.46338, -3, 0.64131],
							"size": [1.2, 22.2, 1.2],
							"pivot": [-0.26338, -3, 1.64131],
							"rotation": [0, -17.5, 0],
							"uv": {
								"north": {"uv": [0, 0], "uv_size": [1, 22]},
								"east": {"uv": [1, 0], "uv_size": [1, 22]},
								"south": {"uv": [2, 0], "uv_size": [1, 22]},
								"west": {"uv": [3, 0], "uv_size": [1, 22]},
								"up": {"uv": [1, 22], "uv_size": [1, 1]},
								"down": {"uv": [2, 23], "uv_size": [1, -1]}
							}
						},
						{
							"origin": [-0.27588, -3, -2.29619],
							"size": [1.2, 22.2, 1.2],
							"pivot": [-0.07588, -3, -1.29619],
							"rotation": [0, -30, 0],
							"uv": {
								"north": {"uv": [8, 0], "uv_size": [1, 22]},
								"east": {"uv": [9, 0], "uv_size": [1, 22]},
								"south": {"uv": [10, 0], "uv_size": [1, 22]},
								"west": {"uv": [11, 0], "uv_size": [1, 22]},
								"up": {"uv": [5, 22], "uv_size": [1, 1]},
								"down": {"uv": [6, 23], "uv_size": [1, -1]}
							}
						},
						{
							"origin": [0.72412, -3, -0.35869],
							"size": [1.2, 22.2, 1.2],
							"uv": {
								"north": {"uv": [4, 0], "uv_size": [1, 22]},
								"east": {"uv": [5, 0], "uv_size": [1, 22]},
								"south": {"uv": [6, 0], "uv_size": [1, 22]},
								"west": {"uv": [7, 0], "uv_size": [1, 22]},
								"up": {"uv": [3, 22], "uv_size": [1, 1]},
								"down": {"uv": [4, 23], "uv_size": [1, -1]}
							}
						},
						{
							"origin": [-1.90088, -3, -0.04619],
							"size": [1.2, 22.2, 1.2],
							"pivot": [-1.70088, -3, 0.95381],
							"rotation": [0, -17.5, 0],
							"uv": {
								"north": {"uv": [20, 0], "uv_size": [1, 22]},
								"east": {"uv": [21, 0], "uv_size": [1, 22]},
								"south": {"uv": [0, 22], "uv_size": [1, 22]},
								"west": {"uv": [22, 0], "uv_size": [1, 22]},
								"up": {"uv": [11, 22], "uv_size": [1, 1]},
								"down": {"uv": [12, 23], "uv_size": [1, -1]}
							}
						},
						{
							"origin": [-1.46338, -3, -1.67119],
							"size": [1.2, 22.2, 1.2],
							"pivot": [-1.26338, -3, -0.67119],
							"rotation": [0, -7.5, 0],
							"uv": {
								"north": {"uv": [16, 0], "uv_size": [1, 22]},
								"east": {"uv": [17, 0], "uv_size": [1, 22]},
								"south": {"uv": [18, 0], "uv_size": [1, 22]},
								"west": {"uv": [19, 0], "uv_size": [1, 22]},
								"up": {"uv": [9, 22], "uv_size": [1, 1]},
								"down": {"uv": [10, 23], "uv_size": [1, -1]}
							}
						}
					]
				},
				{
					"name": "hexadecagon",
					"pivot": [0, 4, 0],
					"cubes": [
						{
							"origin": [-0.44755, 0.5, -2.25],
							"size": [0.89511, 1, 0.1],
							"pivot": [0, 1, 0],
							"rotation": [0, 45, 0],
							"uv": {
								"north": {"uv": [13, 22], "uv_size": [1, 1]},
								"east": {"uv": [24, 4], "uv_size": [0.5, 1]},
								"south": {"uv": [14, 22], "uv_size": [1, 1]},
								"west": {"uv": [5, 24], "uv_size": [0.5, 1]},
								"up": {"uv": [24, 5], "uv_size": [1, 0.5]},
								"down": {"uv": [6, 24.5], "uv_size": [1, -0.5]}
							}
						},
						{
							"origin": [-0.44755, 0.5, -2.25],
							"size": [0.89511, 1, 0.1],
							"pivot": [0, 1, 0],
							"rotation": [0, 22.5, 0],
							"uv": {
								"north": {"uv": [15, 22], "uv_size": [1, 1]},
								"east": {"uv": [24, 6], "uv_size": [0.5, 1]},
								"south": {"uv": [16, 22], "uv_size": [1, 1]},
								"west": {"uv": [7, 24], "uv_size": [0.5, 1]},
								"up": {"uv": [24, 7], "uv_size": [1, 0.5]},
								"down": {"uv": [8, 24.5], "uv_size": [1, -0.5]}
							}
						},
						{
							"origin": [-0.44755, 0.5, -2.25],
							"size": [0.89511, 1, 0.1],
							"uv": {
								"north": {"uv": [17, 22], "uv_size": [1, 1]},
								"east": {"uv": [24, 8], "uv_size": [0.5, 1]},
								"south": {"uv": [18, 22], "uv_size": [1, 1]},
								"west": {"uv": [9, 24], "uv_size": [0.5, 1]},
								"up": {"uv": [24, 9], "uv_size": [1, 0.5]},
								"down": {"uv": [10, 24.5], "uv_size": [1, -0.5]}
							}
						},
						{
							"origin": [-0.44755, 0.5, -2.25],
							"size": [0.89511, 1, 0.1],
							"pivot": [0, 1, 0],
							"rotation": [0, -22.5, 0],
							"uv": {
								"north": {"uv": [19, 22], "uv_size": [1, 1]},
								"east": {"uv": [24, 10], "uv_size": [0.5, 1]},
								"south": {"uv": [20, 22], "uv_size": [1, 1]},
								"west": {"uv": [11, 24], "uv_size": [0.5, 1]},
								"up": {"uv": [24, 11], "uv_size": [1, 0.5]},
								"down": {"uv": [12, 24.5], "uv_size": [1, -0.5]}
							}
						},
						{
							"origin": [-0.44755, 0.5, -2.25],
							"size": [0.89511, 1, 0.1],
							"pivot": [0, 1, 0],
							"rotation": [0, -45, 0],
							"uv": {
								"north": {"uv": [21, 22], "uv_size": [1, 1]},
								"east": {"uv": [24, 12], "uv_size": [0.5, 1]},
								"south": {"uv": [22, 22], "uv_size": [1, 1]},
								"west": {"uv": [13, 24], "uv_size": [0.5, 1]},
								"up": {"uv": [24, 13], "uv_size": [1, 0.5]},
								"down": {"uv": [14, 24.5], "uv_size": [1, -0.5]}
							}
						},
						{
							"origin": [-0.44755, 0.5, 2.15],
							"size": [0.89511, 1, 0.1],
							"pivot": [0, 1, 0],
							"rotation": [0, 45, 0],
							"uv": {
								"north": {"uv": [23, 0], "uv_size": [1, 1]},
								"east": {"uv": [24, 14], "uv_size": [0.5, 1]},
								"south": {"uv": [1, 23], "uv_size": [1, 1]},
								"west": {"uv": [15, 24], "uv_size": [0.5, 1]},
								"up": {"uv": [24, 15], "uv_size": [1, 0.5]},
								"down": {"uv": [16, 24.5], "uv_size": [1, -0.5]}
							}
						},
						{
							"origin": [-0.44755, 0.5, 2.15],
							"size": [0.89511, 1, 0.1],
							"pivot": [0, 1, 0],
							"rotation": [0, 22.5, 0],
							"uv": {
								"north": {"uv": [23, 1], "uv_size": [1, 1]},
								"east": {"uv": [24, 16], "uv_size": [0.5, 1]},
								"south": {"uv": [2, 23], "uv_size": [1, 1]},
								"west": {"uv": [17, 24], "uv_size": [0.5, 1]},
								"up": {"uv": [24, 17], "uv_size": [1, 0.5]},
								"down": {"uv": [18, 24.5], "uv_size": [1, -0.5]}
							}
						},
						{
							"origin": [-0.44755, 0.5, 2.15],
							"size": [0.89511, 1, 0.1],
							"uv": {
								"north": {"uv": [23, 2], "uv_size": [1, 1]},
								"east": {"uv": [24, 18], "uv_size": [0.5, 1]},
								"south": {"uv": [3, 23], "uv_size": [1, 1]},
								"west": {"uv": [19, 24], "uv_size": [0.5, 1]},
								"up": {"uv": [24, 19], "uv_size": [1, 0.5]},
								"down": {"uv": [20, 24.5], "uv_size": [1, -0.5]}
							}
						},
						{
							"origin": [-0.44755, 0.5, 2.15],
							"size": [0.89511, 1, 0.1],
							"pivot": [0, 1, 0],
							"rotation": [0, -22.5, 0],
							"uv": {
								"north": {"uv": [23, 3], "uv_size": [1, 1]},
								"east": {"uv": [24, 20], "uv_size": [0.5, 1]},
								"south": {"uv": [4, 23], "uv_size": [1, 1]},
								"west": {"uv": [21, 24], "uv_size": [0.5, 1]},
								"up": {"uv": [24, 21], "uv_size": [1, 0.5]},
								"down": {"uv": [22, 24.5], "uv_size": [1, -0.5]}
							}
						},
						{
							"origin": [-0.44755, 0.5, 2.15],
							"size": [0.89511, 1, 0.1],
							"pivot": [0, 1, 0],
							"rotation": [0, -45, 0],
							"uv": {
								"north": {"uv": [23, 4], "uv_size": [1, 1]},
								"east": {"uv": [24, 22], "uv_size": [0.5, 1]},
								"south": {"uv": [5, 23], "uv_size": [1, 1]},
								"west": {"uv": [23, 24], "uv_size": [0.5, 1]},
								"up": {"uv": [24, 23], "uv_size": [1, 0.5]},
								"down": {"uv": [24, 24.5], "uv_size": [1, -0.5]}
							}
						},
						{
							"origin": [2.15, 0.5, -0.44755],
							"size": [0.1, 1, 0.89511],
							"pivot": [0, 1, 0],
							"rotation": [0, 22.5, 0],
							"uv": {
								"north": {"uv": [25, 0], "uv_size": [0.5, 1]},
								"east": {"uv": [23, 5], "uv_size": [1, 1]},
								"south": {"uv": [1, 25], "uv_size": [0.5, 1]},
								"west": {"uv": [6, 23], "uv_size": [1, 1]},
								"up": {"uv": [25, 1], "uv_size": [0.5, 1]},
								"down": {"uv": [2, 26], "uv_size": [0.5, -1]}
							}
						},
						{
							"origin": [2.15, 0.5, -0.44755],
							"size": [0.1, 1, 0.89511],
							"uv": {
								"north": {"uv": [25, 2], "uv_size": [0.5, 1]},
								"east": {"uv": [23, 6], "uv_size": [1, 1]},
								"south": {"uv": [3, 25], "uv_size": [0.5, 1]},
								"west": {"uv": [7, 23], "uv_size": [1, 1]},
								"up": {"uv": [25, 3], "uv_size": [0.5, 1]},
								"down": {"uv": [4, 26], "uv_size": [0.5, -1]}
							}
						},
						{
							"origin": [2.15, 0.5, -0.44755],
							"size": [0.1, 1, 0.89511],
							"pivot": [0, 1, 0],
							"rotation": [0, -22.5, 0],
							"uv": {
								"north": {"uv": [25, 4], "uv_size": [0.5, 1]},
								"east": {"uv": [23, 7], "uv_size": [1, 1]},
								"south": {"uv": [5, 25], "uv_size": [0.5, 1]},
								"west": {"uv": [8, 23], "uv_size": [1, 1]},
								"up": {"uv": [25, 5], "uv_size": [0.5, 1]},
								"down": {"uv": [6, 26], "uv_size": [0.5, -1]}
							}
						},
						{
							"origin": [-2.25, 0.5, -0.44755],
							"size": [0.1, 1, 0.89511],
							"pivot": [0, 1, 0],
							"rotation": [0, 22.5, 0],
							"uv": {
								"north": {"uv": [25, 6], "uv_size": [0.5, 1]},
								"east": {"uv": [23, 8], "uv_size": [1, 1]},
								"south": {"uv": [7, 25], "uv_size": [0.5, 1]},
								"west": {"uv": [9, 23], "uv_size": [1, 1]},
								"up": {"uv": [25, 7], "uv_size": [0.5, 1]},
								"down": {"uv": [8, 26], "uv_size": [0.5, -1]}
							}
						},
						{
							"origin": [-2.25, 0.5, -0.44755],
							"size": [0.1, 1, 0.89511],
							"uv": {
								"north": {"uv": [25, 8], "uv_size": [0.5, 1]},
								"east": {"uv": [23, 9], "uv_size": [1, 1]},
								"south": {"uv": [9, 25], "uv_size": [0.5, 1]},
								"west": {"uv": [10, 23], "uv_size": [1, 1]},
								"up": {"uv": [25, 9], "uv_size": [0.5, 1]},
								"down": {"uv": [10, 26], "uv_size": [0.5, -1]}
							}
						},
						{
							"origin": [-2.25, 0.5, -0.44755],
							"size": [0.1, 1, 0.89511],
							"pivot": [0, 1, 0],
							"rotation": [0, -22.5, 0],
							"uv": {
								"north": {"uv": [25, 10], "uv_size": [0.5, 1]},
								"east": {"uv": [23, 10], "uv_size": [1, 1]},
								"south": {"uv": [11, 25], "uv_size": [0.5, 1]},
								"west": {"uv": [11, 23], "uv_size": [1, 1]},
								"up": {"uv": [25, 11], "uv_size": [0.5, 1]},
								"down": {"uv": [12, 26], "uv_size": [0.5, -1]}
							}
						}
					]
				},
				{
					"name": "hexadecagon2",
					"pivot": [0, 19, 0],
					"cubes": [
						{
							"origin": [-0.44755, 15.5, -2.25],
							"size": [0.89511, 1, 0.1],
							"pivot": [0, 16, 0],
							"rotation": [0, 45, 0],
							"uv": {
								"north": {"uv": [23, 11], "uv_size": [1, 1]},
								"east": {"uv": [25, 12], "uv_size": [0.5, 1]},
								"south": {"uv": [12, 23], "uv_size": [1, 1]},
								"west": {"uv": [13, 25], "uv_size": [0.5, 1]},
								"up": {"uv": [25, 13], "uv_size": [1, 0.5]},
								"down": {"uv": [14, 25.5], "uv_size": [1, -0.5]}
							}
						},
						{
							"origin": [-0.44755, 15.5, -2.25],
							"size": [0.89511, 1, 0.1],
							"pivot": [0, 16, 0],
							"rotation": [0, 22.5, 0],
							"uv": {
								"north": {"uv": [23, 12], "uv_size": [1, 1]},
								"east": {"uv": [25, 14], "uv_size": [0.5, 1]},
								"south": {"uv": [13, 23], "uv_size": [1, 1]},
								"west": {"uv": [15, 25], "uv_size": [0.5, 1]},
								"up": {"uv": [25, 15], "uv_size": [1, 0.5]},
								"down": {"uv": [16, 25.5], "uv_size": [1, -0.5]}
							}
						},
						{
							"origin": [-0.44755, 15.5, -2.25],
							"size": [0.89511, 1, 0.1],
							"uv": {
								"north": {"uv": [23, 13], "uv_size": [1, 1]},
								"east": {"uv": [25, 16], "uv_size": [0.5, 1]},
								"south": {"uv": [14, 23], "uv_size": [1, 1]},
								"west": {"uv": [17, 25], "uv_size": [0.5, 1]},
								"up": {"uv": [25, 17], "uv_size": [1, 0.5]},
								"down": {"uv": [18, 25.5], "uv_size": [1, -0.5]}
							}
						},
						{
							"origin": [-0.44755, 15.5, -2.25],
							"size": [0.89511, 1, 0.1],
							"pivot": [0, 16, 0],
							"rotation": [0, -22.5, 0],
							"uv": {
								"north": {"uv": [23, 14], "uv_size": [1, 1]},
								"east": {"uv": [25, 18], "uv_size": [0.5, 1]},
								"south": {"uv": [15, 23], "uv_size": [1, 1]},
								"west": {"uv": [19, 25], "uv_size": [0.5, 1]},
								"up": {"uv": [25, 19], "uv_size": [1, 0.5]},
								"down": {"uv": [20, 25.5], "uv_size": [1, -0.5]}
							}
						},
						{
							"origin": [-0.44755, 15.5, -2.25],
							"size": [0.89511, 1, 0.1],
							"pivot": [0, 16, 0],
							"rotation": [0, -45, 0],
							"uv": {
								"north": {"uv": [23, 15], "uv_size": [1, 1]},
								"east": {"uv": [25, 20], "uv_size": [0.5, 1]},
								"south": {"uv": [16, 23], "uv_size": [1, 1]},
								"west": {"uv": [21, 25], "uv_size": [0.5, 1]},
								"up": {"uv": [25, 21], "uv_size": [1, 0.5]},
								"down": {"uv": [22, 25.5], "uv_size": [1, -0.5]}
							}
						},
						{
							"origin": [-0.44755, 15.5, 2.15],
							"size": [0.89511, 1, 0.1],
							"pivot": [0, 16, 0],
							"rotation": [0, 45, 0],
							"uv": {
								"north": {"uv": [23, 16], "uv_size": [1, 1]},
								"east": {"uv": [25, 22], "uv_size": [0.5, 1]},
								"south": {"uv": [17, 23], "uv_size": [1, 1]},
								"west": {"uv": [23, 25], "uv_size": [0.5, 1]},
								"up": {"uv": [25, 23], "uv_size": [1, 0.5]},
								"down": {"uv": [24, 25.5], "uv_size": [1, -0.5]}
							}
						},
						{
							"origin": [-0.44755, 15.5, 2.15],
							"size": [0.89511, 1, 0.1],
							"pivot": [0, 16, 0],
							"rotation": [0, 22.5, 0],
							"uv": {
								"north": {"uv": [23, 17], "uv_size": [1, 1]},
								"east": {"uv": [25, 24], "uv_size": [0.5, 1]},
								"south": {"uv": [18, 23], "uv_size": [1, 1]},
								"west": {"uv": [25, 25], "uv_size": [0.5, 1]},
								"up": {"uv": [26, 0], "uv_size": [1, 0.5]},
								"down": {"uv": [1, 26.5], "uv_size": [1, -0.5]}
							}
						},
						{
							"origin": [-0.44755, 15.5, 2.15],
							"size": [0.89511, 1, 0.1],
							"uv": {
								"north": {"uv": [23, 18], "uv_size": [1, 1]},
								"east": {"uv": [26, 1], "uv_size": [0.5, 1]},
								"south": {"uv": [19, 23], "uv_size": [1, 1]},
								"west": {"uv": [2, 26], "uv_size": [0.5, 1]},
								"up": {"uv": [26, 2], "uv_size": [1, 0.5]},
								"down": {"uv": [3, 26.5], "uv_size": [1, -0.5]}
							}
						},
						{
							"origin": [-0.44755, 15.5, 2.15],
							"size": [0.89511, 1, 0.1],
							"pivot": [0, 16, 0],
							"rotation": [0, -22.5, 0],
							"uv": {
								"north": {"uv": [23, 19], "uv_size": [1, 1]},
								"east": {"uv": [26, 3], "uv_size": [0.5, 1]},
								"south": {"uv": [20, 23], "uv_size": [1, 1]},
								"west": {"uv": [4, 26], "uv_size": [0.5, 1]},
								"up": {"uv": [26, 4], "uv_size": [1, 0.5]},
								"down": {"uv": [5, 26.5], "uv_size": [1, -0.5]}
							}
						},
						{
							"origin": [-0.44755, 15.5, 2.15],
							"size": [0.89511, 1, 0.1],
							"pivot": [0, 16, 0],
							"rotation": [0, -45, 0],
							"uv": {
								"north": {"uv": [23, 20], "uv_size": [1, 1]},
								"east": {"uv": [26, 5], "uv_size": [0.5, 1]},
								"south": {"uv": [21, 23], "uv_size": [1, 1]},
								"west": {"uv": [6, 26], "uv_size": [0.5, 1]},
								"up": {"uv": [26, 6], "uv_size": [1, 0.5]},
								"down": {"uv": [7, 26.5], "uv_size": [1, -0.5]}
							}
						},
						{
							"origin": [2.15, 15.5, -0.44755],
							"size": [0.1, 1, 0.89511],
							"pivot": [0, 16, 0],
							"rotation": [0, 22.5, 0],
							"uv": {
								"north": {"uv": [26, 7], "uv_size": [0.5, 1]},
								"east": {"uv": [23, 21], "uv_size": [1, 1]},
								"south": {"uv": [8, 26], "uv_size": [0.5, 1]},
								"west": {"uv": [22, 23], "uv_size": [1, 1]},
								"up": {"uv": [26, 8], "uv_size": [0.5, 1]},
								"down": {"uv": [9, 27], "uv_size": [0.5, -1]}
							}
						},
						{
							"origin": [2.15, 15.5, -0.44755],
							"size": [0.1, 1, 0.89511],
							"uv": {
								"north": {"uv": [26, 9], "uv_size": [0.5, 1]},
								"east": {"uv": [23, 22], "uv_size": [1, 1]},
								"south": {"uv": [10, 26], "uv_size": [0.5, 1]},
								"west": {"uv": [23, 23], "uv_size": [1, 1]},
								"up": {"uv": [26, 10], "uv_size": [0.5, 1]},
								"down": {"uv": [11, 27], "uv_size": [0.5, -1]}
							}
						},
						{
							"origin": [2.15, 15.5, -0.44755],
							"size": [0.1, 1, 0.89511],
							"pivot": [0, 16, 0],
							"rotation": [0, -22.5, 0],
							"uv": {
								"north": {"uv": [26, 11], "uv_size": [0.5, 1]},
								"east": {"uv": [24, 0], "uv_size": [1, 1]},
								"south": {"uv": [12, 26], "uv_size": [0.5, 1]},
								"west": {"uv": [1, 24], "uv_size": [1, 1]},
								"up": {"uv": [26, 12], "uv_size": [0.5, 1]},
								"down": {"uv": [13, 27], "uv_size": [0.5, -1]}
							}
						},
						{
							"origin": [-2.25, 15.5, -0.44755],
							"size": [0.1, 1, 0.89511],
							"pivot": [0, 16, 0],
							"rotation": [0, 22.5, 0],
							"uv": {
								"north": {"uv": [26, 13], "uv_size": [0.5, 1]},
								"east": {"uv": [24, 1], "uv_size": [1, 1]},
								"south": {"uv": [14, 26], "uv_size": [0.5, 1]},
								"west": {"uv": [2, 24], "uv_size": [1, 1]},
								"up": {"uv": [26, 14], "uv_size": [0.5, 1]},
								"down": {"uv": [15, 27], "uv_size": [0.5, -1]}
							}
						},
						{
							"origin": [-2.25, 15.5, -0.44755],
							"size": [0.1, 1, 0.89511],
							"uv": {
								"north": {"uv": [26, 15], "uv_size": [0.5, 1]},
								"east": {"uv": [24, 2], "uv_size": [1, 1]},
								"south": {"uv": [16, 26], "uv_size": [0.5, 1]},
								"west": {"uv": [3, 24], "uv_size": [1, 1]},
								"up": {"uv": [26, 16], "uv_size": [0.5, 1]},
								"down": {"uv": [17, 27], "uv_size": [0.5, -1]}
							}
						},
						{
							"origin": [-2.25, 15.5, -0.44755],
							"size": [0.1, 1, 0.89511],
							"pivot": [0, 16, 0],
							"rotation": [0, -22.5, 0],
							"uv": {
								"north": {"uv": [26, 17], "uv_size": [0.5, 1]},
								"east": {"uv": [24, 3], "uv_size": [1, 1]},
								"south": {"uv": [18, 26], "uv_size": [0.5, 1]},
								"west": {"uv": [4, 24], "uv_size": [1, 1]},
								"up": {"uv": [26, 18], "uv_size": [0.5, 1]},
								"down": {"uv": [19, 27], "uv_size": [0.5, -1]}
							}
						}
					]
				}
			]
		}
	]
}