{
	"format_version": "1.12.0",
	"minecraft:geometry": [
		{
			"description": {
				"identifier": "geometry.unknown",
				"texture_width": 64,
				"texture_height": 64,
				"visible_bounds_width": 2,
				"visible_bounds_height": 2.5,
				"visible_bounds_offset": [0, 0.75, 0]
			},
			"bones": [
				{
					"name": "root",
					"pivot": [2, 0, 2]
				},
				{
					"name": "bone_illuminated",
					"parent": "root",
					"pivot": [2, 0, 2],
					"cubes": [
						{
							"origin": [-1, -8, -1],
							"size": [2, 24, 2],
							"uv": {
								"north": {"uv": [0, 0], "uv_size": [2, 18]},
								"east": {"uv": [2, 0], "uv_size": [2, 18]},
								"south": {"uv": [4, 0], "uv_size": [2, 18]},
								"west": {"uv": [6, 0], "uv_size": [2, 18]},
								"up": {"uv": [32, 23], "uv_size": [2, 2]},
								"down": {"uv": [32, 27], "uv_size": [2, -2]}
							}
						},
						{
							"origin": [1, -4, -1],
							"size": [2, 19, 2],
							"uv": {
								"north": {"uv": [8, 0], "uv_size": [2, 13]},
								"east": {"uv": [10, 0], "uv_size": [2, 13]},
								"south": {"uv": [12, 0], "uv_size": [2, 13]},
								"west": {"uv": [8, 13], "uv_size": [2, 13]},
								"up": {"uv": [32, 27], "uv_size": [2, 2]},
								"down": {"uv": [32, 31], "uv_size": [2, -2]}
							}
						},
						{
							"origin": [-1, -4, -3],
							"size": [2, 18, 2],
							"uv": {
								"north": {"uv": [10, 13], "uv_size": [2, 12]},
								"east": {"uv": [12, 13], "uv_size": [2, 12]},
								"south": {"uv": [14, 0], "uv_size": [2, 12]},
								"west": {"uv": [14, 12], "uv_size": [2, 12]},
								"up": {"uv": [32, 31], "uv_size": [2, 2]},
								"down": {"uv": [33, 2], "uv_size": [2, -2]}
							}
						},
						{
							"origin": [-1, -1, -4],
							"size": [2, 12, 1],
							"uv": {
								"north": {"uv": [10, 13], "uv_size": [2, 12]},
								"east": {"uv": [12, 13], "uv_size": [2, 12]},
								"south": {"uv": [14, 0], "uv_size": [2, 12]},
								"west": {"uv": [14, 12], "uv_size": [2, 12]},
								"up": {"uv": [32, 31], "uv_size": [2, 2]},
								"down": {"uv": [33, 2], "uv_size": [2, -2]}
							}
						},
						{
							"origin": [0, 11, -4],
							"size": [1, 2, 1],
							"uv": {
								"north": {"uv": [10, 13], "uv_size": [2, 12]},
								"east": {"uv": [12, 13], "uv_size": [2, 12]},
								"south": {"uv": [14, 0], "uv_size": [2, 12]},
								"west": {"uv": [14, 12], "uv_size": [2, 12]},
								"up": {"uv": [32, 31], "uv_size": [2, 2]},
								"down": {"uv": [33, 2], "uv_size": [2, -2]}
							}
						},
						{
							"origin": [1, -3, 1],
							"size": [1, 15, 2],
							"uv": {
								"north": {"uv": [26, 27], "uv_size": [1, 9]},
								"east": {"uv": [16, 24], "uv_size": [2, 9]},
								"south": {"uv": [27, 27], "uv_size": [1, 9]},
								"west": {"uv": [20, 24], "uv_size": [2, 9]},
								"up": {"uv": [30, 4], "uv_size": [1, 2]},
								"down": {"uv": [33, 35], "uv_size": [1, -2]}
							}
						},
						{
							"origin": [-3, -4, 1],
							"size": [2, 17, 2],
							"uv": {
								"north": {"uv": [2, 18], "uv_size": [2, 11]},
								"east": {"uv": [4, 18], "uv_size": [2, 11]},
								"south": {"uv": [6, 18], "uv_size": [2, 11]},
								"west": {"uv": [18, 12], "uv_size": [2, 11]},
								"up": {"uv": [33, 2], "uv_size": [2, 2]},
								"down": {"uv": [33, 6], "uv_size": [2, -2]}
							}
						},
						{
							"origin": [-3, -1, -1],
							"size": [2, 16, 2],
							"uv": {
								"north": {"uv": [20, 14], "uv_size": [2, 10]},
								"east": {"uv": [22, 14], "uv_size": [2, 10]},
								"south": {"uv": [23, 0], "uv_size": [2, 10]},
								"west": {"uv": [18, 23], "uv_size": [2, 10]},
								"up": {"uv": [33, 6], "uv_size": [2, 2]},
								"down": {"uv": [33, 10], "uv_size": [2, -2]}
							}
						},
						{
							"origin": [-1, -2, 3],
							"size": [2, 14, 1],
							"uv": {
								"north": {"uv": [24, 20], "uv_size": [2, 8]},
								"east": {"uv": [5, 29], "uv_size": [1, 8]},
								"south": {"uv": [22, 24], "uv_size": [2, 8]},
								"west": {"uv": [6, 29], "uv_size": [1, 8]},
								"up": {"uv": [12, 34], "uv_size": [2, 1]},
								"down": {"uv": [14, 35], "uv_size": [2, -1]}
							}
						},
						{
							"origin": [-4, -1, -1],
							"size": [1, 13, 3],
							"uv": {
								"north": {"uv": [1, 30], "uv_size": [1, 7]},
								"east": {"uv": [20, 0], "uv_size": [3, 7]},
								"south": {"uv": [30, 22], "uv_size": [1, 7]},
								"west": {"uv": [20, 7], "uv_size": [3, 7]},
								"up": {"uv": [25, 7], "uv_size": [1, 3]},
								"down": {"uv": [31, 14], "uv_size": [1, -3]}
							}
						},
						{
							"origin": [-5, 0, 0],
							"size": [1, 11, 2],
							"uv": {
								"north": {"uv": [1, 30], "uv_size": [1, 7]},
								"east": {"uv": [20, 0], "uv_size": [3, 7]},
								"south": {"uv": [30, 22], "uv_size": [1, 7]},
								"west": {"uv": [20, 7], "uv_size": [3, 7]},
								"up": {"uv": [25, 7], "uv_size": [1, 3]},
								"down": {"uv": [31, 14], "uv_size": [1, -3]}
							}
						},
						{
							"origin": [-4, -3, 0],
							"size": [1, 2, 2],
							"uv": {
								"north": {"uv": [23, 10], "uv_size": [1, 4]},
								"east": {"uv": [29, 6], "uv_size": [2, 4]},
								"south": {"uv": [11, 32], "uv_size": [1, 4]},
								"west": {"uv": [29, 10], "uv_size": [2, 4]},
								"up": {"uv": [34, 14], "uv_size": [1, 2]},
								"down": {"uv": [34, 18], "uv_size": [1, -2]}
							}
						},
						{
							"origin": [-3, -2.375, -2],
							"size": [2, 9.375, 3],
							"uv": {
								"north": {"uv": [32, 14], "uv_size": [2, 3]},
								"east": {"uv": [27, 0], "uv_size": [3, 3]},
								"south": {"uv": [32, 17], "uv_size": [2, 3]},
								"west": {"uv": [27, 3], "uv_size": [3, 3]},
								"up": {"uv": [32, 20], "uv_size": [2, 3]},
								"down": {"uv": [22, 35], "uv_size": [2, -3]}
							}
						},
						{
							"origin": [-2, -1, -2],
							"size": [1, 14, 1],
							"uv": {
								"north": {"uv": [7, 29], "uv_size": [1, 8]},
								"east": {"uv": [29, 14], "uv_size": [1, 8]},
								"south": {"uv": [29, 22], "uv_size": [1, 8]},
								"west": {"uv": [0, 30], "uv_size": [1, 8]},
								"up": {"uv": [27, 6], "uv_size": [1, 1]},
								"down": {"uv": [34, 35], "uv_size": [1, -1]}
							}
						},
						{
							"origin": [-3, -1, -2],
							"size": [1, 13, 1],
							"uv": {
								"north": {"uv": [29, 30], "uv_size": [1, 7]},
								"east": {"uv": [30, 29], "uv_size": [1, 7]},
								"south": {"uv": [31, 4], "uv_size": [1, 7]},
								"west": {"uv": [8, 31], "uv_size": [1, 7]},
								"up": {"uv": [35, 0], "uv_size": [1, 1]},
								"down": {"uv": [35, 2], "uv_size": [1, -1]}
							}
						},
						{
							"origin": [-2, -1, -3],
							"size": [1, 13, 1],
							"uv": {
								"north": {"uv": [9, 31], "uv_size": [1, 7]},
								"east": {"uv": [31, 22], "uv_size": [1, 7]},
								"south": {"uv": [31, 29], "uv_size": [1, 7]},
								"west": {"uv": [32, 0], "uv_size": [1, 7]},
								"up": {"uv": [35, 2], "uv_size": [1, 1]},
								"down": {"uv": [35, 4], "uv_size": [1, -1]}
							}
						},
						{
							"origin": [-3, -5, -0.75],
							"size": [2, 10.625, 1.75],
							"uv": {
								"north": {"uv": [12, 25], "uv_size": [2, 5]},
								"east": {"uv": [26, 7], "uv_size": [2, 5]},
								"south": {"uv": [8, 26], "uv_size": [2, 5]},
								"west": {"uv": [26, 12], "uv_size": [2, 5]},
								"up": {"uv": [33, 10], "uv_size": [2, 2]},
								"down": {"uv": [33, 14], "uv_size": [2, -2]}
							}
						},
						{
							"origin": [-1, -4, 1],
							"size": [2, 18, 2],
							"uv": {
								"north": {"uv": [16, 0], "uv_size": [2, 12]},
								"east": {"uv": [16, 12], "uv_size": [2, 12]},
								"south": {"uv": [0, 18], "uv_size": [2, 12]},
								"west": {"uv": [18, 0], "uv_size": [2, 12]},
								"up": {"uv": [16, 33], "uv_size": [2, 2]},
								"down": {"uv": [18, 35], "uv_size": [2, -2]}
							}
						},
						{
							"origin": [1, -2.9375, -3],
							"size": [1, 16.1875, 2],
							"uv": {
								"north": {"uv": [26, 17], "uv_size": [1, 10]},
								"east": {"uv": [24, 10], "uv_size": [2, 10]},
								"south": {"uv": [27, 17], "uv_size": [1, 10]},
								"west": {"uv": [14, 24], "uv_size": [2, 10]},
								"up": {"uv": [34, 18], "uv_size": [1, 2]},
								"down": {"uv": [34, 22], "uv_size": [1, -2]}
							}
						},
						{
							"origin": [2, -2, -2],
							"size": [1, 15, 1],
							"uv": {
								"north": {"uv": [28, 6], "uv_size": [1, 9]},
								"east": {"uv": [28, 15], "uv_size": [1, 9]},
								"south": {"uv": [24, 28], "uv_size": [1, 9]},
								"west": {"uv": [28, 24], "uv_size": [1, 9]},
								"up": {"uv": [35, 4], "uv_size": [1, 1]},
								"down": {"uv": [35, 6], "uv_size": [1, -1]}
							}
						},
						{
							"origin": [-1.8125, -7.3125, -0.75],
							"size": [0.8125, 10.3125, 1.75],
							"uv": {
								"north": {"uv": [20, 33], "uv_size": [1, 4]},
								"east": {"uv": [30, 0], "uv_size": [2, 4]},
								"south": {"uv": [21, 33], "uv_size": [1, 4]},
								"west": {"uv": [12, 30], "uv_size": [2, 4]},
								"up": {"uv": [34, 22], "uv_size": [1, 2]},
								"down": {"uv": [34, 26], "uv_size": [1, -2]}
							}
						},
						{
							"origin": [0.9375, -6.25, -0.75],
							"size": [0.8125, 10.3125, 1.75],
							"uv": {
								"north": {"uv": [28, 33], "uv_size": [1, 4]},
								"east": {"uv": [30, 14], "uv_size": [2, 4]},
								"south": {"uv": [32, 33], "uv_size": [1, 4]},
								"west": {"uv": [30, 18], "uv_size": [2, 4]},
								"up": {"uv": [34, 26], "uv_size": [1, 2]},
								"down": {"uv": [34, 30], "uv_size": [1, -2]}
							}
						},
						{
							"origin": [3, -1, -1],
							"size": [1, 13, 2],
							"uv": {
								"north": {"uv": [32, 7], "uv_size": [1, 7]},
								"east": {"uv": [25, 0], "uv_size": [2, 7]},
								"south": {"uv": [10, 32], "uv_size": [1, 7]},
								"west": {"uv": [10, 25], "uv_size": [2, 7]},
								"up": {"uv": [34, 30], "uv_size": [1, 2]},
								"down": {"uv": [34, 34], "uv_size": [1, -2]}
							}
						},
						{
							"origin": [4, 0.25, -0.5],
							"size": [0.625, 10.5, 1],
							"uv": {
								"north": {"uv": [32, 7], "uv_size": [1, 7]},
								"east": {"uv": [25, 0], "uv_size": [2, 7]},
								"south": {"uv": [10, 32], "uv_size": [1, 7]},
								"west": {"uv": [10, 25], "uv_size": [2, 7]},
								"up": {"uv": [34, 30], "uv_size": [1, 2]},
								"down": {"uv": [34, 34], "uv_size": [1, -2]}
							}
						},
						{
							"origin": [1.875, -3, 1],
							"size": [0.9375, 15, 1],
							"uv": {
								"north": {"uv": [25, 28], "uv_size": [1, 9]},
								"east": {"uv": [2, 29], "uv_size": [1, 9]},
								"south": {"uv": [3, 29], "uv_size": [1, 9]},
								"west": {"uv": [4, 29], "uv_size": [1, 9]},
								"up": {"uv": [35, 6], "uv_size": [1, 1]},
								"down": {"uv": [35, 8], "uv_size": [1, -1]}
							}
						}
					]
				}
			]
		}
	]
}