{
	"format_version": "1.12.0",
	"minecraft:geometry": [
		{
			"description": {
				"identifier": "geometry.unknown",
				"texture_width": 64,
				"texture_height": 64,
				"visible_bounds_width": 2,
				"visible_bounds_height": 2.5,
				"visible_bounds_offset": [0, 0.75, 0]
			},
			"bones": [
				{
					"name": "cell",
					"pivot": [0, 4.40625, 0],
					"rotation": [90, 0, 0]
				},
				{
					"name": "cell_inner_illuminated",
					"parent": "cell",
					"pivot": [0, 4.35937, -7.9375],
					"cubes": [
						{
							"origin": [-0.28995, 3.65937, -8.4375],
							"size": [0.5799, 1.4, 18.0625],
							"pivot": [0, 4.35937, -7.9375],
							"rotation": [0, 0, 45],
							"uv": {
								"north": {"uv": [40, 20], "uv_size": [1, 1]},
								"east": {"uv": [0, 0], "uv_size": [18, 1]},
								"south": {"uv": [40, 21], "uv_size": [1, 1]},
								"west": {"uv": [0, 1], "uv_size": [18, 1]},
								"up": {"uv": [0, 2], "uv_size": [1, 18]},
								"down": {"uv": [1, 20], "uv_size": [1, -18]}
							}
						},
						{
							"origin": [-0.28995, 3.65937, -8.4375],
							"size": [0.5799, 1.4, 18.0625],
							"uv": {
								"north": {"uv": [38, 40], "uv_size": [1, 1]},
								"east": {"uv": [2, 2], "uv_size": [18, 1]},
								"south": {"uv": [39, 40], "uv_size": [1, 1]},
								"west": {"uv": [2, 3], "uv_size": [18, 1]},
								"up": {"uv": [2, 4], "uv_size": [1, 18]},
								"down": {"uv": [3, 22], "uv_size": [1, -18]}
							}
						},
						{
							"origin": [-0.7, 4.06942, -8.4375],
							"size": [1.4, 0.5799, 18.0625],
							"pivot": [0, 4.35937, -7.9375],
							"rotation": [0, 0, 45],
							"uv": {
								"north": {"uv": [40, 40], "uv_size": [1, 1]},
								"east": {"uv": [4, 4], "uv_size": [18, 1]},
								"south": {"uv": [41, 20], "uv_size": [1, 1]},
								"west": {"uv": [4, 5], "uv_size": [18, 1]},
								"up": {"uv": [4, 6], "uv_size": [1, 18]},
								"down": {"uv": [5, 24], "uv_size": [1, -18]}
							}
						},
						{
							"origin": [-0.7, 4.06942, -8.4375],
							"size": [1.4, 0.5799, 18.0625],
							"uv": {
								"north": {"uv": [41, 21], "uv_size": [1, 1]},
								"east": {"uv": [6, 6], "uv_size": [18, 1]},
								"south": {"uv": [38, 41], "uv_size": [1, 1]},
								"west": {"uv": [6, 7], "uv_size": [18, 1]},
								"up": {"uv": [6, 8], "uv_size": [1, 18]},
								"down": {"uv": [7, 26], "uv_size": [1, -18]}
							}
						}
					]
				},
				{
					"name": "cell_outer",
					"parent": "cell",
					"pivot": [0, -5.21875, -11.5],
					"cubes": [
						{
							"origin": [-0.31066, 3.65625, -8.5],
							"size": [0.12132, 0.1, 18],
							"uv": {
								"north": {"uv": [42, 20], "uv_size": [1, 1]},
								"east": {"uv": [16, 16], "uv_size": [18, 1]},
								"south": {"uv": [42, 21], "uv_size": [1, 1]},
								"west": {"uv": [16, 17], "uv_size": [18, 1]},
								"up": {"uv": [16, 18], "uv_size": [1, 18]},
								"down": {"uv": [17, 36], "uv_size": [1, -18]}
							}
						},
						{
							"origin": [0.18934, 3.65625, -8.5],
							"size": [0.12132, 0.1, 18],
							"uv": {
								"north": {"uv": [42, 22], "uv_size": [1, 1]},
								"east": {"uv": [18, 0], "uv_size": [18, 1]},
								"south": {"uv": [42, 23], "uv_size": [1, 1]},
								"west": {"uv": [18, 1], "uv_size": [18, 1]},
								"up": {"uv": [18, 18], "uv_size": [1, 18]},
								"down": {"uv": [19, 36], "uv_size": [1, -18]}
							}
						},
						{
							"origin": [-0.25475, 4.89301, -8.5],
							"size": [0.12132, 0.1, 18],
							"pivot": [0.225, 4.39213, 0.5],
							"rotation": [0, 0, 45],
							"uv": {
								"north": {"uv": [24, 42], "uv_size": [1, 1]},
								"east": {"uv": [20, 2], "uv_size": [18, 1]},
								"south": {"uv": [25, 42], "uv_size": [1, 1]},
								"west": {"uv": [20, 3], "uv_size": [18, 1]},
								"up": {"uv": [0, 20], "uv_size": [1, 18]},
								"down": {"uv": [1, 38], "uv_size": [1, -18]}
							}
						},
						{
							"origin": [0.24525, 4.89301, -8.5],
							"size": [0.12132, 0.1, 18],
							"pivot": [0.225, 4.39213, 0.5],
							"rotation": [0, 0, 45],
							"uv": {
								"north": {"uv": [38, 42], "uv_size": [1, 1]},
								"east": {"uv": [20, 18], "uv_size": [18, 1]},
								"south": {"uv": [39, 42], "uv_size": [1, 1]},
								"west": {"uv": [20, 19], "uv_size": [18, 1]},
								"up": {"uv": [20, 20], "uv_size": [1, 18]},
								"down": {"uv": [21, 38], "uv_size": [1, -18]}
							}
						},
						{
							"origin": [0.70591, 4.43235, -8.5],
							"size": [0.1, 0.12132, 18],
							"pivot": [0.225, 4.39213, 0.5],
							"rotation": [0, 0, 45],
							"uv": {
								"north": {"uv": [40, 42], "uv_size": [1, 1]},
								"east": {"uv": [22, 4], "uv_size": [18, 1]},
								"south": {"uv": [42, 40], "uv_size": [1, 1]},
								"west": {"uv": [22, 5], "uv_size": [18, 1]},
								"up": {"uv": [2, 22], "uv_size": [1, 18]},
								"down": {"uv": [3, 40], "uv_size": [1, -18]}
							}
						},
						{
							"origin": [0.70591, 3.93235, -8.5],
							"size": [0.1, 0.12132, 18],
							"pivot": [0.225, 4.39213, 0.5],
							"rotation": [0, 0, 45],
							"uv": {
								"north": {"uv": [41, 42], "uv_size": [1, 1]},
								"east": {"uv": [22, 20], "uv_size": [18, 1]},
								"south": {"uv": [42, 41], "uv_size": [1, 1]},
								"west": {"uv": [22, 21], "uv_size": [18, 1]},
								"up": {"uv": [22, 22], "uv_size": [1, 18]},
								"down": {"uv": [23, 40], "uv_size": [1, -18]}
							}
						},
						{
							"origin": [0.65, 4.59559, -8.5],
							"size": [0.1, 0.12132, 18],
							"uv": {
								"north": {"uv": [42, 42], "uv_size": [1, 1]},
								"east": {"uv": [24, 6], "uv_size": [18, 1]},
								"south": {"uv": [4, 43], "uv_size": [1, 1]},
								"west": {"uv": [24, 7], "uv_size": [18, 1]},
								"up": {"uv": [4, 24], "uv_size": [1, 18]},
								"down": {"uv": [5, 42], "uv_size": [1, -18]}
							}
						},
						{
							"origin": [0.65, 4.09559, -8.5],
							"size": [0.1, 0.12132, 18],
							"uv": {
								"north": {"uv": [5, 43], "uv_size": [1, 1]},
								"east": {"uv": [24, 22], "uv_size": [18, 1]},
								"south": {"uv": [43, 6], "uv_size": [1, 1]},
								"west": {"uv": [24, 23], "uv_size": [18, 1]},
								"up": {"uv": [24, 24], "uv_size": [1, 18]},
								"down": {"uv": [25, 42], "uv_size": [1, -18]}
							}
						},
						{
							"origin": [-0.76066, 3.6845, -8.5],
							"size": [0.12132, 0.1, 18],
							"pivot": [-0.225, 4.42037, 0.5],
							"rotation": [0, 0, 180],
							"uv": {
								"north": {"uv": [43, 7], "uv_size": [1, 1]},
								"east": {"uv": [26, 8], "uv_size": [18, 1]},
								"south": {"uv": [43, 20], "uv_size": [1, 1]},
								"west": {"uv": [26, 9], "uv_size": [18, 1]},
								"up": {"uv": [6, 26], "uv_size": [1, 18]},
								"down": {"uv": [7, 44], "uv_size": [1, -18]}
							}
						},
						{
							"origin": [-0.70475, 4.92126, -8.5],
							"size": [0.12132, 0.1, 18],
							"pivot": [-0.225, 4.42037, 0.5],
							"rotation": [0, 0, -135],
							"uv": {
								"north": {"uv": [43, 21], "uv_size": [1, 1]},
								"east": {"uv": [26, 24], "uv_size": [18, 1]},
								"south": {"uv": [43, 22], "uv_size": [1, 1]},
								"west": {"uv": [26, 25], "uv_size": [18, 1]},
								"up": {"uv": [26, 26], "uv_size": [1, 18]},
								"down": {"uv": [27, 44], "uv_size": [1, -18]}
							}
						},
						{
							"origin": [0.25591, 4.4606, -8.5],
							"size": [0.1, 0.12132, 18],
							"pivot": [-0.225, 4.42037, 0.5],
							"rotation": [0, 0, -135],
							"uv": {
								"north": {"uv": [43, 23], "uv_size": [1, 1]},
								"east": {"uv": [28, 10], "uv_size": [18, 1]},
								"south": {"uv": [24, 43], "uv_size": [1, 1]},
								"west": {"uv": [28, 11], "uv_size": [18, 1]},
								"up": {"uv": [8, 28], "uv_size": [1, 18]},
								"down": {"uv": [9, 46], "uv_size": [1, -18]}
							}
						},
						{
							"origin": [0.2, 4.62384, -8.5],
							"size": [0.1, 0.12132, 18],
							"pivot": [-0.225, 4.42037, 0.5],
							"rotation": [0, 0, 180],
							"uv": {
								"north": {"uv": [25, 43], "uv_size": [1, 1]},
								"east": {"uv": [28, 26], "uv_size": [18, 1]},
								"south": {"uv": [38, 43], "uv_size": [1, 1]},
								"west": {"uv": [28, 27], "uv_size": [18, 1]},
								"up": {"uv": [28, 28], "uv_size": [1, 18]},
								"down": {"uv": [29, 46], "uv_size": [1, -18]}
							}
						},
						{
							"origin": [0.2, 4.12384, -8.5],
							"size": [0.1, 0.12132, 18],
							"pivot": [-0.225, 4.42037, 0.5],
							"rotation": [0, 0, 180],
							"uv": {
								"north": {"uv": [39, 43], "uv_size": [1, 1]},
								"east": {"uv": [30, 12], "uv_size": [18, 1]},
								"south": {"uv": [40, 43], "uv_size": [1, 1]},
								"west": {"uv": [30, 13], "uv_size": [18, 1]},
								"up": {"uv": [10, 30], "uv_size": [1, 18]},
								"down": {"uv": [11, 48], "uv_size": [1, -18]}
							}
						},
						{
							"origin": [-0.20475, 4.92126, -8.5],
							"size": [0.12132, 0.1, 18],
							"pivot": [-0.225, 4.42037, 0.5],
							"rotation": [0, 0, -135],
							"uv": {
								"north": {"uv": [43, 40], "uv_size": [1, 1]},
								"east": {"uv": [30, 28], "uv_size": [18, 1]},
								"south": {"uv": [41, 43], "uv_size": [1, 1]},
								"west": {"uv": [30, 29], "uv_size": [18, 1]},
								"up": {"uv": [30, 30], "uv_size": [1, 18]},
								"down": {"uv": [31, 48], "uv_size": [1, -18]}
							}
						},
						{
							"origin": [0.25591, 3.9606, -8.5],
							"size": [0.1, 0.12132, 18],
							"pivot": [-0.225, 4.42037, 0.5],
							"rotation": [0, 0, -135],
							"uv": {
								"north": {"uv": [43, 41], "uv_size": [1, 1]},
								"east": {"uv": [32, 14], "uv_size": [18, 1]},
								"south": {"uv": [42, 43], "uv_size": [1, 1]},
								"west": {"uv": [32, 15], "uv_size": [18, 1]},
								"up": {"uv": [12, 32], "uv_size": [1, 18]},
								"down": {"uv": [13, 50], "uv_size": [1, -18]}
							}
						},
						{
							"origin": [-0.26066, 3.6845, -8.5],
							"size": [0.12132, 0.1, 18],
							"pivot": [-0.225, 4.42037, 0.5],
							"rotation": [0, 0, 180],
							"uv": {
								"north": {"uv": [43, 42], "uv_size": [1, 1]},
								"east": {"uv": [32, 30], "uv_size": [18, 1]},
								"south": {"uv": [43, 43], "uv_size": [1, 1]},
								"west": {"uv": [32, 31], "uv_size": [18, 1]},
								"up": {"uv": [32, 32], "uv_size": [1, 18]},
								"down": {"uv": [33, 50], "uv_size": [1, -18]}
							}
						},
						{
							"origin": [-0.31066, 3.65625, -8.5],
							"size": [0.62132, 0.1, 0.1875],
							"pivot": [0, 4.40625, -8.5],
							"rotation": [0, 0, 45],
							"uv": {
								"north": {"uv": [4, 44], "uv_size": [1, 1]},
								"east": {"uv": [5, 44], "uv_size": [1, 1]},
								"south": {"uv": [6, 44], "uv_size": [1, 1]},
								"west": {"uv": [44, 6], "uv_size": [1, 1]},
								"up": {"uv": [7, 44], "uv_size": [1, 1]},
								"down": {"uv": [44, 8], "uv_size": [1, -1]}
							}
						},
						{
							"origin": [-0.31066, 3.65625, -8.5],
							"size": [0.62132, 0.1, 0.1875],
							"uv": {
								"north": {"uv": [44, 8], "uv_size": [1, 1]},
								"east": {"uv": [44, 9], "uv_size": [1, 1]},
								"south": {"uv": [44, 20], "uv_size": [1, 1]},
								"west": {"uv": [44, 21], "uv_size": [1, 1]},
								"up": {"uv": [44, 22], "uv_size": [1, 1]},
								"down": {"uv": [44, 24], "uv_size": [1, -1]}
							}
						},
						{
							"origin": [-0.31066, 5.05625, -8.5],
							"size": [0.62132, 0.1, 0.1875],
							"pivot": [0, 4.40625, -8.5],
							"rotation": [0, 0, 45],
							"uv": {
								"north": {"uv": [24, 44], "uv_size": [1, 1]},
								"east": {"uv": [44, 24], "uv_size": [1, 1]},
								"south": {"uv": [25, 44], "uv_size": [1, 1]},
								"west": {"uv": [44, 25], "uv_size": [1, 1]},
								"up": {"uv": [26, 44], "uv_size": [1, 1]},
								"down": {"uv": [27, 45], "uv_size": [1, -1]}
							}
						},
						{
							"origin": [-0.31066, 5.05625, -8.5],
							"size": [0.62132, 0.1, 0.1875],
							"uv": {
								"north": {"uv": [38, 44], "uv_size": [1, 1]},
								"east": {"uv": [39, 44], "uv_size": [1, 1]},
								"south": {"uv": [40, 44], "uv_size": [1, 1]},
								"west": {"uv": [44, 40], "uv_size": [1, 1]},
								"up": {"uv": [41, 44], "uv_size": [1, 1]},
								"down": {"uv": [44, 42], "uv_size": [1, -1]}
							}
						},
						{
							"origin": [0.65, 4.09559, -8.5],
							"size": [0.1, 0.62132, 0.1875],
							"pivot": [0, 4.40625, -8.5],
							"rotation": [0, 0, 45],
							"uv": {
								"north": {"uv": [42, 44], "uv_size": [1, 1]},
								"east": {"uv": [44, 42], "uv_size": [1, 1]},
								"south": {"uv": [43, 44], "uv_size": [1, 1]},
								"west": {"uv": [44, 43], "uv_size": [1, 1]},
								"up": {"uv": [44, 44], "uv_size": [1, 1]},
								"down": {"uv": [4, 46], "uv_size": [1, -1]}
							}
						},
						{
							"origin": [0.65, 4.09559, -8.5],
							"size": [0.1, 0.62132, 0.1875],
							"uv": {
								"north": {"uv": [5, 45], "uv_size": [1, 1]},
								"east": {"uv": [6, 45], "uv_size": [1, 1]},
								"south": {"uv": [45, 6], "uv_size": [1, 1]},
								"west": {"uv": [7, 45], "uv_size": [1, 1]},
								"up": {"uv": [45, 7], "uv_size": [1, 1]},
								"down": {"uv": [45, 9], "uv_size": [1, -1]}
							}
						},
						{
							"origin": [-0.75, 4.09559, -8.5],
							"size": [0.1, 0.62132, 0.1875],
							"pivot": [0, 4.40625, -8.5],
							"rotation": [0, 0, 45],
							"uv": {
								"north": {"uv": [45, 9], "uv_size": [1, 1]},
								"east": {"uv": [45, 20], "uv_size": [1, 1]},
								"south": {"uv": [45, 21], "uv_size": [1, 1]},
								"west": {"uv": [45, 22], "uv_size": [1, 1]},
								"up": {"uv": [45, 23], "uv_size": [1, 1]},
								"down": {"uv": [24, 46], "uv_size": [1, -1]}
							}
						},
						{
							"origin": [-0.75, 4.09559, -8.5],
							"size": [0.1, 0.62132, 0.1875],
							"uv": {
								"north": {"uv": [45, 24], "uv_size": [1, 1]},
								"east": {"uv": [25, 45], "uv_size": [1, 1]},
								"south": {"uv": [45, 25], "uv_size": [1, 1]},
								"west": {"uv": [26, 45], "uv_size": [1, 1]},
								"up": {"uv": [27, 45], "uv_size": [1, 1]},
								"down": {"uv": [38, 46], "uv_size": [1, -1]}
							}
						},
						{
							"origin": [-0.31066, 3.65625, -2.5],
							"size": [0.62132, 0.1, 0.1875],
							"pivot": [0, 4.40625, -2.5],
							"rotation": [0, 0, 45],
							"uv": {
								"north": {"uv": [39, 45], "uv_size": [1, 1]},
								"east": {"uv": [40, 45], "uv_size": [1, 1]},
								"south": {"uv": [45, 40], "uv_size": [1, 1]},
								"west": {"uv": [41, 45], "uv_size": [1, 1]},
								"up": {"uv": [45, 41], "uv_size": [1, 1]},
								"down": {"uv": [42, 46], "uv_size": [1, -1]}
							}
						},
						{
							"origin": [-0.31066, 3.65625, -2.5],
							"size": [0.62132, 0.1, 0.1875],
							"uv": {
								"north": {"uv": [45, 42], "uv_size": [1, 1]},
								"east": {"uv": [43, 45], "uv_size": [1, 1]},
								"south": {"uv": [45, 43], "uv_size": [1, 1]},
								"west": {"uv": [44, 45], "uv_size": [1, 1]},
								"up": {"uv": [45, 44], "uv_size": [1, 1]},
								"down": {"uv": [45, 46], "uv_size": [1, -1]}
							}
						},
						{
							"origin": [-0.31066, 5.05625, -2.5],
							"size": [0.62132, 0.1, 0.1875],
							"pivot": [0, 4.40625, -2.5],
							"rotation": [0, 0, 45],
							"uv": {
								"north": {"uv": [4, 46], "uv_size": [1, 1]},
								"east": {"uv": [5, 46], "uv_size": [1, 1]},
								"south": {"uv": [6, 46], "uv_size": [1, 1]},
								"west": {"uv": [46, 6], "uv_size": [1, 1]},
								"up": {"uv": [7, 46], "uv_size": [1, 1]},
								"down": {"uv": [46, 8], "uv_size": [1, -1]}
							}
						},
						{
							"origin": [-0.31066, 5.05625, -2.5],
							"size": [0.62132, 0.1, 0.1875],
							"uv": {
								"north": {"uv": [8, 46], "uv_size": [1, 1]},
								"east": {"uv": [46, 8], "uv_size": [1, 1]},
								"south": {"uv": [9, 46], "uv_size": [1, 1]},
								"west": {"uv": [46, 9], "uv_size": [1, 1]},
								"up": {"uv": [46, 10], "uv_size": [1, 1]},
								"down": {"uv": [46, 12], "uv_size": [1, -1]}
							}
						},
						{
							"origin": [0.65, 4.09559, -2.5],
							"size": [0.1, 0.62132, 0.1875],
							"pivot": [0, 4.40625, -2.5],
							"rotation": [0, 0, 45],
							"uv": {
								"north": {"uv": [46, 20], "uv_size": [1, 1]},
								"east": {"uv": [46, 21], "uv_size": [1, 1]},
								"south": {"uv": [46, 22], "uv_size": [1, 1]},
								"west": {"uv": [46, 23], "uv_size": [1, 1]},
								"up": {"uv": [24, 46], "uv_size": [1, 1]},
								"down": {"uv": [46, 25], "uv_size": [1, -1]}
							}
						},
						{
							"origin": [0.65, 4.09559, -2.5],
							"size": [0.1, 0.62132, 0.1875],
							"uv": {
								"north": {"uv": [25, 46], "uv_size": [1, 1]},
								"east": {"uv": [46, 25], "uv_size": [1, 1]},
								"south": {"uv": [26, 46], "uv_size": [1, 1]},
								"west": {"uv": [46, 26], "uv_size": [1, 1]},
								"up": {"uv": [27, 46], "uv_size": [1, 1]},
								"down": {"uv": [46, 28], "uv_size": [1, -1]}
							}
						},
						{
							"origin": [-0.75, 4.09559, -2.5],
							"size": [0.1, 0.62132, 0.1875],
							"pivot": [0, 4.40625, -2.5],
							"rotation": [0, 0, 45],
							"uv": {
								"north": {"uv": [28, 46], "uv_size": [1, 1]},
								"east": {"uv": [29, 46], "uv_size": [1, 1]},
								"south": {"uv": [38, 46], "uv_size": [1, 1]},
								"west": {"uv": [39, 46], "uv_size": [1, 1]},
								"up": {"uv": [40, 46], "uv_size": [1, 1]},
								"down": {"uv": [46, 41], "uv_size": [1, -1]}
							}
						},
						{
							"origin": [-0.75, 4.09559, -2.5],
							"size": [0.1, 0.62132, 0.1875],
							"uv": {
								"north": {"uv": [41, 46], "uv_size": [1, 1]},
								"east": {"uv": [46, 41], "uv_size": [1, 1]},
								"south": {"uv": [42, 46], "uv_size": [1, 1]},
								"west": {"uv": [46, 42], "uv_size": [1, 1]},
								"up": {"uv": [43, 46], "uv_size": [1, 1]},
								"down": {"uv": [46, 44], "uv_size": [1, -1]}
							}
						},
						{
							"origin": [-0.31066, 3.65625, 3.5],
							"size": [0.62132, 0.1, 0.1875],
							"pivot": [0, 4.40625, 3.5],
							"rotation": [0, 0, 45],
							"uv": {
								"north": {"uv": [44, 46], "uv_size": [1, 1]},
								"east": {"uv": [46, 44], "uv_size": [1, 1]},
								"south": {"uv": [45, 46], "uv_size": [1, 1]},
								"west": {"uv": [46, 45], "uv_size": [1, 1]},
								"up": {"uv": [46, 46], "uv_size": [1, 1]},
								"down": {"uv": [4, 48], "uv_size": [1, -1]}
							}
						},
						{
							"origin": [-0.31066, 3.65625, 3.5],
							"size": [0.62132, 0.1, 0.1875],
							"uv": {
								"north": {"uv": [5, 47], "uv_size": [1, 1]},
								"east": {"uv": [6, 47], "uv_size": [1, 1]},
								"south": {"uv": [47, 6], "uv_size": [1, 1]},
								"west": {"uv": [7, 47], "uv_size": [1, 1]},
								"up": {"uv": [47, 7], "uv_size": [1, 1]},
								"down": {"uv": [8, 48], "uv_size": [1, -1]}
							}
						},
						{
							"origin": [-0.31066, 5.05625, 3.5],
							"size": [0.62132, 0.1, 0.1875],
							"pivot": [0, 4.40625, 3.5],
							"rotation": [0, 0, 45],
							"uv": {
								"north": {"uv": [47, 8], "uv_size": [1, 1]},
								"east": {"uv": [9, 47], "uv_size": [1, 1]},
								"south": {"uv": [47, 9], "uv_size": [1, 1]},
								"west": {"uv": [47, 10], "uv_size": [1, 1]},
								"up": {"uv": [47, 11], "uv_size": [1, 1]},
								"down": {"uv": [47, 21], "uv_size": [1, -1]}
							}
						},
						{
							"origin": [-0.31066, 5.05625, 3.5],
							"size": [0.62132, 0.1, 0.1875],
							"uv": {
								"north": {"uv": [47, 21], "uv_size": [1, 1]},
								"east": {"uv": [47, 22], "uv_size": [1, 1]},
								"south": {"uv": [47, 23], "uv_size": [1, 1]},
								"west": {"uv": [24, 47], "uv_size": [1, 1]},
								"up": {"uv": [47, 24], "uv_size": [1, 1]},
								"down": {"uv": [25, 48], "uv_size": [1, -1]}
							}
						},
						{
							"origin": [0.65, 4.09559, 3.5],
							"size": [0.1, 0.62132, 0.1875],
							"pivot": [0, 4.40625, 3.5],
							"rotation": [0, 0, 45],
							"uv": {
								"north": {"uv": [47, 25], "uv_size": [1, 1]},
								"east": {"uv": [26, 47], "uv_size": [1, 1]},
								"south": {"uv": [47, 26], "uv_size": [1, 1]},
								"west": {"uv": [27, 47], "uv_size": [1, 1]},
								"up": {"uv": [47, 27], "uv_size": [1, 1]},
								"down": {"uv": [28, 48], "uv_size": [1, -1]}
							}
						},
						{
							"origin": [0.65, 4.09559, 3.5],
							"size": [0.1, 0.62132, 0.1875],
							"uv": {
								"north": {"uv": [29, 47], "uv_size": [1, 1]},
								"east": {"uv": [38, 47], "uv_size": [1, 1]},
								"south": {"uv": [39, 47], "uv_size": [1, 1]},
								"west": {"uv": [40, 47], "uv_size": [1, 1]},
								"up": {"uv": [47, 40], "uv_size": [1, 1]},
								"down": {"uv": [41, 48], "uv_size": [1, -1]}
							}
						},
						{
							"origin": [-0.75, 4.09559, 3.5],
							"size": [0.1, 0.62132, 0.1875],
							"pivot": [0, 4.40625, 3.5],
							"rotation": [0, 0, 45],
							"uv": {
								"north": {"uv": [47, 41], "uv_size": [1, 1]},
								"east": {"uv": [42, 47], "uv_size": [1, 1]},
								"south": {"uv": [47, 42], "uv_size": [1, 1]},
								"west": {"uv": [43, 47], "uv_size": [1, 1]},
								"up": {"uv": [47, 43], "uv_size": [1, 1]},
								"down": {"uv": [44, 48], "uv_size": [1, -1]}
							}
						},
						{
							"origin": [-0.75, 4.09559, 3.5],
							"size": [0.1, 0.62132, 0.1875],
							"uv": {
								"north": {"uv": [47, 44], "uv_size": [1, 1]},
								"east": {"uv": [45, 47], "uv_size": [1, 1]},
								"south": {"uv": [47, 45], "uv_size": [1, 1]},
								"west": {"uv": [46, 47], "uv_size": [1, 1]},
								"up": {"uv": [47, 46], "uv_size": [1, 1]},
								"down": {"uv": [47, 48], "uv_size": [1, -1]}
							}
						},
						{
							"origin": [-0.31066, 3.65625, 9.5],
							"size": [0.62132, 0.1, 0.1875],
							"pivot": [0, 4.40625, 9.5],
							"rotation": [0, 0, 45],
							"uv": {
								"north": {"uv": [4, 48], "uv_size": [1, 1]},
								"east": {"uv": [5, 48], "uv_size": [1, 1]},
								"south": {"uv": [6, 48], "uv_size": [1, 1]},
								"west": {"uv": [48, 6], "uv_size": [1, 1]},
								"up": {"uv": [7, 48], "uv_size": [1, 1]},
								"down": {"uv": [48, 8], "uv_size": [1, -1]}
							}
						},
						{
							"origin": [-0.31066, 3.65625, 9.5],
							"size": [0.62132, 0.1, 0.1875],
							"uv": {
								"north": {"uv": [8, 48], "uv_size": [1, 1]},
								"east": {"uv": [48, 8], "uv_size": [1, 1]},
								"south": {"uv": [9, 48], "uv_size": [1, 1]},
								"west": {"uv": [48, 9], "uv_size": [1, 1]},
								"up": {"uv": [10, 48], "uv_size": [1, 1]},
								"down": {"uv": [48, 11], "uv_size": [1, -1]}
							}
						},
						{
							"origin": [-0.15441, 4.65625, -8.5],
							"size": [0.30882, 0.1, 18.1875],
							"uv": {
								"north": {"uv": [11, 48], "uv_size": [1, 1]},
								"east": {"uv": [34, 16], "uv_size": [18, 1]},
								"south": {"uv": [48, 11], "uv_size": [1, 1]},
								"west": {"uv": [34, 17], "uv_size": [18, 1]},
								"up": {"uv": [14, 34], "uv_size": [1, 18]},
								"down": {"uv": [15, 52], "uv_size": [1, -18]}
							}
						},
						{
							"origin": [-0.31066, 5.05625, 9.5],
							"size": [0.62132, 0.1, 0.1875],
							"pivot": [0, 4.40625, 9.5],
							"rotation": [0, 0, 45],
							"uv": {
								"north": {"uv": [48, 12], "uv_size": [1, 1]},
								"east": {"uv": [48, 13], "uv_size": [1, 1]},
								"south": {"uv": [48, 20], "uv_size": [1, 1]},
								"west": {"uv": [48, 21], "uv_size": [1, 1]},
								"up": {"uv": [48, 22], "uv_size": [1, 1]},
								"down": {"uv": [48, 24], "uv_size": [1, -1]}
							}
						},
						{
							"origin": [-0.13285, 4.66518, -8.5],
							"size": [0.12132, 0.1, 18.1875],
							"pivot": [0, 4.41396, 9.59375],
							"rotation": [0, 0, 45],
							"uv": {
								"north": {"uv": [24, 48], "uv_size": [1, 1]},
								"east": {"uv": [34, 32], "uv_size": [18, 1]},
								"south": {"uv": [48, 24], "uv_size": [1, 1]},
								"west": {"uv": [34, 33], "uv_size": [18, 1]},
								"up": {"uv": [34, 34], "uv_size": [1, 18]},
								"down": {"uv": [35, 52], "uv_size": [1, -18]}
							}
						},
						{
							"origin": [0.04679, 4.64853, -8.5],
							"size": [0.12132, 0.1, 18.1875],
							"pivot": [0, 4.41396, 9.59375],
							"rotation": [0, 0, 75],
							"uv": {
								"north": {"uv": [25, 48], "uv_size": [1, 1]},
								"east": {"uv": [36, 0], "uv_size": [18, 1]},
								"south": {"uv": [48, 25], "uv_size": [1, 1]},
								"west": {"uv": [36, 1], "uv_size": [18, 1]},
								"up": {"uv": [16, 36], "uv_size": [1, 18]},
								"down": {"uv": [17, 54], "uv_size": [1, -18]}
							}
						},
						{
							"origin": [0.03908, 4.07167, -8.5],
							"size": [0.12132, 0.1, 18.1875],
							"pivot": [0, 4.41396, 9.59375],
							"rotation": [0, 0, -15],
							"uv": {
								"north": {"uv": [26, 48], "uv_size": [1, 1]},
								"east": {"uv": [36, 34], "uv_size": [18, 1]},
								"south": {"uv": [48, 26], "uv_size": [1, 1]},
								"west": {"uv": [36, 35], "uv_size": [18, 1]},
								"up": {"uv": [18, 36], "uv_size": [1, 18]},
								"down": {"uv": [19, 54], "uv_size": [1, -18]}
							}
						},
						{
							"origin": [0.01153, 4.66518, -8.5],
							"size": [0.12132, 0.1, 18.1875],
							"pivot": [0, 4.41396, 9.59375],
							"rotation": [0, 0, -45],
							"uv": {
								"north": {"uv": [27, 48], "uv_size": [1, 1]},
								"east": {"uv": [36, 36], "uv_size": [18, 1]},
								"south": {"uv": [48, 27], "uv_size": [1, 1]},
								"west": {"uv": [36, 37], "uv_size": [18, 1]},
								"up": {"uv": [0, 38], "uv_size": [1, 18]},
								"down": {"uv": [1, 56], "uv_size": [1, -18]}
							}
						},
						{
							"origin": [-0.31066, 5.05625, 9.5],
							"size": [0.62132, 0.1, 0.1875],
							"uv": {
								"north": {"uv": [28, 48], "uv_size": [1, 1]},
								"east": {"uv": [48, 28], "uv_size": [1, 1]},
								"south": {"uv": [29, 48], "uv_size": [1, 1]},
								"west": {"uv": [48, 29], "uv_size": [1, 1]},
								"up": {"uv": [30, 48], "uv_size": [1, 1]},
								"down": {"uv": [31, 49], "uv_size": [1, -1]}
							}
						},
						{
							"origin": [0.65, 4.09559, 9.5],
							"size": [0.1, 0.62132, 0.1875],
							"pivot": [0, 4.40625, 9.5],
							"rotation": [0, 0, 45],
							"uv": {
								"north": {"uv": [38, 48], "uv_size": [1, 1]},
								"east": {"uv": [39, 48], "uv_size": [1, 1]},
								"south": {"uv": [40, 48], "uv_size": [1, 1]},
								"west": {"uv": [48, 40], "uv_size": [1, 1]},
								"up": {"uv": [41, 48], "uv_size": [1, 1]},
								"down": {"uv": [48, 42], "uv_size": [1, -1]}
							}
						},
						{
							"origin": [0.65, 4.09559, 9.5],
							"size": [0.1, 0.62132, 0.1875],
							"uv": {
								"north": {"uv": [42, 48], "uv_size": [1, 1]},
								"east": {"uv": [48, 42], "uv_size": [1, 1]},
								"south": {"uv": [43, 48], "uv_size": [1, 1]},
								"west": {"uv": [48, 43], "uv_size": [1, 1]},
								"up": {"uv": [44, 48], "uv_size": [1, 1]},
								"down": {"uv": [48, 45], "uv_size": [1, -1]}
							}
						},
						{
							"origin": [-0.75, 4.09559, 9.5],
							"size": [0.1, 0.62132, 0.1875],
							"pivot": [0, 4.40625, 9.5],
							"rotation": [0, 0, 45],
							"uv": {
								"north": {"uv": [45, 48], "uv_size": [1, 1]},
								"east": {"uv": [48, 45], "uv_size": [1, 1]},
								"south": {"uv": [46, 48], "uv_size": [1, 1]},
								"west": {"uv": [48, 46], "uv_size": [1, 1]},
								"up": {"uv": [47, 48], "uv_size": [1, 1]},
								"down": {"uv": [48, 48], "uv_size": [1, -1]}
							}
						},
						{
							"origin": [0.25545, 4.28535, -8.5],
							"size": [0.1, 0.24632, 18.1875],
							"pivot": [0, 4.41396, 9.59375],
							"rotation": [0, 0, 30],
							"uv": {
								"north": {"uv": [48, 48], "uv_size": [1, 1]},
								"east": {"uv": [38, 2], "uv_size": [18, 1]},
								"south": {"uv": [4, 49], "uv_size": [1, 1]},
								"west": {"uv": [38, 3], "uv_size": [18, 1]},
								"up": {"uv": [20, 38], "uv_size": [1, 18]},
								"down": {"uv": [21, 56], "uv_size": [1, -18]}
							}
						},
						{
							"origin": [-0.16811, 4.64853, -8.5],
							"size": [0.12132, 0.1, 18.1875],
							"pivot": [0, 4.41396, 9.59375],
							"rotation": [0, 0, -75],
							"uv": {
								"north": {"uv": [5, 49], "uv_size": [1, 1]},
								"east": {"uv": [38, 18], "uv_size": [18, 1]},
								"south": {"uv": [6, 49], "uv_size": [1, 1]},
								"west": {"uv": [38, 19], "uv_size": [18, 1]},
								"up": {"uv": [36, 38], "uv_size": [1, 18]},
								"down": {"uv": [37, 56], "uv_size": [1, -18]}
							}
						},
						{
							"origin": [-0.35545, 4.28535, -8.5],
							"size": [0.1, 0.24632, 18.1875],
							"pivot": [0, 4.41396, 9.59375],
							"rotation": [0, 0, -30],
							"uv": {
								"north": {"uv": [49, 6], "uv_size": [1, 1]},
								"east": {"uv": [38, 38], "uv_size": [18, 1]},
								"south": {"uv": [7, 49], "uv_size": [1, 1]},
								"west": {"uv": [38, 39], "uv_size": [18, 1]},
								"up": {"uv": [2, 40], "uv_size": [1, 18]},
								"down": {"uv": [3, 58], "uv_size": [1, -18]}
							}
						},
						{
							"origin": [-0.1604, 4.07167, -8.5],
							"size": [0.12132, 0.1, 18.1875],
							"pivot": [0, 4.41396, 9.59375],
							"rotation": [0, 0, 15],
							"uv": {
								"north": {"uv": [49, 7], "uv_size": [1, 1]},
								"east": {"uv": [40, 4], "uv_size": [18, 1]},
								"south": {"uv": [8, 49], "uv_size": [1, 1]},
								"west": {"uv": [40, 5], "uv_size": [18, 1]},
								"up": {"uv": [22, 40], "uv_size": [1, 18]},
								"down": {"uv": [23, 58], "uv_size": [1, -18]}
							}
						},
						{
							"origin": [-0.75, 4.09559, 9.5],
							"size": [0.1, 0.62132, 0.1875],
							"uv": {
								"north": {"uv": [49, 8], "uv_size": [1, 1]},
								"east": {"uv": [9, 49], "uv_size": [1, 1]},
								"south": {"uv": [49, 9], "uv_size": [1, 1]},
								"west": {"uv": [10, 49], "uv_size": [1, 1]},
								"up": {"uv": [49, 10], "uv_size": [1, 1]},
								"down": {"uv": [11, 50], "uv_size": [1, -1]}
							}
						}
					]
				}
			]
		}
	]
}