{
	"format_version": "1.21.0",
	"minecraft:geometry": [
		{
			"description": {
				"identifier": "geometry.unknown",
				"texture_width": 64,
				"texture_height": 64,
				"visible_bounds_width": 2,
				"visible_bounds_height": 1.5,
				"visible_bounds_offset": [0, 0.25, 0]
			},
			"bones": [
				{
					"name": "bone",
					"pivot": [0.25, 0, 0],
					"cubes": [
						{
							"origin": [-2.5, 0, -5],
							"size": [5, 4, 10],
							"uv": {
								"north": {"uv": [9, 22], "uv_size": [5, 3]},
								"east": {"uv": [17, 0], "uv_size": [10, 3]},
								"south": {"uv": [14, 23], "uv_size": [5, 3]},
								"west": {"uv": [17, 3], "uv_size": [10, 3]},
								"up": {"uv": [12, 0], "uv_size": [5, 10]},
								"down": {"uv": [12, 20], "uv_size": [5, -10]}
							}
						},
						{
							"origin": [2.39645, 0, -4.95711],
							"size": [0.5, 4, 0.70711],
							"pivot": [2.64645, 2, -4.5],
							"rotation": [0, 45, 0],
							"uv": {
								"north": {"uv": [27, 0], "uv_size": [0.5, 3]},
								"east": {"uv": [0, 26], "uv_size": [0.75, 3]},
								"south": {"uv": [27, 3], "uv_size": [0.5, 3]},
								"west": {"uv": [1, 26], "uv_size": [0.75, 3]},
								"up": {"uv": [29, 29], "uv_size": [0.5, 0.75]},
								"down": {"uv": [0, 30.75], "uv_size": [0.5, -0.75]}
							}
						},
						{
							"origin": [-2.89645, 0, -4.95711],
							"size": [0.5, 4, 0.70711],
							"pivot": [-2.64645, 2, -4.5],
							"rotation": [0, -45, 0],
							"uv": {
								"north": {"uv": [5, 27], "uv_size": [0.5, 3]},
								"east": {"uv": [2, 26], "uv_size": [0.75, 3]},
								"south": {"uv": [6, 27], "uv_size": [0.5, 3]},
								"west": {"uv": [3, 26], "uv_size": [0.75, 3]},
								"up": {"uv": [30, 0], "uv_size": [0.5, 0.75]},
								"down": {"uv": [1, 30.75], "uv_size": [0.5, -0.75]}
							}
						},
						{
							"origin": [-2.89645, 0, 4.25],
							"size": [0.5, 4, 0.70711],
							"pivot": [-2.64645, 2, 4.5],
							"rotation": [0, 45, 0],
							"uv": {
								"north": {"uv": [8, 27], "uv_size": [0.5, 3]},
								"east": {"uv": [26, 9], "uv_size": [0.75, 3]},
								"south": {"uv": [9, 27], "uv_size": [0.5, 3]},
								"west": {"uv": [14, 26], "uv_size": [0.75, 3]},
								"up": {"uv": [30, 2], "uv_size": [0.5, 0.75]},
								"down": {"uv": [3, 30.75], "uv_size": [0.5, -0.75]}
							}
						},
						{
							"origin": [2.39645, 0, 4.25],
							"size": [0.5, 4, 0.70711],
							"pivot": [2.64645, 2, 4.5],
							"rotation": [0, -45, 0],
							"uv": {
								"north": {"uv": [27, 6], "uv_size": [0.5, 3]},
								"east": {"uv": [4, 26], "uv_size": [0.75, 3]},
								"south": {"uv": [7, 27], "uv_size": [0.5, 3]},
								"west": {"uv": [26, 6], "uv_size": [0.75, 3]},
								"up": {"uv": [30, 1], "uv_size": [0.5, 0.75]},
								"down": {"uv": [2, 30.75], "uv_size": [0.5, -0.75]}
							}
						},
						{
							"origin": [-3, 0, -4.5],
							"size": [6, 4, 9],
							"uv": {
								"north": {"uv": [17, 16], "uv_size": [6, 3]},
								"east": {"uv": [17, 6], "uv_size": [9, 3]},
								"south": {"uv": [0, 19], "uv_size": [6, 3]},
								"west": {"uv": [17, 9], "uv_size": [9, 3]},
								"up": {"uv": [0, 0], "uv_size": [6, 9]},
								"down": {"uv": [6, 9], "uv_size": [6, -9]}
							}
						}
					]
				},
				{
					"name": "bone2",
					"pivot": [0.25, 1.5, 0],
					"cubes": [
						{
							"origin": [-2.5, 3.5, -5.25],
							"size": [5, 2, 0.5],
							"uv": {
								"north": {"uv": [0, 24], "uv_size": [5, 2]},
								"east": {"uv": [28, 4], "uv_size": [0.5, 2]},
								"south": {"uv": [24, 21], "uv_size": [5, 2]},
								"west": {"uv": [28, 6], "uv_size": [0.5, 2]},
								"up": {"uv": [6, 19], "uv_size": [5, 0.5]},
								"down": {"uv": [23, 18.5], "uv_size": [5, -0.5]}
							}
						},
						{
							"origin": [-2.5, 3.5, 4.75],
							"size": [5, 2, 0.5],
							"uv": {
								"north": {"uv": [5, 25], "uv_size": [5, 2]},
								"east": {"uv": [28, 8], "uv_size": [0.5, 2]},
								"south": {"uv": [19, 25], "uv_size": [5, 2]},
								"west": {"uv": [28, 10], "uv_size": [0.5, 2]},
								"up": {"uv": [25, 23], "uv_size": [5, 0.5]},
								"down": {"uv": [24, 25.5], "uv_size": [5, -0.5]}
							}
						},
						{
							"origin": [2.39645, 3.5, 4.07322],
							"size": [0.67678, 2, 1.06066],
							"pivot": [2.64645, 4.5, 4.5],
							"rotation": [0, -45, 0],
							"uv": {
								"north": {"uv": [27, 9], "uv_size": [0.75, 2]},
								"east": {"uv": [15, 26], "uv_size": [1, 2]},
								"south": {"uv": [27, 11], "uv_size": [0.75, 2]},
								"west": {"uv": [16, 26], "uv_size": [1, 2]},
								"up": {"uv": [28, 20], "uv_size": [0.75, 1]},
								"down": {"uv": [28, 25], "uv_size": [0.75, -1]}
							}
						},
						{
							"origin": [-3.07322, 3.5, 4.07322],
							"size": [0.67678, 2, 1.06066],
							"pivot": [-2.64645, 4.5, 4.5],
							"rotation": [0, 45, 0],
							"uv": {
								"north": {"uv": [27, 13], "uv_size": [0.75, 2]},
								"east": {"uv": [17, 26], "uv_size": [1, 2]},
								"south": {"uv": [19, 27], "uv_size": [0.75, 2]},
								"west": {"uv": [18, 26], "uv_size": [1, 2]},
								"up": {"uv": [25, 28], "uv_size": [0.75, 1]},
								"down": {"uv": [26, 29], "uv_size": [0.75, -1]}
							}
						},
						{
							"origin": [-3.07322, 3.5, -5.13388],
							"size": [0.67678, 2, 1.06066],
							"pivot": [-2.64645, 4.5, -4.5],
							"rotation": [0, -45, 0],
							"uv": {
								"north": {"uv": [21, 27], "uv_size": [0.75, 2]},
								"east": {"uv": [25, 26], "uv_size": [1, 2]},
								"south": {"uv": [22, 27], "uv_size": [0.75, 2]},
								"west": {"uv": [26, 26], "uv_size": [1, 2]},
								"up": {"uv": [28, 27], "uv_size": [0.75, 1]},
								"down": {"uv": [28, 29], "uv_size": [0.75, -1]}
							}
						},
						{
							"origin": [2.39645, 3.5, -5.13388],
							"size": [0.67678, 2, 1.06066],
							"pivot": [2.64645, 4.5, -4.5],
							"rotation": [0, 45, 0],
							"uv": {
								"north": {"uv": [27, 19], "uv_size": [0.75, 2]},
								"east": {"uv": [26, 19], "uv_size": [1, 2]},
								"south": {"uv": [20, 27], "uv_size": [0.75, 2]},
								"west": {"uv": [24, 26], "uv_size": [1, 2]},
								"up": {"uv": [28, 26], "uv_size": [0.75, 1]},
								"down": {"uv": [27, 29], "uv_size": [0.75, -1]}
							}
						},
						{
							"origin": [-2.75, 3.5, -4.75],
							"size": [5.5625, 1.95313, 9.5],
							"uv": {
								"north": {"uv": [23, 16], "uv_size": [5.5, 2]},
								"east": {"uv": [17, 12], "uv_size": [9.5, 2]},
								"south": {"uv": [19, 23], "uv_size": [5.5, 2]},
								"west": {"uv": [17, 14], "uv_size": [9.5, 2]},
								"up": {"uv": [64, 42], "uv_size": [-23.5, -38.25]},
								"down": {"uv": [6, 18.5], "uv_size": [5.5, -9.5]}
							}
						},
						{
							"origin": [-3.25, 3.5, -4.5],
							"size": [0.5, 2, 9],
							"uv": {
								"north": {"uv": [28, 12], "uv_size": [0.5, 2]},
								"east": {"uv": [17, 19], "uv_size": [9, 2]},
								"south": {"uv": [28, 14], "uv_size": [0.5, 2]},
								"west": {"uv": [6, 20], "uv_size": [9, 2]},
								"up": {"uv": [10, 25], "uv_size": [0.5, 9]},
								"down": {"uv": [11, 34], "uv_size": [0.5, -9]}
							}
						},
						{
							"origin": [2.75, 3.5, -4.5],
							"size": [0.5, 2, 9],
							"uv": {
								"north": {"uv": [15, 28], "uv_size": [0.5, 2]},
								"east": {"uv": [15, 21], "uv_size": [9, 2]},
								"south": {"uv": [16, 28], "uv_size": [0.5, 2]},
								"west": {"uv": [0, 22], "uv_size": [9, 2]},
								"up": {"uv": [12, 25], "uv_size": [0.5, 9]},
								"down": {"uv": [13, 34], "uv_size": [0.5, -9]}
							}
						},
						{
							"origin": [2.76563, -1.5, -5.25],
							"size": [0.25, 6.5, 2.5],
							"pivot": [2.88282, -0.25, -2],
							"rotation": [-90, 0, 0],
							"uv": {
								"north": {"uv": [15, 28], "uv_size": [0.5, 2]},
								"east": {"uv": [15, 21], "uv_size": [9, 2]},
								"south": {"uv": [16, 28], "uv_size": [0.5, 2]},
								"west": {"uv": [18.75, 62.25], "uv_size": [7.75, -23.25]},
								"up": {"uv": [12, 25], "uv_size": [0.5, 9]},
								"down": {"uv": [13, 34], "uv_size": [0.5, -9]}
							}
						},
						{
							"origin": [2.75, 3.79688, -2.375],
							"size": [0.75, 0.75, 0.75],
							"uv": {
								"north": {"uv": [29, 10], "uv_size": [0.75, 0.75]},
								"east": {"uv": [29, 11], "uv_size": [0.75, 0.75]},
								"south": {"uv": [29, 12], "uv_size": [0.75, 0.75]},
								"west": {"uv": [29, 13], "uv_size": [0.75, 0.75]},
								"up": {"uv": [14, 29], "uv_size": [0.75, 0.75]},
								"down": {"uv": [29, 14.75], "uv_size": [0.75, -0.75]}
							}
						},
						{
							"origin": [-3.375, 3.29688, -2.875],
							"size": [0.75, 0.75, 1.75],
							"pivot": [-3, 3.67188, -2],
							"rotation": [0, 0, -30],
							"uv": {
								"north": {"uv": [22, 29], "uv_size": [0.75, 0.75]},
								"east": {"uv": [15, 20], "uv_size": [1.75, 0.75]},
								"south": {"uv": [29, 22], "uv_size": [0.75, 0.75]},
								"west": {"uv": [5, 24], "uv_size": [1.75, 0.75]},
								"up": {"uv": [23, 27], "uv_size": [0.75, 1.75]},
								"down": {"uv": [27, 27.75], "uv_size": [0.75, -1.75]}
							}
						},
						{
							"origin": [-3.375, 3.29688, 1.125],
							"size": [0.75, 0.75, 1.75],
							"pivot": [-3, 3.67188, 2],
							"rotation": [0, 0, -30],
							"uv": {
								"north": {"uv": [23, 29], "uv_size": [0.75, 0.75]},
								"east": {"uv": [7, 24], "uv_size": [1.75, 0.75]},
								"south": {"uv": [29, 24], "uv_size": [0.75, 0.75]},
								"west": {"uv": [25, 24], "uv_size": [1.75, 0.75]},
								"up": {"uv": [28, 0], "uv_size": [0.75, 1.75]},
								"down": {"uv": [28, 3.75], "uv_size": [0.75, -1.75]}
							}
						},
						{
							"origin": [2.75, 2.375, -2.3125],
							"size": [0.75, 1, 0.625],
							"uv": {
								"north": {"uv": [0, 29], "uv_size": [0.75, 1]},
								"east": {"uv": [29, 0], "uv_size": [0.75, 1]},
								"south": {"uv": [1, 29], "uv_size": [0.75, 1]},
								"west": {"uv": [29, 1], "uv_size": [0.75, 1]},
								"up": {"uv": [29, 15], "uv_size": [0.75, 0.75]},
								"down": {"uv": [29, 16.75], "uv_size": [0.75, -0.75]}
							}
						},
						{
							"origin": [3.125, 3.1875, -2.3125],
							"size": [0.375, 0.1875, 0.625],
							"pivot": [3.125, 2.875, -2],
							"rotation": [-90, 0, 0],
							"uv": {
								"north": {"uv": [26, 30], "uv_size": [0.5, 0.25]},
								"east": {"uv": [19, 30], "uv_size": [0.75, 0.25]},
								"south": {"uv": [30, 26], "uv_size": [0.5, 0.25]},
								"west": {"uv": [30, 19], "uv_size": [0.75, 0.25]},
								"up": {"uv": [30, 3], "uv_size": [0.5, 0.75]},
								"down": {"uv": [30, 4.75], "uv_size": [0.5, -0.75]}
							}
						},
						{
							"origin": [3.125, 3.1875, -3.125],
							"size": [0.375, 0.1875, 0.625],
							"pivot": [3.125, 2.875, -2.8125],
							"rotation": [-90, 0, 0],
							"uv": {
								"north": {"uv": [27, 30], "uv_size": [0.5, 0.25]},
								"east": {"uv": [20, 30], "uv_size": [0.75, 0.25]},
								"south": {"uv": [30, 27], "uv_size": [0.5, 0.25]},
								"west": {"uv": [30, 20], "uv_size": [0.75, 0.25]},
								"up": {"uv": [5, 30], "uv_size": [0.5, 0.75]},
								"down": {"uv": [30, 5.75], "uv_size": [0.5, -0.75]}
							}
						},
						{
							"origin": [3.125, 3.94194, -2.45267],
							"size": [0.375, 0.1875, 0.26517],
							"pivot": [3.125, 3.62944, -2.5],
							"rotation": [-135, 0, 0],
							"uv": {
								"north": {"uv": [28, 30], "uv_size": [0.5, 0.25]},
								"east": {"uv": [31, 23], "uv_size": [0.25, 0.25]},
								"south": {"uv": [30, 28], "uv_size": [0.5, 0.25]},
								"west": {"uv": [24, 31], "uv_size": [0.25, 0.25]},
								"up": {"uv": [29, 30], "uv_size": [0.5, 0.25]},
								"down": {"uv": [30, 29.25], "uv_size": [0.5, -0.25]}
							}
						},
						{
							"origin": [-1.96875, 0.07015, -5.10686],
							"size": [3.9375, 0.18783, 0.27621],
							"pivot": [0, 0.16406, -4.96875],
							"rotation": [-135, 0, 0],
							"uv": {
								"north": {"uv": [28.5, 30], "uv_size": [-0.5, 0.25]},
								"east": {"uv": [24.25, 31], "uv_size": [-0.25, 0.25]},
								"south": {"uv": [30.5, 28], "uv_size": [-0.5, 0.25]},
								"west": {"uv": [31.25, 23], "uv_size": [-0.25, 0.25]},
								"up": {"uv": [29.5, 30], "uv_size": [-0.5, 0.25]},
								"down": {"uv": [30.5, 29.25], "uv_size": [-0.5, -0.25]}
							}
						},
						{
							"origin": [-1.96875, 0.07015, 4.83064],
							"size": [3.9375, 0.18783, 0.27621],
							"pivot": [0, 0.16406, 4.96875],
							"rotation": [135, 0, 0],
							"uv": {
								"north": {"uv": [30, 28], "uv_size": [0.5, 0.25]},
								"east": {"uv": [24, 31], "uv_size": [0.25, 0.25]},
								"south": {"uv": [28, 30], "uv_size": [0.5, 0.25]},
								"west": {"uv": [31, 23], "uv_size": [0.25, 0.25]},
								"up": {"uv": [29.5, 30.25], "uv_size": [-0.5, -0.25]},
								"down": {"uv": [30.5, 29], "uv_size": [-0.5, 0.25]}
							}
						},
						{
							"origin": [3.125, 3.94194, -1.8125],
							"size": [0.375, 0.1875, 0.26517],
							"pivot": [3.125, 3.62944, -1.5],
							"rotation": [135, 0, 0],
							"uv": {
								"north": {"uv": [30, 30], "uv_size": [0.5, 0.25]},
								"east": {"uv": [31, 24], "uv_size": [0.25, 0.25]},
								"south": {"uv": [0, 31], "uv_size": [0.5, 0.25]},
								"west": {"uv": [25, 31], "uv_size": [0.25, 0.25]},
								"up": {"uv": [31, 0], "uv_size": [0.5, 0.25]},
								"down": {"uv": [1, 31.25], "uv_size": [0.5, -0.25]}
							}
						},
						{
							"origin": [3.125, 2.2009, -2.37297],
							"size": [0.375, 0.1875, 0.26517],
							"pivot": [3.3125, 2.53504, -2],
							"rotation": [-45, 0, 0],
							"uv": {
								"north": {"uv": [31, 3], "uv_size": [0.5, 0.25]},
								"east": {"uv": [31, 26], "uv_size": [0.25, 0.25]},
								"south": {"uv": [4, 31], "uv_size": [0.5, 0.25]},
								"west": {"uv": [27, 31], "uv_size": [0.25, 0.25]},
								"up": {"uv": [31, 4], "uv_size": [0.5, 0.25]},
								"down": {"uv": [5, 31.25], "uv_size": [0.5, -0.25]}
							}
						},
						{
							"origin": [3.125, 2.2009, -1.8922],
							"size": [0.375, 0.1875, 0.26517],
							"pivot": [3.3125, 2.53504, -2],
							"rotation": [45, 0, 0],
							"uv": {
								"north": {"uv": [31, 1], "uv_size": [0.5, 0.25]},
								"east": {"uv": [31, 25], "uv_size": [0.25, 0.25]},
								"south": {"uv": [2, 31], "uv_size": [0.5, 0.25]},
								"west": {"uv": [26, 31], "uv_size": [0.25, 0.25]},
								"up": {"uv": [31, 2], "uv_size": [0.5, 0.25]},
								"down": {"uv": [3, 31.25], "uv_size": [0.5, -0.25]}
							}
						},
						{
							"origin": [2.75, 2.375, -2.5],
							"size": [0.375, 1, 1],
							"uv": {
								"north": {"uv": [25, 29], "uv_size": [0.5, 1]},
								"east": {"uv": [11, 19], "uv_size": [1, 1]},
								"south": {"uv": [29, 25], "uv_size": [0.5, 1]},
								"west": {"uv": [14, 22], "uv_size": [1, 1]},
								"up": {"uv": [26, 29], "uv_size": [0.5, 1]},
								"down": {"uv": [29, 27], "uv_size": [0.5, -1]}
							}
						},
						{
							"origin": [3.3125, 3.375, -2.1875],
							"size": [0.125, 0.4375, 0.375],
							"uv": {
								"north": {"uv": [24, 30], "uv_size": [0.25, 0.5]},
								"east": {"uv": [16, 30], "uv_size": [0.5, 0.5]},
								"south": {"uv": [30, 24], "uv_size": [0.25, 0.5]},
								"west": {"uv": [30, 16], "uv_size": [0.5, 0.5]},
								"up": {"uv": [25, 30], "uv_size": [0.25, 0.5]},
								"down": {"uv": [30, 25.5], "uv_size": [0.25, -0.5]}
							}
						},
						{
							"origin": [3.25, 3.60938, -2.3125],
							"size": [0.0625, 1.125, 0.625],
							"pivot": [3.3125, 4.17188, -2],
							"rotation": [-90, 0, 0],
							"uv": {
								"north": {"uv": [8, 30], "uv_size": [0.25, 1.25]},
								"east": {"uv": [17, 28], "uv_size": [0.75, 1.25]},
								"south": {"uv": [30, 8], "uv_size": [0.25, 1.25]},
								"west": {"uv": [18, 28], "uv_size": [0.75, 1.25]},
								"up": {"uv": [18, 30], "uv_size": [0.25, 0.75]},
								"down": {"uv": [30, 18.75], "uv_size": [0.25, -0.75]}
							}
						},
						{
							"origin": [3.25, 3.54688, -2.25],
							"size": [0.0625, 1.25, 0.5],
							"pivot": [3.3125, 4.17188, -2],
							"rotation": [-90, 0, 0],
							"uv": {
								"north": {"uv": [9, 30], "uv_size": [0.25, 1.25]},
								"east": {"uv": [4, 29], "uv_size": [0.5, 1.25]},
								"south": {"uv": [30, 10], "uv_size": [0.25, 1.25]},
								"west": {"uv": [29, 4], "uv_size": [0.5, 1.25]},
								"up": {"uv": [31, 5], "uv_size": [0.25, 0.5]},
								"down": {"uv": [6, 31.5], "uv_size": [0.25, -0.5]}
							}
						},
						{
							"origin": [3.25, 4.35938, -2.5625],
							"size": [0.0625, 0.125, 0.08839],
							"pivot": [3.28125, 4.42188, -2.53661],
							"rotation": [-135, 0, 0],
							"uv": {
								"north": {"uv": [31, 27], "uv_size": [0.25, 0.25]},
								"east": {"uv": [28, 31], "uv_size": [0.25, 0.25]},
								"south": {"uv": [31, 28], "uv_size": [0.25, 0.25]},
								"west": {"uv": [29, 31], "uv_size": [0.25, 0.25]},
								"up": {"uv": [31, 29], "uv_size": [0.25, 0.25]},
								"down": {"uv": [30, 31.25], "uv_size": [0.25, -0.25]}
							}
						},
						{
							"origin": [3.25, 3.85938, -2.5625],
							"size": [0.0625, 0.08839, 0.08839],
							"pivot": [3.28125, 3.92188, -2.53661],
							"rotation": [-135, 0, 0],
							"uv": {
								"north": {"uv": [31, 30], "uv_size": [0.25, 0.25]},
								"east": {"uv": [31, 31], "uv_size": [0.25, 0.25]},
								"south": {"uv": [0, 32], "uv_size": [0.25, 0.25]},
								"west": {"uv": [32, 0], "uv_size": [0.25, 0.25]},
								"up": {"uv": [1, 32], "uv_size": [0.25, 0.25]},
								"down": {"uv": [32, 1.25], "uv_size": [0.25, -0.25]}
							}
						},
						{
							"origin": [3.25, 3.85938, -1.52589],
							"size": [0.0625, 0.08839, 0.08839],
							"pivot": [3.28125, 3.92188, -1.46339],
							"rotation": [135, 0, 0],
							"uv": {
								"north": {"uv": [5, 32], "uv_size": [0.25, 0.25]},
								"east": {"uv": [32, 5], "uv_size": [0.25, 0.25]},
								"south": {"uv": [6, 32], "uv_size": [0.25, 0.25]},
								"west": {"uv": [32, 6], "uv_size": [0.25, 0.25]},
								"up": {"uv": [7, 32], "uv_size": [0.25, 0.25]},
								"down": {"uv": [32, 7.25], "uv_size": [0.25, -0.25]}
							}
						},
						{
							"origin": [3.25, 4.35938, -1.52589],
							"size": [0.0625, 0.125, 0.08839],
							"pivot": [3.28125, 4.42188, -1.46339],
							"rotation": [135, 0, 0],
							"uv": {
								"north": {"uv": [2, 32], "uv_size": [0.25, 0.25]},
								"east": {"uv": [32, 2], "uv_size": [0.25, 0.25]},
								"south": {"uv": [3, 32], "uv_size": [0.25, 0.25]},
								"west": {"uv": [32, 3], "uv_size": [0.25, 0.25]},
								"up": {"uv": [4, 32], "uv_size": [0.25, 0.25]},
								"down": {"uv": [32, 4.25], "uv_size": [0.25, -0.25]}
							}
						},
						{
							"origin": [2.75, 3.79688, 1.625],
							"size": [0.75, 0.75, 0.75],
							"uv": {
								"north": {"uv": [19, 29], "uv_size": [0.75, 0.75]},
								"east": {"uv": [29, 19], "uv_size": [0.75, 0.75]},
								"south": {"uv": [20, 29], "uv_size": [0.75, 0.75]},
								"west": {"uv": [29, 20], "uv_size": [0.75, 0.75]},
								"up": {"uv": [21, 29], "uv_size": [0.75, 0.75]},
								"down": {"uv": [29, 21.75], "uv_size": [0.75, -0.75]}
							}
						},
						{
							"origin": [2.75, 2.375, 1.6875],
							"size": [0.75, 1, 0.625],
							"uv": {
								"north": {"uv": [2, 29], "uv_size": [0.75, 1]},
								"east": {"uv": [29, 2], "uv_size": [0.75, 1]},
								"south": {"uv": [3, 29], "uv_size": [0.75, 1]},
								"west": {"uv": [29, 3], "uv_size": [0.75, 1]},
								"up": {"uv": [29, 17], "uv_size": [0.75, 0.75]},
								"down": {"uv": [29, 18.75], "uv_size": [0.75, -0.75]}
							}
						},
						{
							"origin": [3.3125, 3.375, 1.8125],
							"size": [0.125, 0.4375, 0.375],
							"uv": {
								"north": {"uv": [31, 21], "uv_size": [0.25, 0.5]},
								"east": {"uv": [17, 30], "uv_size": [0.5, 0.5]},
								"south": {"uv": [22, 31], "uv_size": [0.25, 0.5]},
								"west": {"uv": [30, 17], "uv_size": [0.5, 0.5]},
								"up": {"uv": [31, 22], "uv_size": [0.25, 0.5]},
								"down": {"uv": [23, 31.5], "uv_size": [0.25, -0.5]}
							}
						},
						{
							"origin": [3.25, 3.60938, 1.6875],
							"size": [0.0625, 1.125, 0.625],
							"pivot": [3.3125, 4.17188, 2],
							"rotation": [90, 0, 0],
							"uv": {
								"north": {"uv": [30, 14], "uv_size": [0.25, 1.25]},
								"east": {"uv": [28, 18], "uv_size": [0.75, 1.25]},
								"south": {"uv": [15, 30], "uv_size": [0.25, 1.25]},
								"west": {"uv": [24, 28], "uv_size": [0.75, 1.25]},
								"up": {"uv": [23, 30], "uv_size": [0.25, 0.75]},
								"down": {"uv": [30, 23.75], "uv_size": [0.25, -0.75]}
							}
						},
						{
							"origin": [2.75, 2.375, 1.5],
							"size": [0.375, 1, 1],
							"uv": {
								"north": {"uv": [27, 29], "uv_size": [0.5, 1]},
								"east": {"uv": [27, 15], "uv_size": [1, 1]},
								"south": {"uv": [29, 27], "uv_size": [0.5, 1]},
								"west": {"uv": [27, 24], "uv_size": [1, 1]},
								"up": {"uv": [28, 29], "uv_size": [0.5, 1]},
								"down": {"uv": [29, 29], "uv_size": [0.5, -1]}
							}
						},
						{
							"origin": [3.125, 3.1875, 1.6875],
							"size": [0.375, 0.1875, 0.625],
							"pivot": [3.125, 2.875, 2],
							"rotation": [90, 0, 0],
							"uv": {
								"north": {"uv": [31, 20], "uv_size": [0.5, 0.25]},
								"east": {"uv": [22, 30], "uv_size": [0.75, 0.25]},
								"south": {"uv": [21, 31], "uv_size": [0.5, 0.25]},
								"west": {"uv": [30, 22], "uv_size": [0.75, 0.25]},
								"up": {"uv": [7, 30], "uv_size": [0.5, 0.75]},
								"down": {"uv": [30, 7.75], "uv_size": [0.5, -0.75]}
							}
						},
						{
							"origin": [3.125, 3.1875, 2.5],
							"size": [0.375, 0.1875, 0.625],
							"pivot": [3.125, 2.875, 2.8125],
							"rotation": [90, 0, 0],
							"uv": {
								"north": {"uv": [31, 19], "uv_size": [0.5, 0.25]},
								"east": {"uv": [21, 30], "uv_size": [0.75, 0.25]},
								"south": {"uv": [20, 31], "uv_size": [0.5, 0.25]},
								"west": {"uv": [30, 21], "uv_size": [0.75, 0.25]},
								"up": {"uv": [6, 30], "uv_size": [0.5, 0.75]},
								"down": {"uv": [30, 6.75], "uv_size": [0.5, -0.75]}
							}
						},
						{
							"origin": [3.125, 3.94194, 2.1875],
							"size": [0.375, 0.1875, 0.26517],
							"pivot": [3.125, 3.62944, 2.5],
							"rotation": [135, 0, 0],
							"uv": {
								"north": {"uv": [31, 17], "uv_size": [0.5, 0.25]},
								"east": {"uv": [25, 32], "uv_size": [0.25, 0.25]},
								"south": {"uv": [18, 31], "uv_size": [0.5, 0.25]},
								"west": {"uv": [32, 25], "uv_size": [0.25, 0.25]},
								"up": {"uv": [31, 18], "uv_size": [0.5, 0.25]},
								"down": {"uv": [19, 31.25], "uv_size": [0.5, -0.25]}
							}
						},
						{
							"origin": [3.125, 3.94194, 1.54733],
							"size": [0.375, 0.1875, 0.26517],
							"pivot": [3.125, 3.62944, 1.5],
							"rotation": [-135, 0, 0],
							"uv": {
								"north": {"uv": [31, 15], "uv_size": [0.5, 0.25]},
								"east": {"uv": [24, 32], "uv_size": [0.25, 0.25]},
								"south": {"uv": [16, 31], "uv_size": [0.5, 0.25]},
								"west": {"uv": [32, 24], "uv_size": [0.25, 0.25]},
								"up": {"uv": [31, 16], "uv_size": [0.5, 0.25]},
								"down": {"uv": [17, 31.25], "uv_size": [0.5, -0.25]}
							}
						},
						{
							"origin": [3.125, 2.2009, 1.62703],
							"size": [0.375, 0.1875, 0.26517],
							"pivot": [3.3125, 2.53504, 2],
							"rotation": [-45, 0, 0],
							"uv": {
								"north": {"uv": [31, 11], "uv_size": [0.5, 0.25]},
								"east": {"uv": [23, 32], "uv_size": [0.25, 0.25]},
								"south": {"uv": [31, 12], "uv_size": [0.5, 0.25]},
								"west": {"uv": [32, 23], "uv_size": [0.25, 0.25]},
								"up": {"uv": [31, 13], "uv_size": [0.5, 0.25]},
								"down": {"uv": [31, 14.25], "uv_size": [0.5, -0.25]}
							}
						},
						{
							"origin": [3.125, 2.2009, 2.1078],
							"size": [0.375, 0.1875, 0.26517],
							"pivot": [3.3125, 2.53504, 2],
							"rotation": [45, 0, 0],
							"uv": {
								"north": {"uv": [31, 7], "uv_size": [0.5, 0.25]},
								"east": {"uv": [22, 32], "uv_size": [0.25, 0.25]},
								"south": {"uv": [31, 8], "uv_size": [0.5, 0.25]},
								"west": {"uv": [32, 22], "uv_size": [0.25, 0.25]},
								"up": {"uv": [31, 9], "uv_size": [0.5, 0.25]},
								"down": {"uv": [31, 10.25], "uv_size": [0.5, -0.25]}
							}
						},
						{
							"origin": [3.25, 3.54688, 1.75],
							"size": [0.0625, 1.25, 0.5],
							"pivot": [3.3125, 4.17188, 2],
							"rotation": [90, 0, 0],
							"uv": {
								"north": {"uv": [30, 12], "uv_size": [0.25, 1.25]},
								"east": {"uv": [29, 6], "uv_size": [0.5, 1.25]},
								"south": {"uv": [14, 30], "uv_size": [0.25, 1.25]},
								"west": {"uv": [29, 8], "uv_size": [0.5, 1.25]},
								"up": {"uv": [31, 6], "uv_size": [0.25, 0.5]},
								"down": {"uv": [7, 31.5], "uv_size": [0.25, -0.5]}
							}
						},
						{
							"origin": [3.25, 4.35938, 2.47411],
							"size": [0.0625, 0.125, 0.08839],
							"pivot": [3.28125, 4.42188, 2.53661],
							"rotation": [135, 0, 0],
							"uv": {
								"north": {"uv": [19, 32], "uv_size": [0.25, 0.25]},
								"east": {"uv": [32, 19], "uv_size": [0.25, 0.25]},
								"south": {"uv": [20, 32], "uv_size": [0.25, 0.25]},
								"west": {"uv": [32, 20], "uv_size": [0.25, 0.25]},
								"up": {"uv": [21, 32], "uv_size": [0.25, 0.25]},
								"down": {"uv": [32, 21.25], "uv_size": [0.25, -0.25]}
							}
						},
						{
							"origin": [3.25, 3.85938, 2.47411],
							"size": [0.0625, 0.08839, 0.08839],
							"pivot": [3.28125, 3.92188, 2.53661],
							"rotation": [135, 0, 0],
							"uv": {
								"north": {"uv": [16, 32], "uv_size": [0.25, 0.25]},
								"east": {"uv": [32, 16], "uv_size": [0.25, 0.25]},
								"south": {"uv": [17, 32], "uv_size": [0.25, 0.25]},
								"west": {"uv": [32, 17], "uv_size": [0.25, 0.25]},
								"up": {"uv": [18, 32], "uv_size": [0.25, 0.25]},
								"down": {"uv": [32, 18.25], "uv_size": [0.25, -0.25]}
							}
						},
						{
							"origin": [3.25, 4.35938, 1.4375],
							"size": [0.0625, 0.125, 0.08839],
							"pivot": [3.28125, 4.42188, 1.46339],
							"rotation": [-135, 0, 0],
							"uv": {
								"north": {"uv": [32, 12], "uv_size": [0.25, 0.25]},
								"east": {"uv": [32, 13], "uv_size": [0.25, 0.25]},
								"south": {"uv": [14, 32], "uv_size": [0.25, 0.25]},
								"west": {"uv": [32, 14], "uv_size": [0.25, 0.25]},
								"up": {"uv": [15, 32], "uv_size": [0.25, 0.25]},
								"down": {"uv": [32, 15.25], "uv_size": [0.25, -0.25]}
							}
						},
						{
							"origin": [3.25, 3.85938, 1.4375],
							"size": [0.0625, 0.08839, 0.08839],
							"pivot": [3.28125, 3.92188, 1.46339],
							"rotation": [-135, 0, 0],
							"uv": {
								"north": {"uv": [8, 32], "uv_size": [0.25, 0.25]},
								"east": {"uv": [32, 8], "uv_size": [0.25, 0.25]},
								"south": {"uv": [9, 32], "uv_size": [0.25, 0.25]},
								"west": {"uv": [32, 9], "uv_size": [0.25, 0.25]},
								"up": {"uv": [32, 10], "uv_size": [0.25, 0.25]},
								"down": {"uv": [32, 11.25], "uv_size": [0.25, -0.25]}
							}
						}
					]
				}
			]
		}
	]
}