{
  "materials": [
    {
      "item": {
        "item": "minecraft:crying_obsidian"
      },
      "count": 2
    },
    {
      "item": {
        "tag": "forge:gems/diamond"
      },
      "count": 6
    },
    {
      "item": {
        "item": "minecraft:ender_pearl"
      },
      "count": 6
    },
    {
      "item": {
        "item": "minecraft:blaze_powder"
      },
      "count": 6
    },
    {
      "item": {
        "item": "minecraft:netherite_ingot"
      },
      "count": 3
    },
    {
      "item": {
        "item": "minecraft:nether_star"
      },
      "count": 1
    }
  ],
  "result": {
    "type": "attachment",
    "id": "hlm:ar2_charge"
  },
  "type": "tacz:gun_smith_table_crafting"
}