{
  "materials": [
    {
      "item": {
        "tag": "forge:glass_panes"
      },
      "count": 1
    },
    {
      "item": {
        "item": "minecraft:redstone"
      },
      "count": 3
    },
    {
      "item": {
        "item": "minecraft:quartz"
      },
      "count": 3
    },
    {
      "item": {
        "item": "minecraft:glowstone_dust"
      },
      "count": 12
    }
  ],
  "result": {
    "type": "attachment",
    "id": "hlm:ar3_flash"
  },
  "type": "tacz:gun_smith_table_crafting"
}