{
  "materials": [
    {
      "item": {
        "tag": "forge:ingots/iron"
      },
      "count": 12
    },
    {
      "item": {
        "tag": "forge:ingots/gold"
      },
      "count": 12
    },
    {
      "item": {
        "tag": "forge:gems/diamond"
      },
      "count": 6
    },
    {
      "item": {
        "item": "minecraft:prismarine_crystals"
      },
      "count": 6
    },
    {
      "item": {
        "item": "minecraft:amethyst_shard"
      },
      "count": 6
    }
  ],
  "result": {
    "type": "custom",
    "group": "muzzle",
	"item": {
	"item":"tacz:attachment",
	   "nbt":{
	   "AttachmentId":"hlm:ar_laser"
	   }
	}
  },
  "type": "tacz:gun_smith_table_crafting"
}