{
  "materials": [
    {
      "item": {
        "tag": "forge:glass_panes"
      },
      "count": 1
    },
    {
      "item": {
        "item": "minecraft:redstone"
      },
      "count": 3
    },
    {
      "item": {
        "item": "minecraft:quartz"
      },
      "count": 3
    },
    {
      "item": {
        "item": "minecraft:glowstone_dust"
      },
      "count": 3
    }
  ],
  "result": {
    "type": "custom",
    "group": "muzzle",
	"item": {
	"item":"tacz:attachment",
	   "nbt":{
	   "AttachmentId":"hlm:laser"
	   }
	}
  },
  "type": "tacz:gun_smith_table_crafting"
}