{
  "materials": [
    {
      "item": {
        "tag": "forge:ingots/iron"
      },
      "count": 32
    },
    {
      "item": {
        "tag": "forge:ingots/gold"
      },
      "count": 8
    },
    {
      "item": {
        "tag": "forge:gems/diamond"
      },
      "count": 1
    },
    {
      "item": {
        "item": "minecraft:obsidian"
      },
      "count": 2
    }
  ],
  "result": {
    "type": "gun",
    "id": "hlm:ar1",
    "ammo_count": 30
  },
  "type": "tacz:gun_smith_table_crafting"
}