{
  "materials": [
    {
      "item": {
        "tag": "forge:ingots/iron"
      },
      "count": 48
    },
    {
      "item": {
        "item": "minecraft:blaze_rod"
      },
      "count": 2
    },
    {
      "item": {
        "tag": "forge:gems/diamond"
      },
      "count": 4
    },
    {
      "item": {
        "item": "minecraft:obsidian"
      },
      "count": 8
    }
  ],
  "result": {
    "type": "gun",
    "id": "hlm:ar2",
    "ammo_count": 30
  },
  "type": "tacz:gun_smith_table_crafting"
}