{
  "materials": [
    {
      "item": {
        "tag": "forge:ingots/iron"
      },
      "count": 48
    },
    {
      "item": {
        "tag": "forge:ingots/copper"
      },
      "count": 48
    },
    {
      "item": {
        "tag": "forge:ingots/gold"
      },
      "count": 12
    },
    {
      "item": {
        "item": "minecraft:blaze_rod"
      },
      "count": 3
    },
    {
      "item": {
        "item": "minecraft:diamond"
      },
      "count": 3
    }
  ],
  "result": {
    "type": "gun",
    "id": "hlm:dis"
  },
  "type": "tacz:gun_smith_table_crafting"
}