{
  "materials": [
    {
      "item": {
        "tag": "forge:ingots/iron"
      },
      "count": 64
    },
    {
      "item": {
        "item": "minecraft:blaze_rod"
      },
      "count": 6
    },
    {
      "item": {
        "tag": "forge:gems/diamond"
      },
      "count": 12
    },
    {
      "item": {
        "item": "minecraft:obsidian"
      },
      "count": 6
    }
  ],
  "result": {
    "type": "gun",
    "id": "hlm:sniper",
    "ammo_count": 6
  },
  "type": "tacz:gun_smith_table_crafting"
}