{
	"format_version": "1.12.0",
	"minecraft:geometry": [
		{
			"description": {
				"identifier": "geometry.unknown",
				"texture_width": 32,
				"texture_height": 32,
				"visible_bounds_width": 2,
				"visible_bounds_height": 1.5,
				"visible_bounds_offset": [0, 0.25, 0]
			},
			"bones": [
				{
					"name": "bone",
					"pivot": [0, 0, 0],
					"rotation": [0, 11, 0]
				},
				{
					"name": "hexadecagon_illuminated",
					"parent": "bone",
					"pivot": [0, 0, 1.42188],
					"cubes": [
						{
							"origin": [-0.23462, -0.73851, 1.32188],
							"size": [0.29837, 0.25, 0.2],
							"inflate": -0.03,
							"pivot": [-0.08543, 0.01149, 1.42188],
							"rotation": [0, 0, -45],
							"uv": {
								"north": {"uv": [6, 18], "uv_size": [0.25, 0.25]},
								"east": {"uv": [6, 18], "uv_size": [0.25, 0.25]},
								"south": {"uv": [6, 18], "uv_size": [0.25, 0.25]},
								"west": {"uv": [6, 18], "uv_size": [0.25, 0.25]},
								"up": {"uv": [6, 18], "uv_size": [0.25, 0.25]},
								"down": {"uv": [6, 18.25], "uv_size": [0.25, -0.25]}
							}
						},
						{
							"origin": [-0.19542, -0.71232, 1.32188],
							"size": [0.29837, 0.25, 0.2],
							"inflate": -0.03,
							"pivot": [-0.04624, 0.03768, 1.42188],
							"rotation": [0, 0, -22.5],
							"uv": {
								"north": {"uv": [6, 18], "uv_size": [0.25, 0.25]},
								"east": {"uv": [6, 18], "uv_size": [0.25, 0.25]},
								"south": {"uv": [6, 18], "uv_size": [0.25, 0.25]},
								"west": {"uv": [6, 18], "uv_size": [0.25, 0.25]},
								"up": {"uv": [6, 18], "uv_size": [0.25, 0.25]},
								"down": {"uv": [6, 18.25], "uv_size": [0.25, -0.25]}
							}
						},
						{
							"origin": [-0.14918, -0.70312, 1.32188],
							"size": [0.29837, 0.25, 0.2],
							"inflate": -0.03,
							"uv": {
								"north": {"uv": [6, 18], "uv_size": [0.25, 0.25]},
								"east": {"uv": [6, 18], "uv_size": [0.25, 0.25]},
								"south": {"uv": [6, 18], "uv_size": [0.25, 0.25]},
								"west": {"uv": [6, 18], "uv_size": [0.25, 0.25]},
								"up": {"uv": [6, 18], "uv_size": [0.25, 0.25]},
								"down": {"uv": [6, 18.25], "uv_size": [0.25, -0.25]}
							}
						},
						{
							"origin": [-0.10295, -0.71232, 1.32188],
							"size": [0.29837, 0.25, 0.2],
							"inflate": -0.03,
							"pivot": [0.04624, 0.03768, 1.42188],
							"rotation": [0, 0, 22.5],
							"uv": {
								"north": {"uv": [6, 18], "uv_size": [0.25, 0.25]},
								"east": {"uv": [6, 18], "uv_size": [0.25, 0.25]},
								"south": {"uv": [6, 18], "uv_size": [0.25, 0.25]},
								"west": {"uv": [6, 18], "uv_size": [0.25, 0.25]},
								"up": {"uv": [6, 18], "uv_size": [0.25, 0.25]},
								"down": {"uv": [6, 18.25], "uv_size": [0.25, -0.25]}
							}
						},
						{
							"origin": [-0.06375, -0.73851, 1.32188],
							"size": [0.29837, 0.25, 0.2],
							"inflate": -0.03,
							"pivot": [0.08543, 0.01149, 1.42188],
							"rotation": [0, 0, 45],
							"uv": {
								"north": {"uv": [6, 18], "uv_size": [0.25, 0.25]},
								"east": {"uv": [6, 18], "uv_size": [0.25, 0.25]},
								"south": {"uv": [6, 18], "uv_size": [0.25, 0.25]},
								"west": {"uv": [6, 18], "uv_size": [0.25, 0.25]},
								"up": {"uv": [6, 18], "uv_size": [0.25, 0.25]},
								"down": {"uv": [6, 18.25], "uv_size": [0.25, -0.25]}
							}
						},
						{
							"origin": [-0.62918, -0.16063, 1.32188],
							"size": [0.25, 0.23587, 0.2],
							"inflate": -0.03,
							"uv": {
								"north": {"uv": [6, 18], "uv_size": [0.25, 0.25]},
								"east": {"uv": [6, 18], "uv_size": [0.25, 0.25]},
								"south": {"uv": [6, 18], "uv_size": [0.25, 0.25]},
								"west": {"uv": [6, 18], "uv_size": [0.25, 0.25]},
								"up": {"uv": [6, 18], "uv_size": [0.25, 0.25]},
								"down": {"uv": [6, 18.25], "uv_size": [0.25, -0.25]}
							}
						},
						{
							"origin": [0.5378, 0.34095, 1.32188],
							"size": [0.25, 0.29837, 0.2],
							"inflate": -0.03,
							"pivot": [0.13541, 0.19232, 1.42188],
							"rotation": [0, 0, -157.5],
							"uv": {
								"north": {"uv": [6, 18], "uv_size": [0.25, 0.25]},
								"east": {"uv": [6, 18], "uv_size": [0.25, 0.25]},
								"south": {"uv": [6, 18], "uv_size": [0.25, 0.25]},
								"west": {"uv": [6, 18], "uv_size": [0.25, 0.25]},
								"up": {"uv": [6, 18], "uv_size": [0.25, 0.25]},
								"down": {"uv": [6, 18.25], "uv_size": [0.25, -0.25]}
							}
						},
						{
							"origin": [0.0869, -0.48968, 1.32188],
							"size": [0.29837, 0.25, 0.2],
							"inflate": -0.03,
							"pivot": [0.07384, 0.08167, 1.42188],
							"rotation": [0, 0, 135],
							"uv": {
								"north": {"uv": [6, 18], "uv_size": [0.25, 0.25]},
								"east": {"uv": [6, 18], "uv_size": [0.25, 0.25]},
								"south": {"uv": [6, 18], "uv_size": [0.25, 0.25]},
								"west": {"uv": [6, 18], "uv_size": [0.25, 0.25]},
								"up": {"uv": [6, 18], "uv_size": [0.25, 0.25]},
								"down": {"uv": [6, 18.25], "uv_size": [0.25, -0.25]}
							}
						},
						{
							"origin": [0.11492, -0.43199, 1.32188],
							"size": [0.23587, 0.25, 0.2],
							"inflate": -0.03,
							"pivot": [0.07384, 0.08167, 1.42188],
							"rotation": [0, 0, 157.5],
							"uv": {
								"north": {"uv": [6, 18], "uv_size": [0.25, 0.25]},
								"east": {"uv": [6, 18], "uv_size": [0.25, 0.25]},
								"south": {"uv": [6, 18], "uv_size": [0.25, 0.25]},
								"west": {"uv": [6, 18], "uv_size": [0.25, 0.25]},
								"up": {"uv": [6, 18], "uv_size": [0.25, 0.25]},
								"down": {"uv": [6, 18.25], "uv_size": [0.25, -0.25]}
							}
						},
						{
							"origin": [-0.00151, -0.39189, 1.32188],
							"size": [0.17337, 0.25, 0.2],
							"inflate": -0.03,
							"pivot": [0.07384, 0.08167, 1.42188],
							"rotation": [0, 0, 180],
							"uv": {
								"north": {"uv": [6, 18], "uv_size": [0.25, 0.25]},
								"east": {"uv": [6, 18], "uv_size": [0.25, 0.25]},
								"south": {"uv": [6, 18], "uv_size": [0.25, 0.25]},
								"west": {"uv": [6, 18], "uv_size": [0.25, 0.25]},
								"up": {"uv": [6, 18], "uv_size": [0.25, 0.25]},
								"down": {"uv": [6, 18.25], "uv_size": [0.25, -0.25]}
							}
						},
						{
							"origin": [-0.06669, -0.37548, 1.32188],
							"size": [0.29837, 0.25, 0.2],
							"inflate": -0.03,
							"pivot": [0.07384, 0.08167, 1.42188],
							"rotation": [0, 0, -157.5],
							"uv": {
								"north": {"uv": [6, 18], "uv_size": [0.25, 0.25]},
								"east": {"uv": [6, 18], "uv_size": [0.25, 0.25]},
								"south": {"uv": [6, 18], "uv_size": [0.25, 0.25]},
								"west": {"uv": [6, 18], "uv_size": [0.25, 0.25]},
								"up": {"uv": [6, 18], "uv_size": [0.25, 0.25]},
								"down": {"uv": [6, 18.25], "uv_size": [0.25, -0.25]}
							}
						},
						{
							"origin": [-0.13318, -0.38526, 1.32188],
							"size": [0.29837, 0.25, 0.2],
							"inflate": -0.03,
							"pivot": [0.07384, 0.08167, 1.42188],
							"rotation": [0, 0, -135],
							"uv": {
								"north": {"uv": [6, 18], "uv_size": [0.25, 0.25]},
								"east": {"uv": [6, 18], "uv_size": [0.25, 0.25]},
								"south": {"uv": [6, 18], "uv_size": [0.25, 0.25]},
								"west": {"uv": [6, 18], "uv_size": [0.25, 0.25]},
								"up": {"uv": [6, 18], "uv_size": [0.25, 0.25]},
								"down": {"uv": [6, 18.25], "uv_size": [0.25, -0.25]}
							}
						},
						{
							"origin": [-0.42758, 0.04801, 1.32188],
							"size": [0.25, 0.29837, 0.2],
							"inflate": -0.03,
							"pivot": [0.07384, 0.08167, 1.42188],
							"rotation": [0, 0, 157.5],
							"uv": {
								"north": {"uv": [6, 18], "uv_size": [0.25, 0.25]},
								"east": {"uv": [6, 18], "uv_size": [0.25, 0.25]},
								"south": {"uv": [6, 18], "uv_size": [0.25, 0.25]},
								"west": {"uv": [6, 18], "uv_size": [0.25, 0.25]},
								"up": {"uv": [6, 18], "uv_size": [0.25, 0.25]},
								"down": {"uv": [6, 18.25], "uv_size": [0.25, -0.25]}
							}
						},
						{
							"origin": [-0.48151, 0.08811, 1.32188],
							"size": [0.25, 0.17337, 0.2],
							"inflate": -0.03,
							"pivot": [0.07384, 0.08167, 1.42188],
							"rotation": [0, 0, 180],
							"uv": {
								"north": {"uv": [6, 18], "uv_size": [0.25, 0.25]},
								"east": {"uv": [6, 18], "uv_size": [0.25, 0.25]},
								"south": {"uv": [6, 18], "uv_size": [0.25, 0.25]},
								"west": {"uv": [6, 18], "uv_size": [0.25, 0.25]},
								"up": {"uv": [6, 18], "uv_size": [0.25, 0.25]},
								"down": {"uv": [6, 18.25], "uv_size": [0.25, -0.25]}
							}
						},
						{
							"origin": [0.44435, -0.23954, 1.32188],
							"size": [0.25, 0.23587, 0.2],
							"inflate": -0.03,
							"pivot": [0.07384, 0.08167, 1.42188],
							"rotation": [0, 0, 22.5],
							"uv": {
								"north": {"uv": [6, 18], "uv_size": [0.25, 0.25]},
								"east": {"uv": [6, 18], "uv_size": [0.25, 0.25]},
								"south": {"uv": [6, 18], "uv_size": [0.25, 0.25]},
								"west": {"uv": [6, 18], "uv_size": [0.25, 0.25]},
								"up": {"uv": [6, 18], "uv_size": [0.25, 0.25]},
								"down": {"uv": [6, 18.25], "uv_size": [0.25, -0.25]}
							}
						}
					]
				},
				{
					"name": "bullg",
					"parent": "bone",
					"pivot": [-10.48493, -13.96253, 0],
					"rotation": [0, 90, 0]
				},
				{
					"name": "hexadecagon2",
					"parent": "bullg",
					"pivot": [4.09685, 1.88724, 33.61417],
					"rotation": [0, -90, 10],
					"cubes": [
						{
							"origin": [-18.15315, -2.75388, 46.40695],
							"size": [0.5, 0.49728, 2.5],
							"pivot": [-19.03238, -2.50523, 47.65695],
							"rotation": [-30, -80, 90],
							"uv": {
								"north": {"uv": [13, 8], "uv_size": [0.5, 0.5]},
								"east": {"uv": [3, 9], "uv_size": [2.5, 0.5]},
								"south": {"uv": [13, 9], "uv_size": [0.5, 0.5]},
								"west": {"uv": [9, 4], "uv_size": [2.5, 0.5]},
								"up": {"uv": [6, 9], "uv_size": [0.5, 2.5]},
								"down": {"uv": [7, 11.5], "uv_size": [0.5, -2.5]}
							}
						},
						{
							"origin": [-18.10628, -3.43719, 46.82882],
							"size": [0.5, 1.87228, 1.625],
							"pivot": [-19.03238, -2.50523, 47.65695],
							"rotation": [0, -80, 90],
							"uv": {
								"north": {"uv": [13, 0], "uv_size": [0.5, 1.875]},
								"east": {"uv": [6, 2], "uv_size": [1.625, 1.875]},
								"south": {"uv": [13, 4], "uv_size": [0.5, 1.875]},
								"west": {"uv": [3, 6], "uv_size": [1.625, 1.875]},
								"up": {"uv": [5, 13], "uv_size": [0.5, 1.625]},
								"down": {"uv": [13, 7.625], "uv_size": [0.5, -1.625]}
							}
						},
						{
							"origin": [-18.15315, -2.75388, 46.40695],
							"size": [0.5, 0.49728, 2.5],
							"pivot": [-19.03238, -2.50523, 47.65695],
							"rotation": [-52.5, -80, 90],
							"uv": {
								"north": {"uv": [13, 10], "uv_size": [0.5, 0.5]},
								"east": {"uv": [9, 5], "uv_size": [2.5, 0.5]},
								"south": {"uv": [13, 11], "uv_size": [0.5, 0.5]},
								"west": {"uv": [8, 9], "uv_size": [2.5, 0.5]},
								"up": {"uv": [3, 10], "uv_size": [0.5, 2.5]},
								"down": {"uv": [4, 12.5], "uv_size": [0.5, -2.5]}
							}
						},
						{
							"origin": [-18.15315, -2.75388, 46.40695],
							"size": [0.5, 0.49728, 2.5],
							"pivot": [-19.03238, -2.50523, 47.65695],
							"rotation": [-75, -80, 90],
							"uv": {
								"north": {"uv": [12, 13], "uv_size": [0.5, 0.5]},
								"east": {"uv": [10, 0], "uv_size": [2.5, 0.5]},
								"south": {"uv": [13, 12], "uv_size": [0.5, 0.5]},
								"west": {"uv": [10, 1], "uv_size": [2.5, 0.5]},
								"up": {"uv": [5, 10], "uv_size": [0.5, 2.5]},
								"down": {"uv": [10, 8.5], "uv_size": [0.5, -2.5]}
							}
						},
						{
							"origin": [-18.15315, -2.75388, 46.40695],
							"size": [0.5, 0.49728, 2.5],
							"pivot": [-19.03238, -2.50523, 47.65695],
							"rotation": [-97.5, -80, 90],
							"uv": {
								"north": {"uv": [13, 13], "uv_size": [0.5, 0.5]},
								"east": {"uv": [8, 10], "uv_size": [2.5, 0.5]},
								"south": {"uv": [14, 0], "uv_size": [0.5, 0.5]},
								"west": {"uv": [0, 11], "uv_size": [2.5, 0.5]},
								"up": {"uv": [11, 6], "uv_size": [0.5, 2.5]},
								"down": {"uv": [8, 13.5], "uv_size": [0.5, -2.5]}
							}
						},
						{
							"origin": [-18.15315, -2.75388, 46.40695],
							"size": [0.5, 0.49728, 2.5],
							"pivot": [-19.03238, -2.50523, 47.65695],
							"rotation": [-120, -80, 90],
							"uv": {
								"north": {"uv": [14, 1], "uv_size": [0.5, 0.5]},
								"east": {"uv": [11, 2], "uv_size": [2.5, 0.5]},
								"south": {"uv": [14, 2], "uv_size": [0.5, 0.5]},
								"west": {"uv": [11, 3], "uv_size": [2.5, 0.5]},
								"up": {"uv": [9, 11], "uv_size": [0.5, 2.5]},
								"down": {"uv": [11, 11.5], "uv_size": [0.5, -2.5]}
							}
						},
						{
							"origin": [-18.15315, -3.75523, 47.40831],
							"size": [0.5, 2.5, 0.49728],
							"pivot": [-19.03238, -2.50523, 47.65695],
							"rotation": [-52.5, -80, 90],
							"uv": {
								"north": {"uv": [10, 11], "uv_size": [0.5, 2.5]},
								"east": {"uv": [0, 12], "uv_size": [0.5, 2.5]},
								"south": {"uv": [1, 12], "uv_size": [0.5, 2.5]},
								"west": {"uv": [2, 12], "uv_size": [0.5, 2.5]},
								"up": {"uv": [14, 3], "uv_size": [0.5, 0.5]},
								"down": {"uv": [14, 4.5], "uv_size": [0.5, -0.5]}
							}
						},
						{
							"origin": [-18.15315, -3.75523, 47.40831],
							"size": [0.5, 2.5, 0.49728],
							"pivot": [-19.03238, -2.50523, 47.65695],
							"rotation": [-75, -80, 90],
							"uv": {
								"north": {"uv": [12, 4], "uv_size": [0.5, 2.5]},
								"east": {"uv": [6, 12], "uv_size": [0.5, 2.5]},
								"south": {"uv": [7, 12], "uv_size": [0.5, 2.5]},
								"west": {"uv": [12, 7], "uv_size": [0.5, 2.5]},
								"up": {"uv": [14, 5], "uv_size": [0.5, 0.5]},
								"down": {"uv": [14, 6.5], "uv_size": [0.5, -0.5]}
							}
						},
						{
							"origin": [-18.15315, -3.75523, 47.40831],
							"size": [0.5, 2.5, 0.49728],
							"pivot": [-19.03238, -2.50523, 47.65695],
							"rotation": [-97.5, -80, 90],
							"uv": {
								"north": {"uv": [12, 10], "uv_size": [0.5, 2.5]},
								"east": {"uv": [11, 12], "uv_size": [0.5, 2.5]},
								"south": {"uv": [3, 13], "uv_size": [0.5, 2.5]},
								"west": {"uv": [4, 13], "uv_size": [0.5, 2.5]},
								"up": {"uv": [14, 7], "uv_size": [0.5, 0.5]},
								"down": {"uv": [8, 14.5], "uv_size": [0.5, -0.5]}
							}
						},
						{
							"origin": [-17.65315, -2.75388, 46.40695],
							"size": [0.25, 0.49728, 0.25],
							"pivot": [-19.03238, -2.50523, 47.65695],
							"rotation": [-120, -80, 90],
							"uv": {
								"north": {"uv": [15, 11], "uv_size": [0.25, 0.5]},
								"east": {"uv": [12, 15], "uv_size": [0.25, 0.5]},
								"south": {"uv": [15, 12], "uv_size": [0.25, 0.5]},
								"west": {"uv": [13, 15], "uv_size": [0.25, 0.5]},
								"up": {"uv": [17, 3], "uv_size": [0.25, 0.25]},
								"down": {"uv": [4, 17.25], "uv_size": [0.25, -0.25]}
							}
						},
						{
							"origin": [-17.65315, -1.50523, 47.40831],
							"size": [0.25, 0.25, 0.49728],
							"pivot": [-19.03238, -2.50523, 47.65695],
							"rotation": [-52.5, -80, 90],
							"uv": {
								"north": {"uv": [17, 4], "uv_size": [0.25, 0.25]},
								"east": {"uv": [15, 13], "uv_size": [0.5, 0.25]},
								"south": {"uv": [5, 17], "uv_size": [0.25, 0.25]},
								"west": {"uv": [14, 15], "uv_size": [0.5, 0.25]},
								"up": {"uv": [15, 14], "uv_size": [0.25, 0.5]},
								"down": {"uv": [15, 15.5], "uv_size": [0.25, -0.5]}
							}
						},
						{
							"origin": [-17.65315, -1.50523, 47.40831],
							"size": [0.25, 0.25, 0.49728],
							"pivot": [-19.03238, -2.50523, 47.65695],
							"rotation": [-75, -80, 90],
							"uv": {
								"north": {"uv": [17, 5], "uv_size": [0.25, 0.25]},
								"east": {"uv": [0, 16], "uv_size": [0.5, 0.25]},
								"south": {"uv": [6, 17], "uv_size": [0.25, 0.25]},
								"west": {"uv": [16, 0], "uv_size": [0.5, 0.25]},
								"up": {"uv": [1, 16], "uv_size": [0.25, 0.5]},
								"down": {"uv": [16, 1.5], "uv_size": [0.25, -0.5]}
							}
						},
						{
							"origin": [-17.65315, -1.50523, 47.40831],
							"size": [0.25, 0.25, 0.49728],
							"pivot": [-19.03238, -2.50523, 47.65695],
							"rotation": [-97.5, -80, 90],
							"uv": {
								"north": {"uv": [17, 6], "uv_size": [0.25, 0.25]},
								"east": {"uv": [2, 16], "uv_size": [0.5, 0.25]},
								"south": {"uv": [7, 17], "uv_size": [0.25, 0.25]},
								"west": {"uv": [16, 2], "uv_size": [0.5, 0.25]},
								"up": {"uv": [3, 16], "uv_size": [0.25, 0.5]},
								"down": {"uv": [16, 3.5], "uv_size": [0.25, -0.5]}
							}
						},
						{
							"origin": [-17.65315, -2.75388, 48.65695],
							"size": [0.25, 0.49728, 0.25],
							"pivot": [-19.03238, -2.50523, 47.65695],
							"rotation": [-52.5, -80, 90],
							"uv": {
								"north": {"uv": [4, 16], "uv_size": [0.25, 0.5]},
								"east": {"uv": [16, 4], "uv_size": [0.25, 0.5]},
								"south": {"uv": [5, 16], "uv_size": [0.25, 0.5]},
								"west": {"uv": [16, 5], "uv_size": [0.25, 0.5]},
								"up": {"uv": [17, 7], "uv_size": [0.25, 0.25]},
								"down": {"uv": [8, 17.25], "uv_size": [0.25, -0.25]}
							}
						},
						{
							"origin": [-17.65315, -2.75388, 48.65695],
							"size": [0.25, 0.49728, 0.25],
							"pivot": [-19.03238, -2.50523, 47.65695],
							"rotation": [-30, -80, 90],
							"uv": {
								"north": {"uv": [6, 16], "uv_size": [0.25, 0.5]},
								"east": {"uv": [16, 6], "uv_size": [0.25, 0.5]},
								"south": {"uv": [7, 16], "uv_size": [0.25, 0.5]},
								"west": {"uv": [16, 7], "uv_size": [0.25, 0.5]},
								"up": {"uv": [17, 8], "uv_size": [0.25, 0.25]},
								"down": {"uv": [9, 17.25], "uv_size": [0.25, -0.25]}
							}
						},
						{
							"origin": [-17.65315, -2.75388, 48.65695],
							"size": [0.25, 0.49728, 0.25],
							"pivot": [-19.03238, -2.50523, 47.65695],
							"rotation": [150, -80, 90],
							"uv": {
								"north": {"uv": [8, 16], "uv_size": [0.25, 0.5]},
								"east": {"uv": [16, 8], "uv_size": [0.25, 0.5]},
								"south": {"uv": [9, 16], "uv_size": [0.25, 0.5]},
								"west": {"uv": [16, 9], "uv_size": [0.25, 0.5]},
								"up": {"uv": [17, 9], "uv_size": [0.25, 0.25]},
								"down": {"uv": [10, 17.25], "uv_size": [0.25, -0.25]}
							}
						},
						{
							"origin": [-17.65315, -1.50523, 47.40831],
							"size": [0.25, 0.25, 0.49728],
							"pivot": [-19.03238, -2.50523, 47.65695],
							"rotation": [105, -80, 90],
							"uv": {
								"north": {"uv": [17, 10], "uv_size": [0.25, 0.25]},
								"east": {"uv": [10, 16], "uv_size": [0.5, 0.25]},
								"south": {"uv": [11, 17], "uv_size": [0.25, 0.25]},
								"west": {"uv": [16, 10], "uv_size": [0.5, 0.25]},
								"up": {"uv": [11, 16], "uv_size": [0.25, 0.5]},
								"down": {"uv": [16, 11.5], "uv_size": [0.25, -0.5]}
							}
						},
						{
							"origin": [-17.65315, -1.50523, 47.40831],
							"size": [0.25, 0.25, 0.49728],
							"pivot": [-19.03238, -2.50523, 47.65695],
							"rotation": [82.5, -80, 90],
							"uv": {
								"north": {"uv": [17, 11], "uv_size": [0.25, 0.25]},
								"east": {"uv": [12, 16], "uv_size": [0.5, 0.25]},
								"south": {"uv": [12, 17], "uv_size": [0.25, 0.25]},
								"west": {"uv": [16, 12], "uv_size": [0.5, 0.25]},
								"up": {"uv": [13, 16], "uv_size": [0.25, 0.5]},
								"down": {"uv": [16, 13.5], "uv_size": [0.25, -0.5]}
							}
						},
						{
							"origin": [-17.65315, -2.75388, 48.65695],
							"size": [0.25, 0.49728, 0.25],
							"pivot": [-19.03238, -2.50523, 47.65695],
							"rotation": [127.5, -80, 90],
							"uv": {
								"north": {"uv": [14, 16], "uv_size": [0.25, 0.5]},
								"east": {"uv": [16, 14], "uv_size": [0.25, 0.5]},
								"south": {"uv": [15, 16], "uv_size": [0.25, 0.5]},
								"west": {"uv": [16, 15], "uv_size": [0.25, 0.5]},
								"up": {"uv": [17, 12], "uv_size": [0.25, 0.25]},
								"down": {"uv": [13, 17.25], "uv_size": [0.25, -0.25]}
							}
						},
						{
							"origin": [-17.65315, -1.50523, 47.40831],
							"size": [0.25, 0.25, 0.49728],
							"pivot": [-19.03238, -2.50523, 47.65695],
							"rotation": [127.5, -80, 90],
							"uv": {
								"north": {"uv": [17, 13], "uv_size": [0.25, 0.25]},
								"east": {"uv": [16, 16], "uv_size": [0.5, 0.25]},
								"south": {"uv": [14, 17], "uv_size": [0.25, 0.25]},
								"west": {"uv": [0, 17], "uv_size": [0.5, 0.25]},
								"up": {"uv": [17, 0], "uv_size": [0.25, 0.5]},
								"down": {"uv": [1, 17.5], "uv_size": [0.25, -0.5]}
							}
						},
						{
							"origin": [-17.65315, -2.75388, 46.40695],
							"size": [0.25, 0.49728, 0.25],
							"pivot": [-19.03238, -2.50523, 47.65695],
							"rotation": [60, -80, 90],
							"uv": {
								"north": {"uv": [17, 1], "uv_size": [0.25, 0.5]},
								"east": {"uv": [2, 17], "uv_size": [0.25, 0.5]},
								"south": {"uv": [17, 2], "uv_size": [0.25, 0.5]},
								"west": {"uv": [3, 17], "uv_size": [0.25, 0.5]},
								"up": {"uv": [17, 14], "uv_size": [0.25, 0.25]},
								"down": {"uv": [15, 17.25], "uv_size": [0.25, -0.25]}
							}
						}
					]
				},
				{
					"name": "octagon3",
					"parent": "bullg",
					"pivot": [4.03229, 2.13724, 32.91959],
					"rotation": [0, 90, -22.5],
					"cubes": [
						{
							"origin": [27.66619, 5.42265, 17.40254],
							"size": [0.25, 0.82843, 0.25],
							"pivot": [26.46695, 5.72217, 18.67993],
							"rotation": [-134.57529, -61.54114, 108.85835],
							"uv": {
								"north": {"uv": [14, 8], "uv_size": [0.25, 0.875]},
								"east": {"uv": [9, 14], "uv_size": [0.25, 0.875]},
								"south": {"uv": [14, 9], "uv_size": [0.25, 0.875]},
								"west": {"uv": [10, 14], "uv_size": [0.25, 0.875]},
								"up": {"uv": [17, 15], "uv_size": [0.25, 0.25]},
								"down": {"uv": [16, 17.25], "uv_size": [0.25, -0.25]}
							}
						},
						{
							"origin": [27.66685, 5.42423, 19.70357],
							"size": [0.25, 0.82843, 0.25],
							"pivot": [26.46695, 5.72217, 18.67993],
							"rotation": [-53.12728, -62.8558, 68.71556],
							"uv": {
								"north": {"uv": [14, 10], "uv_size": [0.25, 0.875]},
								"east": {"uv": [14, 11], "uv_size": [0.25, 0.875]},
								"south": {"uv": [12, 14], "uv_size": [0.25, 0.875]},
								"west": {"uv": [14, 12], "uv_size": [0.25, 0.875]},
								"up": {"uv": [17, 16], "uv_size": [0.25, 0.25]},
								"down": {"uv": [17, 17.25], "uv_size": [0.25, -0.25]}
							}
						},
						{
							"origin": [27.65491, 6.81353, 18.21598],
							"size": [0.25, 0.25, 0.82843],
							"pivot": [26.46695, 5.72217, 18.67993],
							"rotation": [-109.65575, -58.30968, 81.22052],
							"uv": {
								"north": {"uv": [0, 18], "uv_size": [0.25, 0.25]},
								"east": {"uv": [13, 14], "uv_size": [0.875, 0.25]},
								"south": {"uv": [18, 0], "uv_size": [0.25, 0.25]},
								"west": {"uv": [14, 13], "uv_size": [0.875, 0.25]},
								"up": {"uv": [14, 14], "uv_size": [0.25, 0.875]},
								"down": {"uv": [0, 15.875], "uv_size": [0.25, -0.875]}
							}
						},
						{
							"origin": [27.65463, 6.81508, 18.31165],
							"size": [0.25, 0.25, 0.82843],
							"pivot": [26.46695, 5.72217, 18.67993],
							"rotation": [-77.51832, -57.82946, 95.6281],
							"uv": {
								"north": {"uv": [1, 18], "uv_size": [0.25, 0.25]},
								"east": {"uv": [15, 0], "uv_size": [0.875, 0.25]},
								"south": {"uv": [18, 1], "uv_size": [0.25, 0.25]},
								"west": {"uv": [1, 15], "uv_size": [0.875, 0.25]},
								"up": {"uv": [15, 1], "uv_size": [0.25, 0.875]},
								"down": {"uv": [2, 15.875], "uv_size": [0.25, -0.875]}
							}
						},
						{
							"origin": [27.68125, 5.22396, 17.48799],
							"size": [0.25, 0.82843, 0.25],
							"pivot": [26.46695, 5.72217, 18.67993],
							"rotation": [87.7075, -70.14041, 63.03788],
							"uv": {
								"north": {"uv": [15, 2], "uv_size": [0.25, 0.875]},
								"east": {"uv": [15, 3], "uv_size": [0.25, 0.875]},
								"south": {"uv": [15, 4], "uv_size": [0.25, 0.875]},
								"west": {"uv": [5, 15], "uv_size": [0.25, 0.875]},
								"up": {"uv": [2, 18], "uv_size": [0.25, 0.25]},
								"down": {"uv": [18, 2.25], "uv_size": [0.25, -0.25]}
							}
						},
						{
							"origin": [27.68059, 5.22238, 19.62563],
							"size": [0.25, 0.82843, 0.25],
							"pivot": [26.46695, 5.72217, 18.67993],
							"rotation": [82.64608, -68.40776, 116.74574],
							"uv": {
								"north": {"uv": [15, 5], "uv_size": [0.25, 0.875]},
								"east": {"uv": [6, 15], "uv_size": [0.25, 0.875]},
								"south": {"uv": [15, 6], "uv_size": [0.25, 0.875]},
								"west": {"uv": [7, 15], "uv_size": [0.25, 0.875]},
								"up": {"uv": [3, 18], "uv_size": [0.25, 0.25]},
								"down": {"uv": [18, 3.25], "uv_size": [0.25, -0.25]}
							}
						},
						{
							"origin": [27.68941, 6.61785, 18.30275],
							"size": [0.25, 0.25, 0.82843],
							"pivot": [26.46695, 5.72217, 18.67993],
							"rotation": [44.53484, -75.64718, 108.87196],
							"uv": {
								"north": {"uv": [4, 18], "uv_size": [0.25, 0.25]},
								"east": {"uv": [15, 7], "uv_size": [0.875, 0.25]},
								"south": {"uv": [18, 4], "uv_size": [0.25, 0.25]},
								"west": {"uv": [8, 15], "uv_size": [0.875, 0.25]},
								"up": {"uv": [15, 8], "uv_size": [0.25, 0.875]},
								"down": {"uv": [9, 15.875], "uv_size": [0.25, -0.875]}
							}
						},
						{
							"origin": [27.68969, 6.6163, 18.23251],
							"size": [0.25, 0.25, 0.82843],
							"pivot": [26.46695, 5.72217, 18.67993],
							"rotation": [120.03976, -76.71035, 76.87037],
							"uv": {
								"north": {"uv": [5, 18], "uv_size": [0.25, 0.25]},
								"east": {"uv": [15, 9], "uv_size": [0.875, 0.25]},
								"south": {"uv": [18, 5], "uv_size": [0.25, 0.25]},
								"west": {"uv": [10, 15], "uv_size": [0.875, 0.25]},
								"up": {"uv": [15, 10], "uv_size": [0.25, 0.875]},
								"down": {"uv": [11, 15.875], "uv_size": [0.25, -0.875]}
							}
						}
					]
				},
				{
					"name": "octagon4",
					"parent": "bullg",
					"pivot": [4.03229, 2.13724, 32.91959],
					"rotation": [0, 90, -22.5],
					"cubes": [
						{
							"origin": [25.55729, 5.42265, 17.63019],
							"size": [2.3125, 0.82843, 2],
							"pivot": [26.46695, 5.72217, 18.67993],
							"rotation": [-117.5, -67.5, 90],
							"uv": {
								"north": {"uv": [6, 4], "uv_size": [2.375, 0.875]},
								"east": {"uv": [6, 8], "uv_size": [2, 0.875]},
								"south": {"uv": [5, 6], "uv_size": [2.375, 0.875]},
								"west": {"uv": [8, 6], "uv_size": [2, 0.875]},
								"up": {"uv": [0, 0], "uv_size": [2.375, 2]},
								"down": {"uv": [0, 4], "uv_size": [2.375, -2]}
							}
						},
						{
							"origin": [25.55729, 5.42423, 17.72586],
							"size": [2.3125, 0.82843, 2],
							"pivot": [26.46695, 5.72217, 18.67993],
							"rotation": [-72.5, -67.5, 90],
							"uv": {
								"north": {"uv": [6, 5], "uv_size": [2.375, 0.875]},
								"east": {"uv": [8, 7], "uv_size": [2, 0.875]},
								"south": {"uv": [5, 7], "uv_size": [2.375, 0.875]},
								"west": {"uv": [8, 8], "uv_size": [2, 0.875]},
								"up": {"uv": [3, 0], "uv_size": [2.375, 2]},
								"down": {"uv": [3, 4], "uv_size": [2.375, -2]}
							}
						},
						{
							"origin": [25.55729, 4.83686, 18.21598],
							"size": [2.3125, 2, 0.82843],
							"pivot": [26.46695, 5.72217, 18.67993],
							"rotation": [-117.5, -67.5, 90],
							"uv": {
								"north": {"uv": [0, 4], "uv_size": [2.375, 2]},
								"east": {"uv": [0, 9], "uv_size": [0.875, 2]},
								"south": {"uv": [3, 4], "uv_size": [2.375, 2]},
								"west": {"uv": [9, 0], "uv_size": [0.875, 2]},
								"up": {"uv": [0, 8], "uv_size": [2.375, 0.875]},
								"down": {"uv": [8, 2.875], "uv_size": [2.375, -0.875]}
							}
						},
						{
							"origin": [25.55729, 4.83844, 18.31165],
							"size": [2.3125, 2, 0.82843],
							"pivot": [26.46695, 5.72217, 18.67993],
							"rotation": [-72.5, -67.5, 90],
							"uv": {
								"north": {"uv": [0, 6], "uv_size": [2.375, 2]},
								"east": {"uv": [1, 9], "uv_size": [0.875, 2]},
								"south": {"uv": [6, 0], "uv_size": [2.375, 2]},
								"west": {"uv": [2, 9], "uv_size": [0.875, 2]},
								"up": {"uv": [3, 8], "uv_size": [2.375, 0.875]},
								"down": {"uv": [8, 3.875], "uv_size": [2.375, -0.875]}
							}
						}
					]
				}
			]
		}
	]
}