{
  "model": "hlm:gun/annabelle_geo",
  "texture": "hlm:gun/uv/annabelle",
  "hud": "hlm:gun/hud/annabelle",
  "slot": "hlm:gun/slot/annabelle",
  "animation": "hlm:annabelle_o",
  "use_default_animation": "rifle",
  "player_animator_3rd": "hlm:rifle_default.player_animation",
  "transform": {
    "scale": {
      "thirdperson": [ 0.8, 0.8, 0.8 ],
      "ground": [ 0.6, 0.6, 0.6 ],
      "fixed": [ 1, 1, 1 ]
    }
  },
  "muzzle_flash": {
    "texture": "tacz:flash/common_muzzle_flash",
    "scale": 1.25
  },
  "iron_zoom": 2.5,
  "sounds": {
	"bolt": "hlm:annabelle/bolt",
    "reload_empty": "hlm:annabelle/reload_f_t",
    "reload_tactical": "hlm:annabelle/reload",
    "inspect": "hlm:annabelle/inspect",
    "inspect_empty": "hlm:annabelle/inspect",
    "draw": "taz:db_short/db_short_draw",
    "put_away": "hlm:put_away",
    "shoot": "hlm:annabelle/shoot",
    "shoot_3p": "hlm:annabelle/shoot"
    //"silence": "tacz:glock_17/glock17_silence",
    //"silence_3p": "tacz:glock_17/glock17_silence_3p"
  },
  "offhand_show": {
    "pos": [ 1, 20, 4 ],
    "rotate": [ 0, 0, 45 ],
    "scale": [ 1, 1, 1 ]
  }
}