{
  "model": "hlm:gun/ar1_geo",
  "texture": "hlm:gun/uv/ar1",
  "slot": "hlm:gun/slot/ar1",
  "hud": "hlm:gun/hud/ar1",
  
"state_machine": "hlm:ar1_state_machine",

  "transform": {
    "scale": {
      "thirdperson": [
        0.4,
        0.4,
        0.4
      ],
      "ground": [
        0.4,
        0.4,
        0.4
      ],
      "fixed": [
        0.55,
        0.55,
        0.55
      ]
    }
  },
  "player_animator_3rd": "tacz:pistol_default.player_animation",
  "sounds": {
    "shoot": "hlm:ar1/shoot",
    "shoot_3p": "hlm:ar1/shoot",
    "reload_empty": "hlm:ar2/reload",
    "reload_tactical": "hlm:ar2/reload",
    "inspect": "hlm:ar1/inspect",
    "inspect_empty": "hlm:ar1/inspect",
    "draw": "hlm:ar1/draw",
    "put_away": "hlm:put_away",
    "silence": "tacz:ak47/ak47_silence",
    "silence_3p": "tacz:ak47/ak47_silence_3p",
    // 下面四个音效可以不写，模组会自动添加默认音效
    "dry_fire": "tacz:dry_fire",
    "fire_select": "tacz:fire_select",
    "head_hit": "tacz:head_hit",
    "flesh_hit": "tacz:flesh_hit",
    "kill": "tacz:kill"
  },
  "ammo": {
    "tracer_color": "#54EFF2"
  },
  "muzzle_flash": {
    "texture": "hlm:flash/ar2_flash",
    "scale": 1
  },
  // 调用的动画名，会在包目录下的 animations 文件夹中寻找，不建议为空
  "animation": "hlm:ar1",
  // 指定使用缺省动画，可为空。如果上文指定的动画文件里缺少某个动画，如 draw 动画，则会从缺省动画拷贝。
  // 值可为 rifle、pistol
  "use_default_animation": "pistol",
  "third_person_animation": "default",
  "text_show": {
    // 定位组名，与模型中的组名对应。
    "ammo_count_text_show_pos": {
      // 文本缩放，默认大小对于 BlockBench 里的 1
      "scale": 0.65,
      // 对齐方式：right，center，left
      "align": "center",
      // 阴影
      "shadow": false,
      // 文本颜色
      "color": "#EE4422",
      // 亮度：1-15
      "light": 15,
      // 支持在语言文件中定义，且支持PlaceholderAPI 风格的占位符
      // 目前仅支持两个：%player_name% %ammo_count%
      "text": "%ammo_count%"
    }
  },
  "offhand_show": {
    "pos": [4.3, 13, 0],
    "rotate": [-90, -35, 90],
    "scale": [0.5, 0.5, 0.5]
  },
  "hotbar_show": {
    "0": {
      "pos": [-5, 13, -1],
      "rotate": [-90, -35, 90],
      "scale": [0.5, 0.5, 0.5]
    }
  }
  
}