{
  "model": "hlm:gun/ar2_geo",
  "texture": "hlm:gun/uv/ar2",
  "slot": "hlm:gun/slot/ar2",
  "hud": "hlm:gun/hud/ar2",
  "lod": {
    "model": "hlm:gun/lod/ar2",
    "texture": "hlm:gun/uv/ar2"
  },
  "transform": {
    "scale": {
      "thirdperson": [
        0.4,
        0.4,
        0.4
      ],
      "ground": [
        0.4,
        0.4,
        0.4
      ],
      "fixed": [
        0.7,
        0.7,
        0.7
      ]
    }
  },
  "sounds": {
    "shoot": "hlm:ar2/shoot_mmod",
    "shoot_3p": "hlm:ar2/shoot",
    "reload_empty": "hlm:ar2/reload",
    "reload_tactical": "hlm:ar2/reload",
    "inspect": "hlm:ar2/inspect",
    "inspect_empty": "hlm:ar2/inspect",
    "draw": "hlm:ar2/draw",
    "put_away": "hlm:ar2/put_away",
    "silence": "tacz:ak47/ak47_silence",
    "silence_3p": "tacz:ak47/ak47_silence_3p",
    "melee_bayonet": "hlm:ar2/melee",
    // 下面四个音效可以不写，模组会自动添加默认音效
    "dry_fire": "tacz:dry_fire",
    "fire_select": "tacz:fire_select",
    "head_hit": "tacz:head_hit",
    "flesh_hit": "tacz:flesh_hit",
    "kill": "tacz:kill"
  },
  "ammo": {
    // 曳光弹颜色，没有则为 #FFFFFF，没有此字段时，会调用 ammo 的相关字段
    // 严格遵循 RGB 颜色代码
    "tracer_color": "#54EFF2"
    // 粒子效果，部分参数和原版指令完全一致，具体可参考 wiki：https://minecraft.fandom.com/zh/wiki/%E5%91%BD%E4%BB%A4/particle
    // 没有此字段时，会调用 ammo 的相关字段
    //    "particle": {
    //      // 名称，具体可选粒子可参考 wiki：https://minecraft.fandom.com/zh/wiki/%E7%B2%92%E5%AD%90
    //      "name": "campfire_signal_smoke",
    //      // 生成的区域，默认为 0 0 0
    //      "delta": [
    //        0,
    //        0,
    //        0
    //      ],
    //      // 速度，默认为0，必须至少为 0
    //      "speed": 0,
    //      // 粒子存在时间，单位 tick，默认为 20 tick
    //      "life_time": 50,
    //      // 粒子数量，当子弹速度过快时，可以增大此数量，能够填满子弹路径的空隙
    //      "count": 5
    //    }
  },
  "muzzle_flash": {
    "texture": "hlm:flash/ar2_flash",
    "scale": 1.25
  },

  // 抛壳的渲染数据，可为空，若为空，则枪械不抛壳
  "shell": {
    // 抛壳的初速度的 xyz 值
    "initial_velocity": [ 0, 1, 4 ],
    // 抛壳随机变化的运动速度 xyz 值，从 0 ~ 1 随机缩放后叠加在初速度上。
    "random_velocity": [ 1, 1, 0.25 ],
    // 抛壳的加速度
    "acceleration": [ 0.0, -10, 0.0 ],
    // 抛壳的三轴角速度，从 0.5 ~ 1 随机缩放。
    "angular_velocity": [ 0, -200, 0 ],
    // 抛壳渲染存活时间，单位为秒
    "living_time": 1.0
  },
  // 调用的动画名，会在包目录下的 animations 文件夹中寻找，不建议为空
  "animation": "hlm:ar2_mmod",
  // 指定使用缺省动画，可为空。如果上文指定的动画文件里缺少某个动画，如 draw 动画，则会从缺省动画拷贝。
  // 值可为 rifle、pistol
  "use_default_animation": "rifle",
  "third_person_animation": "default",
  "text_show": {
    // 定位组名，与模型中的组名对应。
    "ammo_count_text_show_pos": {
      // 文本缩放，默认大小对于 BlockBench 里的 1
      "scale": 0.15,
      // 对齐方式：right，center，left
      "align": "center",
      // 阴影
      "shadow": false,
      // 文本颜色
      "color": "#55efff",
      // 亮度：1-15
      "light": 15,
      // 支持在语言文件中定义，且支持PlaceholderAPI 风格的占位符
      // 目前仅支持两个：%player_name% %ammo_count%
      "text": "-%ammo_count%-"
    }
  }
}