{
  "model": "hlm:gun/crossbow_geo",
  "texture": "hlm:gun/uv/crossbow",
  "hud": "hlm:gun/hud/crossbow",
  "slot": "hlm:gun/slot/crossbow",
  "animation": "hlm:crossbow",
  "use_default_animation": "rifle",
  "player_animator_3rd": "tacz:rifle_default.player_animation",
  "transform": {
    "scale": {
      "thirdperson": [ 0.6, 0.6, 0.6 ],
      "ground": [ 0.6, 0.6, 0.6 ],
      "fixed": [ 0.8, 0.8, 0.8 ]
    }
  },
  "shell": {
    "initial_velocity": [ 8.0, 5.0, -0.5 ],
    "random_velocity": [ 2.5, 1.5, 0.25 ],
    "acceleration": [ 0.0, -20, 0.0 ],
    "angular_velocity": [ 360, -720, 90 ],
    "living_time": 1.0
  },
  "iron_zoom": 6,
  "sounds": {
    "reload_empty": "hlm:crossbow/reload",
    "reload_tactical": "hlm:null",
    "draw": "hlm:crossbow/draw",
    "inspect": "hlm:crossbow/inspect",
    "put_away": "hlm:put_away",
    "shoot": "hlm:crossbow/shoot",
    "shoot_3p": "hlm:crossbow/shoot"
  },
  "offhand_show": {
    "pos": [ 1, 20, 4 ],
    "rotate": [ 0, 0, 45 ],
    "scale": [ 0.5, 0.5, 0.5 ]
  }
}