{
  "model": "hlm:gun/crowbar_geo",
  "texture": "hlm:gun/uv/crowbar",
  "slot": "hlm:gun/slot/crowbar",
  "hud": "hlm:gun/hud/crowbar",
  "transform": {
    "scale": {
      "thirdperson": [
        0.6,
        0.6,
        0.6
      ],
      "ground": [
        0.4,
        0.4,
        0.4
      ],
      "fixed": [
        0.8,
        0.8,
        0.8
      ]
    }
  },
  "animation": "hlm:crowbar",
  "use_default_animation": "pistol",
  "third_person_animation": "default",
  "muzzle_flash": {
    "texture": "hlm:attachment/flash/ar2_flash",
    "scale": 1
  },
  "sounds": {
    "shoot": "hlm:crowbar/shoot",
    "shoot_3p": "hlm:crowbar/shoot",
    "melee_push": "hlm:crowbar/shoot",
    "melee_stock": "hlm:crowbar/shoot",
    "draw": "hlm:crowbar/draw",
    "put_away": "hlm:crowbar/draw",
	"inspect": "hlm:crowbar/inspect",
	"inspect_empty": "hlm:crowbar/inspect",
    "dry_fire": ""
  },
  "offhand_show": {
    "pos": [ 1, 19, 4 ],
    "rotate": [ 0, 0, 30 ],
    "scale": [ 0.5, 0.5, 0.5 ]
  },
  "hotbar_show": {
    "0": {
      "pos": [ 1, 16, -2 ],
      "rotate": [ 0, 0, 20 ],
      "scale": [ 0.5, 0.5, 0.5 ]
    }
  }
}