{
  "model": "hlm:gun/dis_geo",
  "texture": "hlm:gun/uv/dis",
  "hud": "hlm:gun/hud/dis",
  "slot": "hlm:gun/slot/dis",
  "animation": "hlm:dis",
  "use_default_animation": "rifle",
  "third_person_animation": "default",
  "ammo_count_style": "percent",
  "transform": {
    "scale": {
      "thirdperson": [ 0.6, 0.6, 0.6 ],
      "ground": [ 0.6, 0.6, 0.6 ],
      "fixed": [ 0.8, 0.8, 0.8 ]
    }
  },
  "ammo": {
    "tracer_color": "#33FF66",
    // 粒子效果，部分参数和原版指令完全一致，具体可参考 wiki：https://minecraft.fandom.com/zh/wiki/%E5%91%BD%E4%BB%A4/particle
    // 没有此字段时，会调用 ammo 的相关字段
    "particle": {
		"name": "dust_color_transition 0.6 1 0 10 0.2 1 0.8",
		"delta": [
			0,
			0,
			0
		],
    //      // 速度，默认为0，必须至少为 0
		"speed": 0,
    //      // 粒子存在时间，单位 tick，默认为 20 tick
		"life_time": 20,
    //      // 粒子数量，当子弹速度过快时，可以增大此数量，能够填满子弹路径的空隙
		"count": 5
    }
  },
  "muzzle_flash": {
    "texture": "hlm:flash/dis",
    "scale": 2.8
  },
  "shell": {
    "initial_velocity": [ 5, 2, 1 ],
    "random_velocity": [ 1, 1, 0.25 ],
    "acceleration": [ 0.0, -10, 0.0 ],
    "angular_velocity": [ 360, -1200, 90 ],
    "living_time": 1.0
  },
  "sounds": {
    "shoot": "hlm:dis/shoot",
    "shoot_3p": "hlm:dis/shoot",
    "reload_empty": "hlm:dis/reload",
    "reload_tactical": "hlm:dis/reload",
    "inspect": "hlm:dis/inspect",
    "inspect_empty": "hlm:dis/inspect",
    "draw": "hlm:tau/draw",
	"kill": "hlm:dis/kill",
    "put_away": "hlm:put_away",
    //"silence": "hlm:smg/g",
    //"silence_3p": "hlm:smg/g",
	"dry_fire": "hlm:tau/dry",
    "melee_push": "tacz:melee_stock/melee_stock_03",
    "melee_stock": "tacz:melee_stock/melee_stock_01"
  },
  "offhand_show": {
    "pos": [ 1, 20, 4 ],
    "rotate": [ 0, 0, 45 ],
    "scale": [ 0.5, 0.5, 0.5 ]
  }
}