{
  "model": "hlm:gun/egon_geo",
  "texture": "hlm:gun/uv/egon",
  "hud": "hlm:gun/hud/egon",
  "slot": "hlm:gun/slot/egon",
  "animation": "hlm:egon",
  "ammo_count_style": "percent",
  "use_default_animation": "rifle",
  "third_person_animation": "default",
  "transform": {
    "scale": {
      "thirdperson": [ 0.6, 0.6, 0.6 ],
      "ground": [ 0.6, 0.6, 0.6 ],
      "fixed": [ 0.8, 0.8, 0.8 ]
    }
  },
  "ammo": {
    // 曳光弹颜色，没有则为 #FFFFFF，没有此字段时，会调用 ammo 的相关字段
    // 严格遵循 RGB 颜色代码
    "tracer_color": "#77BFFF"
  },
  "muzzle_flash": {
    "texture": "hlm:flash/egon",
    "scale": 2
  },
  "shell": {
    "initial_velocity": [ 5, 2, 1 ],
    "random_velocity": [ 1, 1, 0.25 ],
    "acceleration": [ 0.0, -10, 0.0 ],
    "angular_velocity": [ 360, -1200, 90 ],
    "living_time": 1.0
  },
  "sounds": {
    "shoot": "hlm:egon/shoot",
    "shoot_3p": "hlm:egon/shoot",
    "reload_empty": "hlm:egon/reload",
    "reload_tactical": "hlm:egon/reload",
    "inspect": "hlm:egon/inspect",
    "inspect_empty": "hlm:egon/inspect",
    "draw": "hlm:egon/draw",
    "put_away": "hlm:put_away",
    //"silence": "hlm:smg/g",
    //"silence_3p": "hlm:smg/g",
	"dry_fire": "hlm:egon/dry",
	"head_hit": "hlm:egon/hit",
    "flesh_hit": "hlm:egon/hit2",
    "melee_push": "tacz:melee_stock/melee_stock_03",
    "melee_stock": "tacz:melee_stock/melee_stock_01"
  },
  "offhand_show": {
    "pos": [ 1, 20, 4 ],
    "rotate": [ 0, 0, 45 ],
    "scale": [ 0.5, 0.5, 0.5 ]
  }
}