{
  "model": "hlm:gun/grenede_geo",
  "texture": "hlm:gun/uv/grenede",
  "hud": "hlm:gun/hud/grenede",
  "slot": "hlm:gun/slot/grenede",
  "animation": "hlm:grenede",
  "use_default_animation": "pistol",
  "transform": {
    "scale": {
      "thirdperson": [0.4, 0.4, 0.4],
      "ground": [0.41, 0.41, 0.41],
      "fixed": [0.41, 0.41, 0.41]
    }
  },
  "sounds": {
    "reload_empty": "hlm:grenede/reload",
    "inspect": "hlm:grenede/inspect",
    "inspect_empty": "",
    "draw": "hlm:grenede/draw",
    "put_away": "hlm:put_away",
    "shoot": "hlm:grenede/shoot",
    "shoot_3p": "hlm:grenede/shoot",
    "melee_push": "tacz:melee_stock/melee_stock_02",
    "melee_stock": "tacz:melee_stock/melee_stock_03"
  },
  "offhand_show": {
    "pos": [4.3, 11, 1],
    "rotate": [-90, -35, 90],
    "scale": [0.8, 0.8, 0.8]
  }
}