{
  "model": "hlm:gun/m357_geo",
  "texture": "hlm:gun/uv/m357",
  "hud": "hlm:gun/hud/m357",
  "slot": "hlm:gun/slot/m357",
  "animation": "hlm:m357",
  "use_default_animation": "pistol",
  "player_animator_3rd": "hlm:pistol_default.player_animation",
  "transform": {
    "scale": {
      "thirdperson": [ 0.4, 0.4, 0.4 ],
      "ground": [ 0.6, 0.6, 0.6 ],
      "fixed": [ 0.5, 0.5, 0.5 ]
    }
  },
  "shell": {
    "initial_velocity": [ 8.0, 5.0, -0.5 ],
    "random_velocity": [ 2.5, 1.5, 0.25 ],
    "acceleration": [ 0.0, -20, 0.0 ],
    "angular_velocity": [ 360, -720, 90 ],
    "living_time": 1.0
  },
  "muzzle_flash": {
    "texture": "tacz:flash/common_muzzle_flash",
    "scale": 1.2
  },
  "iron_zoom": 6,
  "sounds": {
    "reload_empty": "hlm:m357/reload_empty",
    "reload_tactical": "hlm:m357/reload_tactical",
    "inspect": "hlm:m357/inspect",
    "inspect_empty": "hlm:m357/inspect",
    "draw": "hlm:m357/draw",
    "put_away": "hlm:put_away",
    "shoot": "hlm:m357/shoot",
    "shoot_3p": "hlm:m357/shoot",
    "silence": "tacz:glock_17/glock17_silence",
    "silence_3p": "tacz:glock_17/glock17_silence_3p"
  },
  "offhand_show": {
    "pos": [ 4, 13, -1 ],
    "rotate": [ -90, -35, 90 ],
    "scale": [ 0.5, 0.5, 0.5 ]
  },
  "hotbar_show": {
    "0": {
      "pos": [ -5, 13, -1 ],
      "rotate": [ -90, -35, 90 ],
      "scale": [ 0.5, 0.5, 0.5 ]
    }
  }
}