{
  "model": "hlm:gun/otto_geo",
  "texture": "hlm:gun/uv/otto",
  "slot": "hlm:gun/slot/otto",
  "hud": "hlm:gun/hud/otto",
  "transform": {
    "scale": {
      "thirdperson": [
        0.6,
        0.6,
        0.6
      ],
      "ground": [
        0.4,
        0.4,
        0.4
      ],
      "fixed": [
        0.8,
        0.8,
        0.8
      ]
    }
  },
  "animation": "hlm:otto",
  "use_default_animation": "pistol",
  "third_person_animation": "default",
  "muzzle_flash": {
    "texture": "hlm:attachment/flash/ar2_flash",
    "scale": 1
  },
  "sounds": {
    "shoot": "hlm:otto/shoot",
    "shoot_3p": "hlm:otto/shoot",
    "melee_push": "hlm:otto/shoot",
    "melee_stock": "hlm:otto/shoot",
    "draw": "hlm:otto/draw",
    "put_away": "hlm:otto/draw",
    "reload_empty": "hlm:otto/reload",
    "reload_tactical": "hlm:otto/reload",
	"inspect": "hlm:crowbar/inspect",
	"inspect_empty": "hlm:crowbar/inspect",
    "dry_fire": ""
  },
  "offhand_show": {
    "pos": [4, 13, -1],
    "rotate": [-90, -110, 90],
    "scale": [0.5, 0.5, 0.5]
  },
  "hotbar_show": {
    "0": {
      "pos": [-5, 13, -1],
      "rotate": [-90, -110, 90],
      "scale": [0.5, 0.5, 0.5]
    }
  }
}