{
  "model": "hlm:gun/rpg_geo",
  "texture": "hlm:gun/uv/rpg",
  "hud": "hlm:gun/hud/rpg",
  "slot": "hlm:gun/slot/rpg",
  "animation": "hlm:rpg",
  "use_default_animation": "rifle",
  "transform": {
    "scale": {
      "thirdperson": [0.4, 0.4, 0.4],
      "ground": [0.41, 0.41, 0.41],
      "fixed": [0.41, 0.41, 0.41]
    }
  },
  "sounds": {
    "reload_empty": "hlm:rpg/reload",
    "inspect": "hlm:rpg/inspect",
    "inspect_empty": "hlm:rpg/inspect",
    "draw": "hlm:rpg/draw",
    "put_away": "hlm:put_away",
    "shoot": "hlm:rpg/shoot",
    "shoot_3p": "hlm:rpg/shoot",
    "melee_push": "tacz:melee_stock/melee_stock_02",
    "melee_stock": "tacz:melee_stock/melee_stock_03"
  },
  "offhand_show": {
    "pos": [0, 20, 5],
    "rotate": [-20, 0, 30],
    "scale": [0.6, 0.7, 0.6]
  }
}