{
  "model": "hlm:gun/sniper_geo",
  "texture": "hlm:gun/uv/sniper",
  "hud": "hlm:gun/hud/sniper",
  "slot": "hlm:gun/slot/sniper",
  "animation": "hlm:sniper",
  "use_default_animation": "rifle",
  "player_animator_3rd": "tacz:rifle_default.player_animation",
  "transform": {
    "scale": {
      "thirdperson": [ 0.6, 0.6, 0.6 ],
      "ground": [ 0.6, 0.6, 0.6 ],
      "fixed": [ 0.8, 0.8, 0.8 ]
    }
  },
  "shell": {
    "initial_velocity": [ 8.0, 5.0, -0.5 ],
    "random_velocity": [ 2.5, 1.5, 0.25 ],
    "acceleration": [ 0.0, -20, 0.0 ],
    "angular_velocity": [ 360, -720, 90 ],
    "living_time": 1.0
  },
  "ammo": {
    // 曳光弹颜色，没有则为 #FFFFFF，没有此字段时，会调用 ammo 的相关字段
    // 严格遵循 RGB 颜色代码
    "tracer_color": "#54EFF2"
  },
  "muzzle_flash": {
    "texture": "hlm:flash/ar2_flash",
    "scale": 2
  },
  "iron_zoom": 6,
  "sounds": {
    "reload_empty": "hlm:sniper/reload_e",
    "reload_tactical": "hlm:sniper/reload_r",
	"bolt": "hlm:sniper/reload",
    "draw": "hlm:sniper/draw",
    "inspect": "hlm:sniper/inspect",
    "put_away": "hlm:put_away",
    "shoot": "hlm:sniper/shoot",
    "shoot_3p": "hlm:sniper/shoot"
  },
  "offhand_show": {
    "pos": [ 1, 20, 4 ],
    "rotate": [ 0, 0, 45 ],
    "scale": [ 0.5, 0.5, 0.5 ]
  },
  "text_show": {
    // 定位组名，与模型中的组名对应。
    "ammo_count_text_show_pos": {
      // 文本缩放，默认大小对于 BlockBench 里的 1
      "scale": 2,
      // 对齐方式：right，center，left
      "align": "center",
      // 阴影
      "shadow": false,
      // 文本颜色
      "color": "#55efff",
      // 亮度：1-15
      "light": 15,
      // 支持在语言文件中定义，且支持PlaceholderAPI 风格的占位符
      // 目前仅支持两个：%player_name% %ammo_count%
      "text": "%ammo_count%"
    }
  }
}