{
  "model": "hlm:gun/spas_geo",
  "texture": "hlm:gun/uv/spas",
  "hud": "hlm:gun/hud/spas",
  "slot": "hlm:gun/slot/spas",
  "animation": "hlm:spas",
  "use_default_animation": "rifle",
  "player_animator_3rd": "default",
  "transform": {
    "scale": {
      "thirdperson": [ 0.6, 0.6, 0.6 ],
      "ground": [ 0.6, 0.6, 0.6 ],
      "fixed": [ 0.8, 0.8, 0.8 ]
    }
  },
  "shell": {
    "initial_velocity": [ 8.0, 5.0, -0.5 ],
    "random_velocity": [ 2.5, 1.5, 0.25 ],
    "acceleration": [ 0.0, -20, 0.0 ],
    "angular_velocity": [ 360, -720, 90 ],
    "living_time": 1.0
  },
  "muzzle_flash": {
    "texture": "tacz:flash/common_muzzle_flash",
    "scale": 1.5
  },
  "sounds": {
    "reload_empty": "hlm:spas/reload_empty",
    "reload_tactical": "hlm:spas/reload_tactical",
    "inspect": "hlm:spas/inspect",
    "inspect_empty": "hlm:spas/inspect",
    "draw": "hlm:spas/draw",
    "shoot": "hlm:spas/shootr",
    "shoot_burst": "hlm:spas/shoot",
    "shoot_3p": "hlm:spas/shootr"
  },
  "offhand_show": {
    "pos": [ 1, 20, 4 ],
    "rotate": [ 0, 0, 45 ],
    "scale": [ 0.5, 0.5, 0.5 ]
  }
}