{
  "model": "hlm:gun/tau_geo",
  "texture": "hlm:gun/uv/tau",
  "hud": "hlm:gun/hud/tau",
  "slot": "hlm:gun/slot/tau",
  "animation": "hlm:tau",
  "ammo_count_style": "percent",
  "use_default_animation": "rifle",
  "third_person_animation": "default",
  "transform": {
    "scale": {
      "thirdperson": [ 0.6, 0.6, 0.6 ],
      "ground": [ 0.6, 0.6, 0.6 ],
      "fixed": [ 0.8, 0.8, 0.8 ]
    }
  },
  "muzzle_flash": {
    "texture": "hlm:flash/tau",
    "scale": 2
  },
  "shell": {
    "initial_velocity": [ 5, 2, 1 ],
    "random_velocity": [ 1, 1, 0.25 ],
    "acceleration": [ 0.0, -10, 0.0 ],
    "angular_velocity": [ 360, -1200, 90 ],
    "living_time": 1.0
  },
  "sounds": {
    "shoot": "hlm:tau/shoot",
    "shoot_3p": "hlm:tau/shoot",
    "reload_empty": "hlm:tau/reload",
    "reload_tactical": "hlm:tau/reload",
    "inspect": "hlm:tau/inspect",
    "inspect_empty": "hlm:tau/inspect",
    "draw": "hlm:tau/draw",
    "put_away": "hlm:put_away",
    //"silence": "hlm:smg/g",
    //"silence_3p": "hlm:smg/g",
	"dry_fire": "hlm:tau/dry",
    "melee_push": "tacz:melee_stock/melee_stock_03",
    "melee_stock": "tacz:melee_stock/melee_stock_01"
  },
  "offhand_show": {
    "pos": [ 1, 20, 4 ],
    "rotate": [ 0, 0, 45 ],
    "scale": [ 0.5, 0.5, 0.5 ]
  }
}