{
  "model": "hlm:gun/usp_geo",
  "texture": "hlm:gun/uv/usp",
  "hud": "hlm:gun/hud/usp",
  "slot": "hlm:gun/slot/usp",
  "animation": "hlm:usp",
  "use_default_animation": "pistol",
  "player_animator_3rd": "hlm:pistol_default.player_animation",
  "transform": {
    "scale": {
      "thirdperson": [0.6, 0.6, 0.6],
      "ground": [0.6, 0.6, 0.6],
      "fixed": [1.2, 1.2, 1.2]
    }
  },
  "shell": {
    "initial_velocity": [8.0, 5.0, -0.5],
    "random_velocity": [2.5, 1.5, 0.25],
    "acceleration": [0.0, -20, 0.0],
    "angular_velocity": [360, -720, 90],
    "living_time": 1.0
  },
  "muzzle_flash": {
    "texture": "tacz:flash/common_muzzle_flash",
    "scale": 0.4
  },
  "sounds": {
    "reload_empty": "hlm:usp/reload_empty",
    "reload_tactical": "hlm:usp/reload_tactical",
    "inspect": "tacz:glock_17/glock17_inspect",
    "inspect_empty": "tacz:glock_17/glock17_inspect_empty",
    "draw": "hlm:usp/draw",
    "shoot": "hlm:usp/shoot",
    "shoot_3p": "hlm:usp/shoot",
    "silence": "tacz:glock_17/glock17_silence",
    "silence_3p": "tacz:glock_17/glock17_silence_3p"
  },
  "offhand_show": {
    "pos": [4, 13, -1],
    "rotate": [-90, -35, 90],
    "scale": [0.5, 0.5, 0.5]
  },
  "hotbar_show": {
    "0": {
      "pos": [-5, 13, -1],
      "rotate": [-90, -35, 90],
      "scale": [0.5, 0.5, 0.5]
    }
  }
}