{
  "ammo": "tacz:357mag",
  "rpm": 600,
  "bullet": {
    "life": 0.7,
    "bullet_amount": 1,
    "damage": 16,
    "tracer_count_interval": 0,
    "extra_damage": {
      "armor_ignore": 0.35,
      "head_shot_multiplier": 2.25,
      "damage_adjust": [
        {
          "distance": 36,
          "damage": 16
        },
        {
          "distance": 72,
          "damage": 12
        },
        {
          "distance": 100,
          "damage": 10
        },
        // 如果你忘记写这个无穷，那么超过上述距离，我就认为是 0
        {
          "distance": "infinite",
          "damage": 7
        }
      ]
    },
    "speed": 200,
    "gravity": 0.01,
    "knockback": 0.15,
    "friction": 0.02,
    "ignite": false,
    "pierce": 1,
    "explosion": {
      "explode": false,
      "damage": 20,
      "radius": 0.6,
      "knockback": true,
      "delay": 1
    }
  },
  "allow_attachment_types": [
    "scope",
    "muzzle"
  ],
  "ammo_amount": 1,
  "bolt": "manual_action",
  "reload": {
    "type": "magazine",
    "feed": {
      "empty": 1.6,
      "tactical": 1.6
    },
    "cooldown": {
      "empty": 1.8,
      "tactical": 1.8
    }
  },
  "draw_time": 0.25,
  "put_away_time": 0.23,
  "aim_time": 0.2,
  "sprint_time": 0.1,
  "weight": 1.2,
  "bolt_action_time": 0.4,
  "movement_speed": {
    "base": 0.0,
    "aim": -0.15,
    "reload": -0.1
  },
  "crawl_recoil_multiplier": 0.25,
  "fire_mode": [
    "semi"
  ],
  "recoil": {
    "pitch": [
      {
        "time": 0,
        "value": [ 0.85, 1.2 ]
      },
      {
        "time": 0.4,
        "value": [ 0.75, 0.9 ]
      },
      {
        "time": 0.65,
        "value": [ -0.225, -0.225 ]
      },
      {
        "time": 0.85,
        "value": [ 0.125, 0.125 ]
      },
      {
        "time": 1.1,
        "value": [ 0, 0 ]
      },
      {
        "time": 1.2,
        "value": [ 0, 0 ]
      }
    ],
    "yaw": [
      {
        "time": 0,
        "value": [ -0.3, 0.3 ]
      },
      {
        "time": 0.5,
        "value": [ 0, 0 ]
      }
    ]
  },
  "inaccuracy": {
    "stand": 2,
    "move": 2.5,
    "sneak": 1.5,
    "lie": 0.7,
    "aim": 0.1
  },
  // 近战相关
  "melee": {
    // 枪械距离参数，用来延升近战攻击范围
    // 会与刺刀等配件的距离做加和
    "distance": 1,
    // 使用时的冷却时间
    // 会与刺刀等配件的冷却时间做加和
    "cooldown": 0.6,
    // 默认近战数据，会被配件的数据替换掉
    "default": {
      // 动画类型：没有枪托的为 melee_push，有枪托的为 melee_stock
      "animation_type": "melee_push",
      // 刺刀距离参数，枪械里还有个刺刀攻击距离参数，两者做加和
      "distance": 1,
      // 刺刀范围角度
      "range_angle": 40,
      // 刺刀冷却时间，枪械里还有个刺刀冷却时间参数，两者做加和
      "cooldown": 0.2,
      // 伤害值
      "damage": 1,
      // 击退效果
      "knockback": 0.4,
      // 前摇时长，单位：秒
      "prep": 0.1
    }
  }
}