{
  // 指定枪械弹药，此处我们使用默认枪包中的 7.62x39mm 步枪弹。
  "ammo": "hlm:ar1_ammo",
  // 弹容
  "ammo_amount": 30,
  // 枪栓类型。此处我们先按照 ak47 的类型填入 closed_bolt，以后再进行详细解释。
  "bolt": "open_bolt",
  // 每分钟射出弹药量，最大不应超过 1200
  "rpm": 570,
  // 子弹实体属性
  "bullet": {
    // 寿命，单位秒
    "life": 8,
    // 伤害
    "damage": 8,
    "bullet_amount": 1,
    "tracer_count_interval": 1,
    //
    "extra_damage": {
      // 护甲穿透率，默认为 0，也就是没有穿甲伤害
      "armor_ignore": 0.75,
      // 爆头伤害 x1.5
      "head_shot_multiplier": 1.25,
      // 距离-伤害分段常函数
      "damage_adjust": [
        // 这样就能写抵近伤害了
        {
          "distance": 18,
          "damage": 8
        },
        {
          "distance": 25,
          "damage": 7
        },
        {
          "distance": 55,
          "damage": 5
        },
        // 如果你忘记写这个无穷，那么超过上述距离，我就认为是 0
        {
          "distance": "infinite",
          "damage": 3
        }
      ]
    },
    // 速度 m/s
    "speed": 400,
    // 重力
    "gravity": 0,
    // 击退效果
    "knockback": 0,
    // 飞行阻力
    "friction": -5,
    // 是否点燃目标
    "ignite": false,
    // 穿透实体的最大数量
    "pierce": 2
    // 爆炸参数，用于 rpg 等爆炸性武器，如果没有填写，则弹头不会爆炸
    //"explosion": {
    //  "radius": 5
    //}
  },
  // 换弹参数
  "reload": {
    // 此处先填入 magazine，详细含义在以后解释。
    "type": "magazine",
    // 弹匣供弹完成时间，到达此时间点，服务端就更新枪内子弹数量
    // 通常对应着动画当中弹匣插入的瞬间。
    "feed": {
      // 空仓换弹
      "empty": 1.125,
      // 战术换弹
      "tactical": 1.0
    },
    // 弹匣供弹总时长（秒），到达此时间点，枪械才可以进行开火、检视等行为。
    // 通常对应着动画当中枪械回到原位的瞬间。
    "cooldown": {
      // 空仓换弹
      "empty": 1.2,
      // 战术换弹
      "tactical": 1.1
    }
  },
  // 枪械抬起的动作时长，单位秒。
  "draw_time": 0.9,
  // 收枪的动作时长，单位秒。
  "put_away_time": 0.6,
  // 瞄准时长，单位秒。
  "aim_time": 0.2,
  // 疾跑状态切换时长，单位秒。
  "sprint_time": 0.3,
  // 开火模式
  "fire_mode": [
    // 全自动
    "auto"
  ],
  "extended_mag_ammo_amount":[
    60,
    90,
    120
	],
  // 后坐力，pitch 和yaw 分别至少需要两个关键帧
  "recoil": {
    "pitch": [
      // time 表示关键帧在时间轴上的位置，value 表示随机取值的取值范围。
      {
        "time": 0,
        "value": [ 0.8, 1 ]
      },
      {
        "time": 0.15,
        "value": [ 0.6, 0.8 ]
      },
      {
        "time": 0.45,
        "value": [ -0.125, 0 ]
      },
      {
        "time": 0.6,
        "value": [ 0, 0 ]
      }
    ],
    "yaw": [
      {
        "time": 0,
        "value": [ -0.3, -0.1 ]
      },
      {
        "time": 0.25,
        "value": [ -0.1, 0 ]
      },
      {
        "time": 0.45,
        "value": [ 0, 0 ]
      }
    ]
  },
  //
  "allow_attachment_types": [
    "scope",
    "laser",
	"extended_mag"
  ],
  "weight": 1,
  // 不准确度
  "inaccuracy": {
    // 站立射击散布
    "stand": 1.5,
    // 移动射击散布
    "move": 3,
    // 潜行射击散布
    "sneak": 1,
    // 趴下射击散布
    "lie": 0.5,
    // 瞄准射击时散布
    "aim": 0
  }
}