{
  "ammo": "hlm:bolt",
  "rpm": 400,
  "bullet": {
    "life": 2.6,
    "bullet_amount": 1,
    "damage": 100,
    "tracer_count_interval": 0,
    "extra_damage": {
      "armor_ignore": 0.15,
      "head_shot_multiplier": 2,
      "damage_adjust": [
        {
          "distance": 50,
          "damage": 60
        },
        {
          "distance": 100,
          "damage": 50
        },
        {
          "distance": "infinite",
          "damage": 35
        }
      ]
    },
    "speed": 200,
    "gravity": 0.12,
    "knockback": 0,
    "friction": 0.01,
    "ignite": {
      // 点燃实体
      "entity": true,
      // 点燃方块
      "block": false
    },
    // 点燃时间，默认为 2 秒，仅用于实体
    "ignite_entity_time": 1,
    "pierce": 4
  },
  "ammo_amount": 1,
  "extended_mag_ammo_amount": [
    20,
    25,
    30
  ],
  "bolt": "open_bolt",
  "reload": {
    "type": "magazine",
    "feed": {
      "empty": 2.3,
      "tactical": 0.1
    },
    "cooldown": {
      "empty": 2.41,
      "tactical": 0.01
    }
  },
  "draw_time": 0.32,
  "put_away_time": 0.35,
  "aim_time": 0.17,
  "sprint_time": 0.05,
  "weight": 5.6,
  "movement_speed": {
    "base": 0.0,
    "aim": 0,
    "reload": 0.1
  },
  "crawl_recoil_multiplier": 0.75,
  "fire_mode": [
    "semi"
  ],
  "recoil": {
    "pitch": [
      {
        "time": 0,
        "value": [ 0.55, 0.55 ]
      },
      {
        "time": 0.35,
        "value": [ 0.55, 0.55 ]
      },
      {
        "time": 0.6,
        "value": [ -0.175, -0.175 ]
      },
      {
        "time": 0.8,
        "value": [ 0.05, 0.05 ]
      },
      {
        "time": 1.0,
        "value": [ 0, 0 ]
      }
    ],
    "yaw": [
      {
        "time": 0,
        "value": [ -0.2, 0.2 ]
      },
      {
        "time": 0.45,
        "value": [ 0, 0 ]
      }
    ]
  },
  "builtin_attachments": {
    "scope": "hlm:scope_crossbow"
  },
  "exclusive_attachments": {
    // 配件 ID，后面的数据和配件的 data 部分结构完全一致
    "hlm:scope_crossbow": {
        "weight": 2.0,
		"ads_addend": -0.1
    }
  },
  "inaccuracy": {
    "stand": 0.5,
    "move": 1.0,
    "sneak": 0.3,
    "lie": 0.1,
    "aim": 0.0
  }
}