{
  "ammo": "hlm:u235",
  "rpm": 600,
  "bullet": {
    "life": 5,
    "bullet_amount": 6,
    "damage": 20,
    "tracer_count_interval": 100,
    "extra_damage": {
      "armor_ignore": 0.75,
      "head_shot_multiplier": 1.25,
      "damage_adjust": [
        {
          "distance": 60,
          "damage": 20
        },
		{
          "distance": 100,
          "damage": 18
        },
		{
          "distance": "infinite",
          "damage": 15
        }
      ]
    },
    "speed": 1000,
    "gravity": 0,
    "knockback": 0,
    "friction": 0,
    "ignite": false,
    "pierce": 0,
	"explosion": {
      "explode": false,
      "damage": 45,
      "radius": 3,
      "knockback": true,
      "delay": 1
    }
  },
  "ammo_amount": 100,
  "extended_mag_ammo_amount": [
    120,
    150,
    200
  ],
  "bolt": "open_bolt",
  "reload": {
    "type": "magazine",
    "feed": {
      "empty": 1.0,
      "tactical": 1.0
    },
    "cooldown": {
      "empty": 1.14,
      "tactical": 1.14
    }
  },
  "draw_time": 1,
  "put_away_time": 0.43,
  "aim_time": 0.32,
  "sprint_time": 0.15,
  "weight": 4,
  "movement_speed": {
    "base": 0.0,
    "aim": -0.15,
    "reload": 0
  },
  "crawl_recoil_multiplier": 0.75,
  "fire_mode": [
    "auto"
    //"semi"
  ],
  "allow_attachment_types": [
    //"extended_mag"
  ],
  "recoil": {
    "pitch": [
      {
        "time": 0,
        "value": [ 0.35, 0.35 ]
      },
      {
        "time": 0.3,
        "value": [ 0.35, 0.35 ]
      },
      {
        "time": 0.55,
        "value": [ -0.15, -0.15 ]
      },
      {
        "time": 0.7,
        "value": [ 0, 0 ]
      }
    ],
    "yaw": [
      {
        "time": 0,
        "value": [ -0.15, 0.15 ]
      },
      {
        "time": 0.3,
        "value": [ -0.15, 0.15 ]
      },
      {
        "time": 0.55,
        "value": [ 0, 0 ]
      }
    ]
  },
  "inaccuracy": {
    "stand": 2,
    "move": 3,
    "sneak": 1,
    "lie": 0.8,
    "aim": 0.1
  }
}