{
  "ammo": "hlm:grenede",
  "rpm": 600,
  "ammo_amount": 1,
  "bolt": "open_bolt",
  "bullet": {
    "life": 3,
    "bullet_amount": 1,
    "damage": 5,
    "extra_damage": {
      "armor_ignore": 0.0,
      "head_shot_multiplier": 1
    },
    "speed": 68,
    "gravity": 0.98,
    "knockback": 0,
    "friction": 0.005,
    "ignite": false,
    "pierce": 0,
    "explosion": {
      "explode": true,
      "damage": 80,
      "radius": 5,
      "knockback": true,
      "destroy_block": false,
      "delay": 4
    }
  },
  "reload": {
    "type": "magazine",
    "feed": {
      "empty": 0.01,
      "tactical": 0.1
    },
    "cooldown": {
      "empty": 0.8,
      "tactical": 0.01
    }
  },
  "draw_time": 0.75,
  "put_away_time": 0.73,
  "aim_time": 0.1,
  "sprint_time": 0.01,
  "weight": 1.3,
  "movement_speed": {
    "base": 0.0,
    "aim": 0.0,
    "reload": 0.2
  },
  "crawl_recoil_multiplier": 0.5,
  "fire_mode": [
    "semi"
  ],
  "recoil": {
    "pitch": [
      {
        "time": 0,
        "value": [ 1.5, 1.5 ]
      },
      {
        "time": 0.3,
        "value": [ 0.5, 0.5 ]
      },
      {
        "time": 0.55,
        "value": [ -0.15, -0.15 ]
      },
      {
        "time": 0.8,
        "value": [ 0.05, 0.05 ]
      },
      {
        "time": 1.2,
        "value": [ 0, 0 ]
      },
      {
        "time": 1.4,
        "value": [ 0, 0 ]
      }
    ],
    "yaw": [
      {
        "time": 0,
        "value": [ -0.1, 0.1 ]
      },
      {
        "time": 0.55,
        "value": [ 0, 0 ]
      }
    ]
  },
  "inaccuracy": {
    "stand": 2,
    "move": 5,
    "sneak": 1,
    "lie": 0.5,
    "aim": 0.1
  }
  
}