{
  "ammo": "tacz:45acp1",
  "rpm": 60,
  "bullet": {
    "life": 0.8,
    "bullet_amount": 1,
    "damage": 12,
    "extra_damage": {
      "armor_ignore": 0.1,
      "head_shot_multiplier": 1.5,
      "damage_adjust": [
        {
          "distance": 1,
          "damage": 15
        },
        {
          "distance": "infinite",
          "damage": 12
        }
      ]
    },
    "speed": 2,
    "gravity": 0,
    "knockback": 1,
    "friction": 0.01,
    "ignite": false,
    "pierce": 1
  },
  "ammo_amount": 1,
  "bolt": "open_bolt",
  "reload": {
    "type": "magazine",
    "feed": {
      "empty": 0.01,
      "tactical": 0.01
    },
    "cooldown": {
      "empty": 0.1,
      "tactical": 0.1
    }
  },
  "draw_time": 0.32,
  "put_away_time": 0.24,
  "sprint_time": 0.15,
  "aim_time": 0.5,
  "fire_mode": [
    "semi"
  ],
  "inaccuracy": {
    "stand": 0,
    "move": 0,
    "sneak": 0,
    "lie": 0,
    "aim": 0
  },
  "recoil": {
    "pitch": [
      // time 表示关键帧在时间轴上的位置，value 表示随机取值的取值范围。
      {
        "time": 0,
        "value": [ 0, 0 ]
      },
      {
        "time": 0.1,
        "value": [ 0, 0 ]
      }
    ],
    "yaw": [
      {
        "time": 0,
        "value": [ 0, 0 ]
      },
      
      {
        "time": 0.1,
        "value": [ 0, 0 ]
      }
    ]
  },
  // 近战相关
  "melee": {
    // 枪械距离参数，用来延升近战攻击范围
    // 会与刺刀等配件的距离做加和
    "distance": 1.8,
    // 使用时的冷却时间
    // 会与刺刀等配件的冷却时间做加和
    "cooldown": 0.65,
    // 默认近战数据，会被配件的数据替换掉
    "default": {
      // 动画类型：没有枪托的为 melee_push，有枪托的为 melee_stock
      "animation_type": "melee_push",
      // 刺刀距离参数，枪械里还有个刺刀攻击距离参数，两者做加和
      "distance": 0,
      // 刺刀范围角度
      "range_angle": 35,
      // 刺刀冷却时间，枪械里还有个刺刀冷却时间参数，两者做加和
      "cooldown": 0,
      // 伤害值
      "damage": 12,
      // 击退效果
      "knockback": 1,
      // 前摇时长，单位：秒
      "prep": 0.31
    }
  }
}