{
  "ammo": "hlm:sniper_ammo",
  "rpm": 90,
  "bullet": {
    "life": 2.6,
    "bullet_amount": 1,
    "damage": 120,
    "tracer_count_interval": 0,
    "extra_damage": {
      "armor_ignore": 1,
      "head_shot_multiplier": 2.5,
      "damage_adjust": [
        {
          "distance": 50,
          "damage": 120
        },
        {
          "distance": 100,
          "damage": 100
        },
        {
          "distance": "infinite",
          "damage": 70
        }
      ]
    },
    "speed": 400,
    "gravity": 0.0,
    "knockback": 0,
    "friction": 0.00,
    "ignite": false,
    "pierce": 4
  },
  "ammo_amount": 6,
  "extended_mag_ammo_amount": [
    20,
    25,
    30
  ],
  "bolt": "manual_action",
  "reload": {
    "type": "magazine",
    "feed": {
      "empty": 2.8,
      "tactical": 2.8
    },
    "cooldown": {
      "empty": 4.0,
      "tactical": 2.9
    }
  },
  "draw_time": 0.32,
  "put_away_time": 0.35,
  "aim_time": 0.5,
  "sprint_time": 0.05,
  "weight": 10,
  "bolt_action_time": 1.0,
  "movement_speed": {
    "base": 0.0,
    "aim": -0.6,
    "reload": -0.9
  },
  "crawl_recoil_multiplier": 0.25,
  "fire_mode": [
    "semi"
  ],
  "recoil": {
    "pitch": [
      {
        "time": 0,
        "value": [ 5.55, 5.55 ]
      },
      {
        "time": 0.8,
        "value": [ 3.45, 3.45 ]
      },
      {
        "time": 1.0,
        "value": [ 0, 0 ]
      }
    ],
    "yaw": [
      {
        "time": 0,
        "value": [ -0.2, 0.2 ]
      },
      {
        "time": 0.45,
        "value": [ 0, 0 ]
      }
    ]
  },
  "allow_attachment_types": [
    "laser"
  ],
  "builtin_attachments": {
    "scope": "hlm:ar_sniper"
  },
  "inaccuracy": {
    "stand": 1,
    "move": 2.0,
    "sneak": 0.6,
    "lie": 0.4,
    "aim": 0.0
  }
}