{
  "ammo": "tacz:12g",
  "rpm": 68,
  "bullet": {
    "life": 0.6,
    "bullet_amount": 8,
    "damage": 30,
    "tracer_count_interval": 0,
    "extra_damage": {
      "armor_ignore": 0.15,
      "head_shot_multiplier": 1.5,
      "damage_adjust": [
        {
          "distance": 8,
          "damage": 35
        },
        {
          "distance": 30,
          "damage": 30
        },
        {
          "distance": "infinite",
          "damage": 20
        }
      ]
    },
    "speed": 130,
    "gravity": 0.1,
    "knockback": 0.2,
    "friction": 0.05,
    "ignite": false,
    "pierce": 1
  },
  "ammo_amount": 6,
  "bolt": "open_bolt",
  "reload": {
    "type": "magazine",
    "feed": {
      "empty": 3.9,
      "tactical": 2.4
    },
    "cooldown": {
      "empty": 4,
      "tactical": 2.5
    }
  },
  "allow_attachment_types": [
    "scope"
  ],
  //"bolt_action_time": 0.2,  #弃用 爆发互动不正常
  "draw_time": 0.55,
  "put_away_time": 0.6,
  "aim_time": 0.15,
  "sprint_time": 0.21,
  "weight": 5.2,
  "movement_speed": {
    // 默认修正
    "base": 0.0,
    // 瞄准时
    "aim": -0.2,
    // 换弹时
    "reload": -0.2
  },
  "crawl_recoil_multiplier": 0.5,
  "fire_mode": [
    "semi",
    "burst"
  ],
  "burst_data": {
    // 是否连续射击
    "continuous_shoot": true,
    // 连发数
    "count": 2,
    // 组内连发的射速
    "bpm": 1100,
    // 每组连发之间的时间间隔（上一组结束时间到下一组开始的时间间隔），单位秒
    "min_interval": 0.8
  },
  "recoil": {
    "pitch": [
      {
        "time": 0,
        "value": [ 5.25, 7.55 ]
      },
      {
        "time": 0.45,
        "value": [ 4.25, 6.35 ]
      },
      {
        "time": 0.8,
        "value": [ 3.25, 3.25 ]
      },
      {
        "time": 1,
        "value": [ 0, 0 ]
      }
    ],
    "yaw": [
      {
        "time": 0,
        "value": [ -0.5, 0.5 ]
      },
      {
        "time": 0.1,
        "value": [ -0.5, 0.5 ]
      },
      {
        "time": 0.2,
        "value": [ 0.15, 0.15 ]
      },
      {
        "time": 0.4,
        "value": [ 0, 0 ]
      }
    ]
  },
  "inaccuracy": {
    "stand": 4.5,
    "move": 4.75,
    "sneak": 4,
    "lie": 4,
    "aim": 4
  },
  // 近战相关
  "melee": {
    // 枪械距离参数，用来延升近战攻击范围
    // 会与刺刀等配件的距离做加和
    "distance": 1,
    // 使用时的冷却时间
    "cooldown": 0.7,
    // 默认近战数据，会被配件的数据替换掉
    "default": {
      // 动画类型：没有枪托的为 melee_push，有枪托的为 melee_stock
      "animation_type": "melee_stock",
      // 刺刀距离参数，枪械里还有个刺刀攻击距离参数，两者做加和
      "distance": 1,
      // 刺刀范围角度
      "range_angle": 30,
      // 伤害值
      "damage": 3,
      // 击退效果
      "knockback": 0.6,
      // 前摇时长，单位：秒
      "prep": 0.1
    }
  }
}