{
  "ammo": "hlm:u235",
  "rpm": 300,
  "bullet": {
    "life": 2.5,
    "bullet_amount": 1,
    "damage": 20,
    "tracer_count_interval": 0,
    "extra_damage": {
      "armor_ignore": 1,
      "head_shot_multiplier": 2,
      "damage_adjust": [
        {
          "distance": 50,
          "damage": 20
        },
		{
          "distance": "infinite",
          "damage": 15
        }
      ]
    },
    "speed": 1000,
    "gravity": 0,
    "knockback": 0,
    "friction": 0,
    "ignite": false,
    "pierce": 2,
	"explosion": {
      "explode": false,
      "damage": 45,
      "radius": 3,
      "knockback": true,
      "delay": 1
    }
  },
  "ammo_amount": 100,
  "extended_mag_ammo_amount": [
    50,
    57,
    65
  ],
  "bolt": "open_bolt",
  "reload": {
    "type": "magazine",
    "feed": {
      "empty": 1.1,
      "tactical": 1.1
    },
    "cooldown": {
      "empty": 1.24,
      "tactical": 1.24
    }
  },
  "draw_time": 0.5,
  "put_away_time": 0.43,
  "aim_time": 0.12,
  "sprint_time": 0.15,
  "weight": 4,
  "movement_speed": {
    "base": 0.0,
    "aim": -0.15,
    "reload": 0
  },
  "crawl_recoil_multiplier": 0.75,
  "fire_mode": [
    "auto"
    //"semi"
  ],
  "allow_attachment_types": [
    "scope"
  ],
  "recoil": {
    "pitch": [
      {
        "time": 0,
        "value": [ 0.35, 0.35 ]
      },
      {
        "time": 0.3,
        "value": [ 0.35, 0.35 ]
      },
      {
        "time": 0.55,
        "value": [ -0.15, -0.15 ]
      },
      {
        "time": 0.7,
        "value": [ 0, 0 ]
      }
    ],
    "yaw": [
      {
        "time": 0,
        "value": [ -0.15, 0.15 ]
      },
      {
        "time": 0.3,
        "value": [ -0.15, 0.15 ]
      },
      {
        "time": 0.55,
        "value": [ 0, 0 ]
      }
    ]
  },
  "inaccuracy": {
    "stand": 0.2,
    "move": 0.5,
    "sneak": 0.1,
    "lie": 0.1,
    "aim": 0
  },
  "fire_mode_adjust": {
    // 全自动状态的数值调整，如无调整可不写
    "auto": {
      // 加算，全自动模式的开火数值调整，如无调整可不写
      "damage": 0,
      "rpm": 0,
      "speed": 0,
      "knockback": 0,
      "armor_ignore": 0,
      "head_shot_multiplier": 0,
      "aim_inaccuracy": 0,
      "other_inaccuracy": 0
    },
    // 半自动状态的数值调整，如无调整可不写
    "semi": {
      // 加算，半自动模式的开火数值调整，如无调整可不写
      "damage": 0.5,
      "rpm": -200,
      "speed": 0,
      "knockback": 0.1,
      "armor_ignore": 0.1,
      "head_shot_multiplier": 0.1,
      "aim_inaccuracy": -0.1,
      "other_inaccuracy": -0.5,
      "explosion": {
        // 是否爆炸，默认为 false，如果希望默认爆炸则设置为 true
         "explode": true,
        // 延时爆炸，单位：秒
         "delay": 0,
        // 爆炸半径，单位：米（格）
         "radius": 5,
        // 爆炸伤害
         "damage": 5,
         //爆炸导致的击退，默认为 false，需要服务器也开启爆炸击退才能使用
         "knockback": false,
         //爆炸是否破坏方块，默认为 false，需要服务器也开启爆炸破坏方块才能使用
         "destroy_block": false
        }
      }
    },
  // 近战相关
  "melee": {
    // 枪械距离参数，用来延升近战攻击范围
    // 会与刺刀等配件的距离做加和
    "distance": 1,
    // 使用时的冷却时间
    // 会与刺刀等配件的冷却时间做加和
    "cooldown": 0.6,
    // 默认近战数据，会被配件的数据替换掉
    "default": {
      // 动画类型：没有枪托的为 melee_push，有枪托的为 melee_stock
      "animation_type": "melee_push",
      // 刺刀距离参数，枪械里还有个刺刀攻击距离参数，两者做加和
      "distance": 1,
      // 刺刀范围角度
      "range_angle": 40,
      // 刺刀冷却时间，枪械里还有个刺刀冷却时间参数，两者做加和
      "cooldown": 0.2,
      // 伤害值
      "damage": 1,
      // 击退效果
      "knockback": 0.4,
      // 前摇时长，单位：秒
      "prep": 0.1
    }
  }
}