{
	"format_version": "1.12.0",
	"minecraft:geometry": [
		{
			"description": {
				"identifier": "geometry.unknown",
				"texture_width": 32,
				"texture_height": 32,
				"visible_bounds_width": 2,
				"visible_bounds_height": 1.5,
				"visible_bounds_offset": [0, 0.25, 0]
			},
			"bones": [
				{
					"name": "muzzle_tactical",
					"pivot": [0, 0, 1.375]
				},
				{
					"name": "flash",
					"parent": "muzzle_tactical",
					"pivot": [0, 0, 1.375],
					"cubes": [
						{
							"origin": [-0.15913, -0.8, -1.9375],
							"size": [0.31826, 0.2, 3.6875],
							"pivot": [0, 0, 1.375],
							"rotation": [0, 0, -45],
							"uv": {
								"north": {"uv": [8, 14], "uv_size": [1, 1]},
								"east": {"uv": [0, 0], "uv_size": [4, 1]},
								"south": {"uv": [9, 14], "uv_size": [1, 1]},
								"west": {"uv": [0, 1], "uv_size": [4, 1]},
								"up": {"uv": [0, 2], "uv_size": [1, 4]},
								"down": {"uv": [1, 6], "uv_size": [1, -4]}
							}
						},
						{
							"origin": [-0.15913, -0.8, -1.9375],
							"size": [0.31826, 0.2, 3.6875],
							"pivot": [0, 0, 1.375],
							"rotation": [0, 0, -22.5],
							"uv": {
								"north": {"uv": [14, 10], "uv_size": [1, 1]},
								"east": {"uv": [2, 2], "uv_size": [4, 1]},
								"south": {"uv": [14, 11], "uv_size": [1, 1]},
								"west": {"uv": [2, 3], "uv_size": [4, 1]},
								"up": {"uv": [2, 4], "uv_size": [1, 4]},
								"down": {"uv": [3, 8], "uv_size": [1, -4]}
							}
						},
						{
							"origin": [-0.15913, -0.8, -1.9375],
							"size": [0.31826, 0.2, 3.6875],
							"uv": {
								"north": {"uv": [14, 12], "uv_size": [1, 1]},
								"east": {"uv": [4, 0], "uv_size": [4, 1]},
								"south": {"uv": [14, 13], "uv_size": [1, 1]},
								"west": {"uv": [4, 1], "uv_size": [4, 1]},
								"up": {"uv": [4, 4], "uv_size": [1, 4]},
								"down": {"uv": [5, 8], "uv_size": [1, -4]}
							}
						},
						{
							"origin": [-0.15913, -0.8, -1.9375],
							"size": [0.31826, 0.2, 3.6875],
							"pivot": [0, 0, 1.375],
							"rotation": [0, 0, 22.5],
							"uv": {
								"north": {"uv": [14, 14], "uv_size": [1, 1]},
								"east": {"uv": [6, 2], "uv_size": [4, 1]},
								"south": {"uv": [8, 15], "uv_size": [1, 1]},
								"west": {"uv": [6, 3], "uv_size": [4, 1]},
								"up": {"uv": [0, 6], "uv_size": [1, 4]},
								"down": {"uv": [1, 10], "uv_size": [1, -4]}
							}
						},
						{
							"origin": [-0.15913, -0.8, -1.9375],
							"size": [0.31826, 0.2, 3.6875],
							"pivot": [0, 0, 1.375],
							"rotation": [0, 0, 45],
							"uv": {
								"north": {"uv": [9, 15], "uv_size": [1, 1]},
								"east": {"uv": [6, 4], "uv_size": [4, 1]},
								"south": {"uv": [15, 10], "uv_size": [1, 1]},
								"west": {"uv": [6, 5], "uv_size": [4, 1]},
								"up": {"uv": [6, 6], "uv_size": [1, 4]},
								"down": {"uv": [7, 10], "uv_size": [1, -4]}
							}
						},
						{
							"origin": [-0.15913, 0.6, -1.9375],
							"size": [0.31826, 0.2, 3.6875],
							"pivot": [0, 0, 1.375],
							"rotation": [0, 0, -45],
							"uv": {
								"north": {"uv": [15, 11], "uv_size": [1, 1]},
								"east": {"uv": [8, 0], "uv_size": [4, 1]},
								"south": {"uv": [15, 12], "uv_size": [1, 1]},
								"west": {"uv": [8, 1], "uv_size": [4, 1]},
								"up": {"uv": [2, 8], "uv_size": [1, 4]},
								"down": {"uv": [3, 12], "uv_size": [1, -4]}
							}
						},
						{
							"origin": [-0.15913, 0.6, -1.9375],
							"size": [0.31826, 0.2, 3.6875],
							"pivot": [0, 0, 1.375],
							"rotation": [0, 0, -22.5],
							"uv": {
								"north": {"uv": [15, 13], "uv_size": [1, 1]},
								"east": {"uv": [8, 6], "uv_size": [4, 1]},
								"south": {"uv": [14, 15], "uv_size": [1, 1]},
								"west": {"uv": [8, 7], "uv_size": [4, 1]},
								"up": {"uv": [4, 8], "uv_size": [1, 4]},
								"down": {"uv": [5, 12], "uv_size": [1, -4]}
							}
						},
						{
							"origin": [-0.15913, 0.6, -1.9375],
							"size": [0.31826, 0.2, 3.6875],
							"uv": {
								"north": {"uv": [15, 14], "uv_size": [1, 1]},
								"east": {"uv": [8, 8], "uv_size": [4, 1]},
								"south": {"uv": [15, 15], "uv_size": [1, 1]},
								"west": {"uv": [8, 9], "uv_size": [4, 1]},
								"up": {"uv": [0, 10], "uv_size": [1, 4]},
								"down": {"uv": [1, 14], "uv_size": [1, -4]}
							}
						},
						{
							"origin": [-0.15913, 0.6, -1.9375],
							"size": [0.31826, 0.2, 3.6875],
							"pivot": [0, 0, 1.375],
							"rotation": [0, 0, 22.5],
							"uv": {
								"north": {"uv": [16, 0], "uv_size": [1, 1]},
								"east": {"uv": [10, 2], "uv_size": [4, 1]},
								"south": {"uv": [16, 1], "uv_size": [1, 1]},
								"west": {"uv": [10, 3], "uv_size": [4, 1]},
								"up": {"uv": [6, 10], "uv_size": [1, 4]},
								"down": {"uv": [7, 14], "uv_size": [1, -4]}
							}
						},
						{
							"origin": [-0.15913, 0.6, -1.9375],
							"size": [0.31826, 0.2, 3.6875],
							"pivot": [0, 0, 1.375],
							"rotation": [0, 0, 45],
							"uv": {
								"north": {"uv": [2, 16], "uv_size": [1, 1]},
								"east": {"uv": [10, 4], "uv_size": [4, 1]},
								"south": {"uv": [3, 16], "uv_size": [1, 1]},
								"west": {"uv": [10, 5], "uv_size": [4, 1]},
								"up": {"uv": [8, 10], "uv_size": [1, 4]},
								"down": {"uv": [9, 14], "uv_size": [1, -4]}
							}
						},
						{
							"origin": [0.6, -0.15913, -1.9375],
							"size": [0.2, 0.31826, 3.6875],
							"pivot": [0, 0, 1.375],
							"rotation": [0, 0, -22.5],
							"uv": {
								"north": {"uv": [4, 16], "uv_size": [1, 1]},
								"east": {"uv": [10, 10], "uv_size": [4, 1]},
								"south": {"uv": [5, 16], "uv_size": [1, 1]},
								"west": {"uv": [10, 11], "uv_size": [4, 1]},
								"up": {"uv": [2, 12], "uv_size": [1, 4]},
								"down": {"uv": [3, 16], "uv_size": [1, -4]}
							}
						},
						{
							"origin": [0.6, -0.15913, -1.9375],
							"size": [0.2, 0.31826, 3.6875],
							"uv": {
								"north": {"uv": [16, 6], "uv_size": [1, 1]},
								"east": {"uv": [12, 0], "uv_size": [4, 1]},
								"south": {"uv": [16, 7], "uv_size": [1, 1]},
								"west": {"uv": [12, 1], "uv_size": [4, 1]},
								"up": {"uv": [4, 12], "uv_size": [1, 4]},
								"down": {"uv": [5, 16], "uv_size": [1, -4]}
							}
						},
						{
							"origin": [0.6, -0.15913, -1.9375],
							"size": [0.2, 0.31826, 3.6875],
							"pivot": [0, 0, 1.375],
							"rotation": [0, 0, 22.5],
							"uv": {
								"north": {"uv": [8, 16], "uv_size": [1, 1]},
								"east": {"uv": [12, 6], "uv_size": [4, 1]},
								"south": {"uv": [16, 8], "uv_size": [1, 1]},
								"west": {"uv": [12, 7], "uv_size": [4, 1]},
								"up": {"uv": [10, 12], "uv_size": [1, 4]},
								"down": {"uv": [11, 16], "uv_size": [1, -4]}
							}
						},
						{
							"origin": [-0.8, -0.15913, -1.9375],
							"size": [0.2, 0.31826, 3.6875],
							"pivot": [0, 0, 1.375],
							"rotation": [0, 0, -22.5],
							"uv": {
								"north": {"uv": [9, 16], "uv_size": [1, 1]},
								"east": {"uv": [12, 8], "uv_size": [4, 1]},
								"south": {"uv": [16, 9], "uv_size": [1, 1]},
								"west": {"uv": [12, 9], "uv_size": [4, 1]},
								"up": {"uv": [12, 12], "uv_size": [1, 4]},
								"down": {"uv": [13, 16], "uv_size": [1, -4]}
							}
						},
						{
							"origin": [-0.8, -0.15913, -1.9375],
							"size": [0.2, 0.31826, 3.6875],
							"uv": {
								"north": {"uv": [10, 16], "uv_size": [1, 1]},
								"east": {"uv": [14, 2], "uv_size": [4, 1]},
								"south": {"uv": [16, 10], "uv_size": [1, 1]},
								"west": {"uv": [14, 3], "uv_size": [4, 1]},
								"up": {"uv": [0, 14], "uv_size": [1, 4]},
								"down": {"uv": [1, 18], "uv_size": [1, -4]}
							}
						},
						{
							"origin": [-0.8, -0.15913, -1.9375],
							"size": [0.2, 0.31826, 3.6875],
							"pivot": [0, 0, 1.375],
							"rotation": [0, 0, 22.5],
							"uv": {
								"north": {"uv": [11, 16], "uv_size": [1, 1]},
								"east": {"uv": [14, 4], "uv_size": [4, 1]},
								"south": {"uv": [16, 11], "uv_size": [1, 1]},
								"west": {"uv": [14, 5], "uv_size": [4, 1]},
								"up": {"uv": [6, 14], "uv_size": [1, 4]},
								"down": {"uv": [7, 18], "uv_size": [1, -4]}
							}
						},
						{
							"origin": [-0.15913, -0.65, 1.75],
							"size": [0.31826, 1.325, -0.0625],
							"pivot": [0, 0, 1.3125],
							"rotation": [0, 0, 22.5],
							"uv": {
								"north": {"uv": [12, 16], "uv_size": [1, 1]},
								"east": {"uv": [16, 12], "uv_size": [1, 1]},
								"south": {"uv": [13, 16], "uv_size": [1, 1]},
								"west": {"uv": [16, 13], "uv_size": [1, 1]},
								"up": {"uv": [14, 16], "uv_size": [1, 1]},
								"down": {"uv": [16, 15], "uv_size": [1, -1]}
							}
						},
						{
							"origin": [-0.15913, -0.65, 1.75],
							"size": [0.31826, 1.325, -0.0625],
							"uv": {
								"north": {"uv": [15, 16], "uv_size": [1, 1]},
								"east": {"uv": [16, 15], "uv_size": [1, 1]},
								"south": {"uv": [16, 16], "uv_size": [1, 1]},
								"west": {"uv": [17, 0], "uv_size": [1, 1]},
								"up": {"uv": [17, 1], "uv_size": [1, 1]},
								"down": {"uv": [2, 18], "uv_size": [1, -1]}
							}
						},
						{
							"origin": [-0.15913, -0.65, 1.75],
							"size": [0.31826, 1.325, -0.0625],
							"pivot": [0, 0, 1.3125],
							"rotation": [0, 0, -22.5],
							"uv": {
								"north": {"uv": [3, 17], "uv_size": [1, 1]},
								"east": {"uv": [4, 17], "uv_size": [1, 1]},
								"south": {"uv": [5, 17], "uv_size": [1, 1]},
								"west": {"uv": [17, 6], "uv_size": [1, 1]},
								"up": {"uv": [17, 7], "uv_size": [1, 1]},
								"down": {"uv": [8, 18], "uv_size": [1, -1]}
							}
						},
						{
							"origin": [-0.15913, -0.65, 1.75],
							"size": [0.31826, 1.325, -0.0625],
							"pivot": [0, 0, 1.3125],
							"rotation": [0, 0, -45],
							"uv": {
								"north": {"uv": [17, 8], "uv_size": [1, 1]},
								"east": {"uv": [9, 17], "uv_size": [1, 1]},
								"south": {"uv": [17, 9], "uv_size": [1, 1]},
								"west": {"uv": [10, 17], "uv_size": [1, 1]},
								"up": {"uv": [17, 10], "uv_size": [1, 1]},
								"down": {"uv": [11, 18], "uv_size": [1, -1]}
							}
						},
						{
							"origin": [-0.675, -0.15913, 1.75],
							"size": [1.325, 0.31826, -0.0625],
							"pivot": [0, 0, 1.3125],
							"rotation": [0, 0, 22.5],
							"uv": {
								"north": {"uv": [17, 11], "uv_size": [1, 1]},
								"east": {"uv": [12, 17], "uv_size": [1, 1]},
								"south": {"uv": [17, 12], "uv_size": [1, 1]},
								"west": {"uv": [13, 17], "uv_size": [1, 1]},
								"up": {"uv": [17, 13], "uv_size": [1, 1]},
								"down": {"uv": [14, 18], "uv_size": [1, -1]}
							}
						},
						{
							"origin": [-0.675, -0.15913, 1.75],
							"size": [1.325, 0.31826, -0.0625],
							"uv": {
								"north": {"uv": [17, 14], "uv_size": [1, 1]},
								"east": {"uv": [15, 17], "uv_size": [1, 1]},
								"south": {"uv": [17, 15], "uv_size": [1, 1]},
								"west": {"uv": [16, 17], "uv_size": [1, 1]},
								"up": {"uv": [17, 16], "uv_size": [1, 1]},
								"down": {"uv": [17, 18], "uv_size": [1, -1]}
							}
						},
						{
							"origin": [-0.675, -0.15913, 1.75],
							"size": [1.325, 0.31826, -0.0625],
							"pivot": [0, 0, 1.3125],
							"rotation": [0, 0, -22.5],
							"uv": {
								"north": {"uv": [0, 18], "uv_size": [1, 1]},
								"east": {"uv": [18, 0], "uv_size": [1, 1]},
								"south": {"uv": [1, 18], "uv_size": [1, 1]},
								"west": {"uv": [18, 1], "uv_size": [1, 1]},
								"up": {"uv": [2, 18], "uv_size": [1, 1]},
								"down": {"uv": [18, 3], "uv_size": [1, -1]}
							}
						},
						{
							"origin": [-0.15913, -0.675, 1.75],
							"size": [0.31826, 1.325, -0.0625],
							"pivot": [0, 0, 1.3125],
							"rotation": [0, 0, 45],
							"uv": {
								"north": {"uv": [3, 18], "uv_size": [1, 1]},
								"east": {"uv": [18, 3], "uv_size": [1, 1]},
								"south": {"uv": [4, 18], "uv_size": [1, 1]},
								"west": {"uv": [18, 4], "uv_size": [1, 1]},
								"up": {"uv": [5, 18], "uv_size": [1, 1]},
								"down": {"uv": [18, 6], "uv_size": [1, -1]}
							}
						}
					]
				},
				{
					"name": "flash_illuminated",
					"parent": "flash",
					"pivot": [0, 0, -2.125],
					"cubes": [
						{
							"origin": [-0.15913, -0.675, -1.6875],
							"size": [0.31826, 1.325, -0.0625],
							"pivot": [0, 0, -2.125],
							"rotation": [0, 0, 45],
							"uv": {
								"north": {"uv": [6, 18], "uv_size": [1, 1]},
								"east": {"uv": [18, 6], "uv_size": [1, 1]},
								"south": {"uv": [7, 18], "uv_size": [1, 1]},
								"west": {"uv": [18, 7], "uv_size": [1, 1]},
								"up": {"uv": [8, 18], "uv_size": [1, 1]},
								"down": {"uv": [18, 9], "uv_size": [1, -1]}
							}
						},
						{
							"origin": [-0.675, -0.15913, -1.6875],
							"size": [1.325, 0.31826, -0.0625],
							"pivot": [0, 0, -2.125],
							"rotation": [0, 0, -22.5],
							"uv": {
								"north": {"uv": [9, 18], "uv_size": [1, 1]},
								"east": {"uv": [18, 9], "uv_size": [1, 1]},
								"south": {"uv": [10, 18], "uv_size": [1, 1]},
								"west": {"uv": [18, 10], "uv_size": [1, 1]},
								"up": {"uv": [11, 18], "uv_size": [1, 1]},
								"down": {"uv": [18, 12], "uv_size": [1, -1]}
							}
						},
						{
							"origin": [-0.675, -0.15913, -1.6875],
							"size": [1.325, 0.31826, -0.0625],
							"uv": {
								"north": {"uv": [12, 18], "uv_size": [1, 1]},
								"east": {"uv": [18, 12], "uv_size": [1, 1]},
								"south": {"uv": [13, 18], "uv_size": [1, 1]},
								"west": {"uv": [18, 13], "uv_size": [1, 1]},
								"up": {"uv": [14, 18], "uv_size": [1, 1]},
								"down": {"uv": [18, 15], "uv_size": [1, -1]}
							}
						},
						{
							"origin": [-0.675, -0.15913, -1.6875],
							"size": [1.325, 0.31826, -0.0625],
							"pivot": [0, 0, -2.125],
							"rotation": [0, 0, 22.5],
							"uv": {
								"north": {"uv": [15, 18], "uv_size": [1, 1]},
								"east": {"uv": [18, 15], "uv_size": [1, 1]},
								"south": {"uv": [16, 18], "uv_size": [1, 1]},
								"west": {"uv": [18, 16], "uv_size": [1, 1]},
								"up": {"uv": [17, 18], "uv_size": [1, 1]},
								"down": {"uv": [18, 18], "uv_size": [1, -1]}
							}
						},
						{
							"origin": [-0.15913, -0.65, -1.6875],
							"size": [0.31826, 1.325, -0.0625],
							"pivot": [0, 0, -2.125],
							"rotation": [0, 0, -45],
							"uv": {
								"north": {"uv": [18, 18], "uv_size": [1, 1]},
								"east": {"uv": [0, 19], "uv_size": [1, 1]},
								"south": {"uv": [19, 0], "uv_size": [1, 1]},
								"west": {"uv": [1, 19], "uv_size": [1, 1]},
								"up": {"uv": [19, 1], "uv_size": [1, 1]},
								"down": {"uv": [2, 20], "uv_size": [1, -1]}
							}
						},
						{
							"origin": [-0.15913, -0.65, -1.6875],
							"size": [0.31826, 1.325, -0.0625],
							"pivot": [0, 0, -2.125],
							"rotation": [0, 0, -22.5],
							"uv": {
								"north": {"uv": [19, 2], "uv_size": [1, 1]},
								"east": {"uv": [3, 19], "uv_size": [1, 1]},
								"south": {"uv": [19, 3], "uv_size": [1, 1]},
								"west": {"uv": [4, 19], "uv_size": [1, 1]},
								"up": {"uv": [19, 4], "uv_size": [1, 1]},
								"down": {"uv": [5, 20], "uv_size": [1, -1]}
							}
						},
						{
							"origin": [-0.15913, -0.65, -1.6875],
							"size": [0.31826, 1.325, -0.0625],
							"uv": {
								"north": {"uv": [19, 5], "uv_size": [1, 1]},
								"east": {"uv": [6, 19], "uv_size": [1, 1]},
								"south": {"uv": [19, 6], "uv_size": [1, 1]},
								"west": {"uv": [7, 19], "uv_size": [1, 1]},
								"up": {"uv": [19, 7], "uv_size": [1, 1]},
								"down": {"uv": [8, 20], "uv_size": [1, -1]}
							}
						},
						{
							"origin": [-0.15913, -0.65, -1.6875],
							"size": [0.31826, 1.325, -0.0625],
							"pivot": [0, 0, -2.125],
							"rotation": [0, 0, 22.5],
							"uv": {
								"north": {"uv": [19, 8], "uv_size": [1, 1]},
								"east": {"uv": [9, 19], "uv_size": [1, 1]},
								"south": {"uv": [19, 9], "uv_size": [1, 1]},
								"west": {"uv": [10, 19], "uv_size": [1, 1]},
								"up": {"uv": [19, 10], "uv_size": [1, 1]},
								"down": {"uv": [11, 20], "uv_size": [1, -1]}
							}
						}
					]
				}
			]
		}
	]
}