{
	"format_version": "1.12.0",
	"minecraft:geometry": [
		{
			"description": {
				"identifier": "geometry.unknown",
				"texture_width": 32,
				"texture_height": 32,
				"visible_bounds_width": 3,
				"visible_bounds_height": 1.5,
				"visible_bounds_offset": [0, 0.25, 0]
			},
			"bones": [
				{
					"name": "bb_main",
					"pivot": [0, 0, 0],
					"cubes": [
						{
							"origin": [-0.29687, 0.625, -4.725],
							"size": [0.59375, 1.09375, 8.075],
							"uv": {
								"north": {"uv": [14, 5], "uv_size": [0.625, 1.125]},
								"east": {"uv": [8, 2], "uv_size": [8.0625, 1.125]},
								"south": {"uv": [8, 14], "uv_size": [0.625, 1.125]},
								"west": {"uv": [6, 8], "uv_size": [8.0625, 1.125]},
								"up": {"uv": [0, 10], "uv_size": [0.625, 8.0625]},
								"down": {"uv": [1, 18.0625], "uv_size": [0.625, -8.0625]}
							}
						},
						{
							"origin": [0.29688, 0.625, -4.725],
							"size": [0.07813, 1, 1.0125],
							"uv": {
								"north": {"uv": [19, 16], "uv_size": [0.0625, 1]},
								"east": {"uv": [13, 12], "uv_size": [1, 1]},
								"south": {"uv": [18, 19], "uv_size": [0.0625, 1]},
								"west": {"uv": [13, 13], "uv_size": [1, 1]},
								"up": {"uv": [19, 19], "uv_size": [0.0625, 1]},
								"down": {"uv": [20, 1], "uv_size": [0.0625, -1]}
							}
						},
						{
							"origin": [0.3125, -0.125, -3.725],
							"size": [0.0625, 1.75, 0.2625],
							"uv": {
								"north": {"uv": [17, 8], "uv_size": [0.0625, 1.75]},
								"east": {"uv": [15, 5], "uv_size": [0.25, 1.75]},
								"south": {"uv": [17, 11], "uv_size": [0.0625, 1.75]},
								"west": {"uv": [15, 8], "uv_size": [0.25, 1.75]},
								"up": {"uv": [18, 24], "uv_size": [0.0625, 0.25]},
								"down": {"uv": [24, 18.25], "uv_size": [0.0625, -0.25]}
							}
						},
						{
							"origin": [0.3125, -0.125, -3.475],
							"size": [0.0625, 1, 1.075],
							"uv": {
								"north": {"uv": [20, 11], "uv_size": [0.0625, 1]},
								"east": {"uv": [6, 10], "uv_size": [1.0625, 1]},
								"south": {"uv": [20, 12], "uv_size": [0.0625, 1]},
								"west": {"uv": [8, 10], "uv_size": [1.0625, 1]},
								"up": {"uv": [19, 12], "uv_size": [0.0625, 1.0625]},
								"down": {"uv": [13, 20.0625], "uv_size": [0.0625, -1.0625]}
							}
						},
						{
							"origin": [0.28125, -0.1875, -2.35],
							"size": [0.14063, 0.54688, 1.575],
							"uv": {
								"north": {"uv": [19, 7], "uv_size": [0.125, 0.5625]},
								"east": {"uv": [4, 14], "uv_size": [1.5625, 0.5625]},
								"south": {"uv": [8, 19], "uv_size": [0.125, 0.5625]},
								"west": {"uv": [14, 4], "uv_size": [1.5625, 0.5625]},
								"up": {"uv": [13, 16], "uv_size": [0.125, 1.5625]},
								"down": {"uv": [16, 16.5625], "uv_size": [0.125, -1.5625]}
							}
						},
						{
							"origin": [0.28125, -0.1875, 0.4],
							"size": [0.14063, 0.35938, 1.575],
							"uv": {
								"north": {"uv": [20, 13], "uv_size": [0.125, 0.375]},
								"east": {"uv": [13, 14], "uv_size": [1.5625, 0.375]},
								"south": {"uv": [14, 20], "uv_size": [0.125, 0.375]},
								"west": {"uv": [14, 13], "uv_size": [1.5625, 0.375]},
								"up": {"uv": [17, 0], "uv_size": [0.125, 1.5625]},
								"down": {"uv": [17, 3.5625], "uv_size": [0.125, -1.5625]}
							}
						},
						{
							"origin": [0.34375, 0.35938, -1.475],
							"size": [0.07813, 0.57813, 0.7],
							"uv": {
								"north": {"uv": [21, 1], "uv_size": [0.0625, 0.5625]},
								"east": {"uv": [15, 11], "uv_size": [0.6875, 0.5625]},
								"south": {"uv": [2, 21], "uv_size": [0.0625, 0.5625]},
								"west": {"uv": [13, 15], "uv_size": [0.6875, 0.5625]},
								"up": {"uv": [18, 20], "uv_size": [0.0625, 0.6875]},
								"down": {"uv": [20, 18.6875], "uv_size": [0.0625, -0.6875]}
							}
						},
						{
							"origin": [0.3436, 0.23271, -2.28417],
							"size": [0.07813, 0.5625, 1.04375],
							"pivot": [0.375, 0.48271, -1.59042],
							"rotation": [34, 0, 0],
							"uv": {
								"north": {"uv": [21, 2], "uv_size": [0.0625, 0.5625]},
								"east": {"uv": [11, 14], "uv_size": [1.0625, 0.5625]},
								"south": {"uv": [3, 21], "uv_size": [0.0625, 0.5625]},
								"west": {"uv": [14, 12], "uv_size": [1.0625, 0.5625]},
								"up": {"uv": [16, 19], "uv_size": [0.0625, 1.0625]},
								"down": {"uv": [17, 20.0625], "uv_size": [0.0625, -1.0625]}
							}
						},
						{
							"origin": [0.34375, -0.11577, -1.49538],
							"size": [0.04688, 1.15625, 4.85625],
							"uv": {
								"north": {"uv": [19, 3], "uv_size": [0.0625, 1.1875]},
								"east": {"uv": [9, 4], "uv_size": [4.875, 1.1875]},
								"south": {"uv": [19, 5], "uv_size": [0.0625, 1.1875]},
								"west": {"uv": [9, 6], "uv_size": [4.875, 1.1875]},
								"up": {"uv": [14, 15], "uv_size": [0.0625, 4.875]},
								"down": {"uv": [15, 18.875], "uv_size": [0.0625, -4.875]}
							}
						},
						{
							"origin": [0.34375, 0.27092, -2.32336],
							"size": [0.04688, 0.64063, 1.10625],
							"pivot": [0.37515, 0.52092, -1.56711],
							"rotation": [34, 0, 0],
							"uv": {
								"north": {"uv": [19, 20], "uv_size": [0.0625, 0.625]},
								"east": {"uv": [14, 7], "uv_size": [1.125, 0.625]},
								"south": {"uv": [20, 19], "uv_size": [0.0625, 0.625]},
								"west": {"uv": [9, 14], "uv_size": [1.125, 0.625]},
								"up": {"uv": [19, 8], "uv_size": [0.0625, 1.125]},
								"down": {"uv": [19, 11.125], "uv_size": [0.0625, -1.125]}
							}
						},
						{
							"origin": [0.34375, -0.125, -2.4125],
							"size": [0.04688, 0.54688, 1.6375],
							"uv": {
								"north": {"uv": [21, 3], "uv_size": [0.0625, 0.5625]},
								"east": {"uv": [14, 0], "uv_size": [1.625, 0.5625]},
								"south": {"uv": [21, 4], "uv_size": [0.0625, 0.5625]},
								"west": {"uv": [14, 1], "uv_size": [1.625, 0.5625]},
								"up": {"uv": [17, 15], "uv_size": [0.0625, 1.625]},
								"down": {"uv": [16, 18.625], "uv_size": [0.0625, -1.625]}
							}
						},
						{
							"origin": [0.3125, 1.28304, -2.60325],
							"size": [0.04688, 0.1875, 1.075],
							"pivot": [0.34375, 1.00179, -2.06575],
							"rotation": [78, 0, 0],
							"uv": {
								"north": {"uv": [25, 1], "uv_size": [0.0625, 0.1875]},
								"east": {"uv": [16, 13], "uv_size": [1.0625, 0.1875]},
								"south": {"uv": [2, 25], "uv_size": [0.0625, 0.1875]},
								"west": {"uv": [16, 14], "uv_size": [1.0625, 0.1875]},
								"up": {"uv": [19, 14], "uv_size": [0.0625, 1.0625]},
								"down": {"uv": [15, 20.0625], "uv_size": [0.0625, -1.0625]}
							}
						},
						{
							"origin": [0.28125, -0.125, -2.4125],
							"size": [0.09375, 1.75, 5.7625],
							"uv": {
								"north": {"uv": [16, 6], "uv_size": [0.125, 1.75]},
								"east": {"uv": [0, 8], "uv_size": [5.75, 1.75]},
								"south": {"uv": [8, 16], "uv_size": [0.125, 1.75]},
								"west": {"uv": [8, 0], "uv_size": [5.75, 1.75]},
								"up": {"uv": [6, 14], "uv_size": [0.125, 5.75]},
								"down": {"uv": [7, 19.75], "uv_size": [0.125, -5.75]}
							}
						},
						{
							"origin": [-0.375, -0.125, -4.725],
							"size": [0.07813, 1.75, 8.075],
							"uv": {
								"north": {"uv": [17, 4], "uv_size": [0.0625, 1.75]},
								"east": {"uv": [0, 4], "uv_size": [8.0625, 1.75]},
								"south": {"uv": [17, 6], "uv_size": [0.0625, 1.75]},
								"west": {"uv": [0, 6], "uv_size": [8.0625, 1.75]},
								"up": {"uv": [4, 15], "uv_size": [0.0625, 8.0625]},
								"down": {"uv": [5, 23.0625], "uv_size": [0.0625, -8.0625]}
							}
						},
						{
							"origin": [-0.34554, 1.58858, -4.725],
							"size": [0.0625, 0.125, 8.075],
							"pivot": [-0.31429, 1.65108, -0.6875],
							"rotation": [0, 0, 41],
							"uv": {
								"north": {"uv": [27, 16], "uv_size": [0.0625, 0.125]},
								"east": {"uv": [10, 10], "uv_size": [8.0625, 0.125]},
								"south": {"uv": [17, 27], "uv_size": [0.0625, 0.125]},
								"west": {"uv": [6, 11], "uv_size": [8.0625, 0.125]},
								"up": {"uv": [9, 15], "uv_size": [0.0625, 8.0625]},
								"down": {"uv": [10, 23.0625], "uv_size": [0.0625, -8.0625]}
							}
						},
						{
							"origin": [0.28304, 1.58858, -4.725],
							"size": [0.0625, 0.125, 8.075],
							"pivot": [0.31429, 1.65108, -0.6875],
							"rotation": [0, 0, -41],
							"uv": {
								"north": {"uv": [27, 17], "uv_size": [0.0625, 0.125]},
								"east": {"uv": [4, 12], "uv_size": [8.0625, 0.125]},
								"south": {"uv": [18, 27], "uv_size": [0.0625, 0.125]},
								"west": {"uv": [4, 13], "uv_size": [8.0625, 0.125]},
								"up": {"uv": [11, 15], "uv_size": [0.0625, 8.0625]},
								"down": {"uv": [12, 23.0625], "uv_size": [0.0625, -8.0625]}
							}
						},
						{
							"origin": [-0.29687, -0.125, -4.5375],
							"size": [0.59375, 1.84375, 7.87187],
							"uv": {
								"north": {"uv": [4, 10], "uv_size": [0.625, 1.875]},
								"east": {"uv": [0, 0], "uv_size": [7.875, 1.875]},
								"south": {"uv": [5, 10], "uv_size": [0.625, 1.875]},
								"west": {"uv": [0, 2], "uv_size": [7.875, 1.875]},
								"up": {"uv": [2, 10], "uv_size": [0.625, 7.875]},
								"down": {"uv": [3, 17.875], "uv_size": [0.625, -7.875]}
							}
						},
						{
							"origin": [-0.05268, 0.09643, -5.1],
							"size": [0.3, 0.3, 0.95],
							"pivot": [-0.00268, 0.34643, -4.71875],
							"rotation": [0, 0, 45],
							"uv": {
								"north": {"uv": [18, 1], "uv_size": [0.3125, 0.3125]},
								"east": {"uv": [16, 0], "uv_size": [0.9375, 0.3125]},
								"south": {"uv": [2, 18], "uv_size": [0.3125, 0.3125]},
								"west": {"uv": [16, 1], "uv_size": [0.9375, 0.3125]},
								"up": {"uv": [16, 4], "uv_size": [0.3125, 0.9375]},
								"down": {"uv": [16, 5.9375], "uv_size": [0.3125, -0.9375]}
							}
						},
						{
							"origin": [0.05669, 0.20581, -5.1],
							"size": [0.08125, 0.08125, 0.7],
							"pivot": [-0.00268, 0.34643, -4.96875],
							"rotation": [0, 0, 45],
							"uv": {
								"north": {"uv": [2, 30], "uv_size": [0.0625, 0.0625]},
								"east": {"uv": [0, 30], "uv_size": [0.6875, 0.0625]},
								"south": {"uv": [30, 2], "uv_size": [0.0625, 0.0625]},
								"west": {"uv": [30, 0], "uv_size": [0.6875, 0.0625]},
								"up": {"uv": [1, 30], "uv_size": [0.0625, 0.6875]},
								"down": {"uv": [30, 1.6875], "uv_size": [0.0625, -0.6875]}
							}
						},
						{
							"origin": [-0.05268, 1.09643, -4.85],
							"size": [0.3, 0.3, 0.7],
							"pivot": [-0.00268, 1.34643, -4.71875],
							"rotation": [0, 0, 45],
							"uv": {
								"north": {"uv": [18, 2], "uv_size": [0.3125, 0.3125]},
								"east": {"uv": [16, 8], "uv_size": [0.6875, 0.3125]},
								"south": {"uv": [3, 18], "uv_size": [0.3125, 0.3125]},
								"west": {"uv": [16, 9], "uv_size": [0.6875, 0.3125]},
								"up": {"uv": [16, 11], "uv_size": [0.3125, 0.6875]},
								"down": {"uv": [16, 12.6875], "uv_size": [0.3125, -0.6875]}
							}
						},
						{
							"origin": [0.40044, 0.20581, -4.25625],
							"size": [0.175, 0.175, 0.075],
							"pivot": [0.38794, 0.39331, -4.125],
							"rotation": [-90, -45, 90],
							"uv": {
								"north": {"uv": [20, 20], "uv_size": [0.1875, 0.1875]},
								"east": {"uv": [22, 24], "uv_size": [0.0625, 0.1875]},
								"south": {"uv": [0, 21], "uv_size": [0.1875, 0.1875]},
								"west": {"uv": [24, 22], "uv_size": [0.0625, 0.1875]},
								"up": {"uv": [23, 24], "uv_size": [0.1875, 0.0625]},
								"down": {"uv": [24, 23.0625], "uv_size": [0.1875, -0.0625]}
							}
						},
						{
							"origin": [0.39419, 0.16438, -4.14687],
							"size": [0.175, 0.175, 0.05938],
							"pivot": [0.48169, 0.25188, -4.125],
							"rotation": [-90, 0, 90],
							"uv": {
								"north": {"uv": [21, 0], "uv_size": [0.1875, 0.1875]},
								"east": {"uv": [24, 24], "uv_size": [0.0625, 0.1875]},
								"south": {"uv": [1, 21], "uv_size": [0.1875, 0.1875]},
								"west": {"uv": [0, 25], "uv_size": [0.0625, 0.1875]},
								"up": {"uv": [25, 0], "uv_size": [0.1875, 0.0625]},
								"down": {"uv": [1, 25.0625], "uv_size": [0.1875, -0.0625]}
							}
						},
						{
							"origin": [0.42544, 0.08081, -3.56875],
							"size": [0.15, 0.15, 0.075],
							"pivot": [0.38794, 0.26831, -3.4375],
							"rotation": [-90, -45, 90],
							"uv": {
								"north": {"uv": [19, 24], "uv_size": [0.125, 0.125]},
								"east": {"uv": [27, 18], "uv_size": [0.0625, 0.125]},
								"south": {"uv": [24, 19], "uv_size": [0.125, 0.125]},
								"west": {"uv": [19, 27], "uv_size": [0.0625, 0.125]},
								"up": {"uv": [27, 19], "uv_size": [0.125, 0.0625]},
								"down": {"uv": [20, 27.0625], "uv_size": [0.125, -0.0625]}
							}
						},
						{
							"origin": [-0.08268, 0.06518, -5.0375],
							"size": [0.33, 0.33, 0.2625],
							"pivot": [-0.00268, 0.31518, -4.96875],
							"rotation": [0, 0, 45],
							"uv": {
								"north": {"uv": [17, 17], "uv_size": [0.3125, 0.3125]},
								"east": {"uv": [1, 19], "uv_size": [0.25, 0.3125]},
								"south": {"uv": [18, 0], "uv_size": [0.3125, 0.3125]},
								"west": {"uv": [2, 19], "uv_size": [0.25, 0.3125]},
								"up": {"uv": [19, 2], "uv_size": [0.3125, 0.25]},
								"down": {"uv": [3, 19.25], "uv_size": [0.3125, -0.25]}
							}
						}
					]
				},
				{
					"name": "hexadecagon",
					"pivot": [-0.0625, 0.25, -4.125],
					"cubes": [
						{
							"origin": [0.275, 0.20027, -4.375],
							"size": [0.2, 0.09946, 0.5],
							"pivot": [-0.0625, 0.25, -4.125],
							"rotation": [45, 0, 0],
							"uv": {
								"north": {"uv": [21, 5], "uv_size": [0.1875, 0.125]},
								"east": {"uv": [1, 20], "uv_size": [0.5, 0.125]},
								"south": {"uv": [6, 21], "uv_size": [0.1875, 0.125]},
								"west": {"uv": [20, 1], "uv_size": [0.5, 0.125]},
								"up": {"uv": [18, 3], "uv_size": [0.1875, 0.5]},
								"down": {"uv": [18, 4.5], "uv_size": [0.1875, -0.5]}
							}
						},
						{
							"origin": [0.275, 0.20027, -4.375],
							"size": [0.2, 0.09946, 0.5],
							"pivot": [-0.0625, 0.25, -4.125],
							"rotation": [22.5, 0, 0],
							"uv": {
								"north": {"uv": [21, 6], "uv_size": [0.1875, 0.125]},
								"east": {"uv": [2, 20], "uv_size": [0.5, 0.125]},
								"south": {"uv": [7, 21], "uv_size": [0.1875, 0.125]},
								"west": {"uv": [20, 2], "uv_size": [0.5, 0.125]},
								"up": {"uv": [18, 5], "uv_size": [0.1875, 0.5]},
								"down": {"uv": [18, 6.5], "uv_size": [0.1875, -0.5]}
							}
						},
						{
							"origin": [0.275, 0.20027, -4.375],
							"size": [0.2, 0.09946, 0.5],
							"uv": {
								"north": {"uv": [21, 7], "uv_size": [0.1875, 0.125]},
								"east": {"uv": [3, 20], "uv_size": [0.5, 0.125]},
								"south": {"uv": [8, 21], "uv_size": [0.1875, 0.125]},
								"west": {"uv": [20, 3], "uv_size": [0.5, 0.125]},
								"up": {"uv": [18, 7], "uv_size": [0.1875, 0.5]},
								"down": {"uv": [8, 18.5], "uv_size": [0.1875, -0.5]}
							}
						},
						{
							"origin": [0.275, 0.20027, -4.375],
							"size": [0.2, 0.09946, 0.5],
							"pivot": [-0.0625, 0.25, -4.125],
							"rotation": [-22.5, 0, 0],
							"uv": {
								"north": {"uv": [21, 8], "uv_size": [0.1875, 0.125]},
								"east": {"uv": [20, 4], "uv_size": [0.5, 0.125]},
								"south": {"uv": [21, 9], "uv_size": [0.1875, 0.125]},
								"west": {"uv": [20, 5], "uv_size": [0.5, 0.125]},
								"up": {"uv": [18, 8], "uv_size": [0.1875, 0.5]},
								"down": {"uv": [18, 9.5], "uv_size": [0.1875, -0.5]}
							}
						},
						{
							"origin": [0.275, 0.20027, -4.375],
							"size": [0.2, 0.09946, 0.5],
							"pivot": [-0.0625, 0.25, -4.125],
							"rotation": [-45, 0, 0],
							"uv": {
								"north": {"uv": [21, 10], "uv_size": [0.1875, 0.125]},
								"east": {"uv": [6, 20], "uv_size": [0.5, 0.125]},
								"south": {"uv": [21, 11], "uv_size": [0.1875, 0.125]},
								"west": {"uv": [20, 6], "uv_size": [0.5, 0.125]},
								"up": {"uv": [18, 11], "uv_size": [0.1875, 0.5]},
								"down": {"uv": [18, 12.5], "uv_size": [0.1875, -0.5]}
							}
						},
						{
							"origin": [0.275, 0, -4.17473],
							"size": [0.2, 0.5, 0.09946],
							"pivot": [-0.0625, 0.25, -4.125],
							"rotation": [22.5, 0, 0],
							"uv": {
								"north": {"uv": [13, 18], "uv_size": [0.1875, 0.5]},
								"east": {"uv": [7, 20], "uv_size": [0.125, 0.5]},
								"south": {"uv": [18, 13], "uv_size": [0.1875, 0.5]},
								"west": {"uv": [20, 7], "uv_size": [0.125, 0.5]},
								"up": {"uv": [21, 12], "uv_size": [0.1875, 0.125]},
								"down": {"uv": [13, 21.125], "uv_size": [0.1875, -0.125]}
							}
						},
						{
							"origin": [0.275, 0, -4.17473],
							"size": [0.2, 0.5, 0.09946],
							"uv": {
								"north": {"uv": [18, 14], "uv_size": [0.1875, 0.5]},
								"east": {"uv": [8, 20], "uv_size": [0.125, 0.5]},
								"south": {"uv": [18, 15], "uv_size": [0.1875, 0.5]},
								"west": {"uv": [20, 8], "uv_size": [0.125, 0.5]},
								"up": {"uv": [21, 13], "uv_size": [0.1875, 0.125]},
								"down": {"uv": [14, 21.125], "uv_size": [0.1875, -0.125]}
							}
						},
						{
							"origin": [0.275, 0, -4.17473],
							"size": [0.2, 0.5, 0.09946],
							"pivot": [-0.0625, 0.25, -4.125],
							"rotation": [-22.5, 0, 0],
							"uv": {
								"north": {"uv": [18, 16], "uv_size": [0.1875, 0.5]},
								"east": {"uv": [20, 9], "uv_size": [0.125, 0.5]},
								"south": {"uv": [17, 18], "uv_size": [0.1875, 0.5]},
								"west": {"uv": [20, 10], "uv_size": [0.125, 0.5]},
								"up": {"uv": [21, 14], "uv_size": [0.1875, 0.125]},
								"down": {"uv": [15, 21.125], "uv_size": [0.1875, -0.125]}
							}
						}
					]
				},
				{
					"name": "hexadecagon12",
					"pivot": [0.375, 0.4375, 0.75],
					"cubes": [
						{
							"origin": [0.22813, 0.40269, 0.825],
							"size": [0.2, 0.06962, 0.1],
							"pivot": [0.32813, 0.4375, 0.75],
							"rotation": [45, 0, 0],
							"uv": {
								"north": {"uv": [25, 2], "uv_size": [0.1875, 0.0625]},
								"east": {"uv": [27, 20], "uv_size": [0.125, 0.0625]},
								"south": {"uv": [3, 25], "uv_size": [0.1875, 0.0625]},
								"west": {"uv": [21, 27], "uv_size": [0.125, 0.0625]},
								"up": {"uv": [21, 15], "uv_size": [0.1875, 0.125]},
								"down": {"uv": [16, 21.125], "uv_size": [0.1875, -0.125]}
							}
						},
						{
							"origin": [0.22813, 0.40269, 0.825],
							"size": [0.2, 0.06962, 0.1],
							"pivot": [0.32813, 0.4375, 0.75],
							"rotation": [22.5, 0, 0],
							"uv": {
								"north": {"uv": [25, 3], "uv_size": [0.1875, 0.0625]},
								"east": {"uv": [27, 21], "uv_size": [0.125, 0.0625]},
								"south": {"uv": [4, 25], "uv_size": [0.1875, 0.0625]},
								"west": {"uv": [22, 27], "uv_size": [0.125, 0.0625]},
								"up": {"uv": [21, 16], "uv_size": [0.1875, 0.125]},
								"down": {"uv": [17, 21.125], "uv_size": [0.1875, -0.125]}
							}
						},
						{
							"origin": [0.22813, 0.40269, 0.825],
							"size": [0.2, 0.06962, 0.1],
							"uv": {
								"north": {"uv": [25, 4], "uv_size": [0.1875, 0.0625]},
								"east": {"uv": [27, 22], "uv_size": [0.125, 0.0625]},
								"south": {"uv": [5, 25], "uv_size": [0.1875, 0.0625]},
								"west": {"uv": [23, 27], "uv_size": [0.125, 0.0625]},
								"up": {"uv": [21, 17], "uv_size": [0.1875, 0.125]},
								"down": {"uv": [18, 21.125], "uv_size": [0.1875, -0.125]}
							}
						},
						{
							"origin": [0.22813, 0.40269, 0.825],
							"size": [0.2, 0.06962, 0.1],
							"pivot": [0.32813, 0.4375, 0.75],
							"rotation": [-22.5, 0, 0],
							"uv": {
								"north": {"uv": [25, 5], "uv_size": [0.1875, 0.0625]},
								"east": {"uv": [27, 23], "uv_size": [0.125, 0.0625]},
								"south": {"uv": [6, 25], "uv_size": [0.1875, 0.0625]},
								"west": {"uv": [24, 27], "uv_size": [0.125, 0.0625]},
								"up": {"uv": [21, 18], "uv_size": [0.1875, 0.125]},
								"down": {"uv": [19, 21.125], "uv_size": [0.1875, -0.125]}
							}
						},
						{
							"origin": [0.22813, 0.40269, 0.825],
							"size": [0.2, 0.06962, 0.1],
							"pivot": [0.32813, 0.4375, 0.75],
							"rotation": [-45, 0, 0],
							"uv": {
								"north": {"uv": [25, 6], "uv_size": [0.1875, 0.0625]},
								"east": {"uv": [27, 24], "uv_size": [0.125, 0.0625]},
								"south": {"uv": [7, 25], "uv_size": [0.1875, 0.0625]},
								"west": {"uv": [25, 27], "uv_size": [0.125, 0.0625]},
								"up": {"uv": [21, 19], "uv_size": [0.1875, 0.125]},
								"down": {"uv": [20, 21.125], "uv_size": [0.1875, -0.125]}
							}
						},
						{
							"origin": [0.22813, 0.2625, 0.71519],
							"size": [0.2, 0.1, 0.06962],
							"pivot": [0.32813, 0.4375, 0.75],
							"rotation": [22.5, 0, 0],
							"uv": {
								"north": {"uv": [21, 20], "uv_size": [0.1875, 0.125]},
								"east": {"uv": [27, 25], "uv_size": [0.0625, 0.125]},
								"south": {"uv": [21, 21], "uv_size": [0.1875, 0.125]},
								"west": {"uv": [26, 27], "uv_size": [0.0625, 0.125]},
								"up": {"uv": [25, 7], "uv_size": [0.1875, 0.0625]},
								"down": {"uv": [8, 25.0625], "uv_size": [0.1875, -0.0625]}
							}
						},
						{
							"origin": [0.22813, 0.2625, 0.71519],
							"size": [0.2, 0.1, 0.06962],
							"uv": {
								"north": {"uv": [0, 22], "uv_size": [0.1875, 0.125]},
								"east": {"uv": [27, 26], "uv_size": [0.0625, 0.125]},
								"south": {"uv": [22, 0], "uv_size": [0.1875, 0.125]},
								"west": {"uv": [27, 27], "uv_size": [0.0625, 0.125]},
								"up": {"uv": [25, 8], "uv_size": [0.1875, 0.0625]},
								"down": {"uv": [9, 25.0625], "uv_size": [0.1875, -0.0625]}
							}
						},
						{
							"origin": [0.22813, 0.2625, 0.71519],
							"size": [0.2, 0.1, 0.06962],
							"pivot": [0.32813, 0.4375, 0.75],
							"rotation": [-22.5, 0, 0],
							"uv": {
								"north": {"uv": [1, 22], "uv_size": [0.1875, 0.125]},
								"east": {"uv": [0, 28], "uv_size": [0.0625, 0.125]},
								"south": {"uv": [22, 1], "uv_size": [0.1875, 0.125]},
								"west": {"uv": [28, 0], "uv_size": [0.0625, 0.125]},
								"up": {"uv": [25, 9], "uv_size": [0.1875, 0.0625]},
								"down": {"uv": [10, 25.0625], "uv_size": [0.1875, -0.0625]}
							}
						},
						{
							"origin": [0.22813, 0.46122, 0.77208],
							"size": [0.2, 0.06962, 0.1],
							"pivot": [0.32813, 0.45581, 0.71142],
							"rotation": [-135, 0, 0],
							"uv": {
								"north": {"uv": [25, 17], "uv_size": [0.1875, 0.0625]},
								"east": {"uv": [8, 28], "uv_size": [0.125, 0.0625]},
								"south": {"uv": [18, 25], "uv_size": [0.1875, 0.0625]},
								"west": {"uv": [28, 8], "uv_size": [0.125, 0.0625]},
								"up": {"uv": [22, 11], "uv_size": [0.1875, 0.125]},
								"down": {"uv": [22, 12.125], "uv_size": [0.1875, -0.125]}
							}
						},
						{
							"origin": [0.22813, 0.45267, 0.75778],
							"size": [0.2, 0.06962, 0.1],
							"pivot": [0.32813, 0.45581, 0.71142],
							"rotation": [-157.5, 0, 0],
							"uv": {
								"north": {"uv": [25, 16], "uv_size": [0.1875, 0.0625]},
								"east": {"uv": [7, 28], "uv_size": [0.125, 0.0625]},
								"south": {"uv": [17, 25], "uv_size": [0.1875, 0.0625]},
								"west": {"uv": [28, 7], "uv_size": [0.125, 0.0625]},
								"up": {"uv": [22, 9], "uv_size": [0.1875, 0.125]},
								"down": {"uv": [22, 10.125], "uv_size": [0.1875, -0.125]}
							}
						},
						{
							"origin": [0.22813, 0.4393, 0.74784],
							"size": [0.2, 0.06962, 0.1],
							"pivot": [0.32813, 0.45581, 0.71142],
							"rotation": [-180, 0, 0],
							"uv": {
								"north": {"uv": [25, 15], "uv_size": [0.1875, 0.0625]},
								"east": {"uv": [6, 28], "uv_size": [0.125, 0.0625]},
								"south": {"uv": [16, 25], "uv_size": [0.1875, 0.0625]},
								"west": {"uv": [28, 6], "uv_size": [0.125, 0.0625]},
								"up": {"uv": [8, 22], "uv_size": [0.1875, 0.125]},
								"down": {"uv": [22, 8.125], "uv_size": [0.1875, -0.125]}
							}
						},
						{
							"origin": [0.22813, 0.42314, 0.74377],
							"size": [0.2, 0.06962, 0.1],
							"pivot": [0.32813, 0.45581, 0.71142],
							"rotation": [157.5, 0, 0],
							"uv": {
								"north": {"uv": [25, 14], "uv_size": [0.1875, 0.0625]},
								"east": {"uv": [5, 28], "uv_size": [0.125, 0.0625]},
								"south": {"uv": [15, 25], "uv_size": [0.1875, 0.0625]},
								"west": {"uv": [28, 5], "uv_size": [0.125, 0.0625]},
								"up": {"uv": [7, 22], "uv_size": [0.1875, 0.125]},
								"down": {"uv": [22, 7.125], "uv_size": [0.1875, -0.125]}
							}
						},
						{
							"origin": [0.22813, 0.40666, 0.74619],
							"size": [0.2, 0.06962, 0.1],
							"pivot": [0.32813, 0.45581, 0.71142],
							"rotation": [135, 0, 0],
							"uv": {
								"north": {"uv": [25, 13], "uv_size": [0.1875, 0.0625]},
								"east": {"uv": [4, 28], "uv_size": [0.125, 0.0625]},
								"south": {"uv": [14, 25], "uv_size": [0.1875, 0.0625]},
								"west": {"uv": [28, 4], "uv_size": [0.125, 0.0625]},
								"up": {"uv": [6, 22], "uv_size": [0.1875, 0.125]},
								"down": {"uv": [22, 6.125], "uv_size": [0.1875, -0.125]}
							}
						},
						{
							"origin": [0.22813, 0.31248, 0.64797],
							"size": [0.2, 0.1, 0.06962],
							"pivot": [0.32813, 0.45581, 0.71142],
							"rotation": [-157.5, 0, 0],
							"uv": {
								"north": {"uv": [22, 4], "uv_size": [0.1875, 0.125]},
								"east": {"uv": [3, 28], "uv_size": [0.0625, 0.125]},
								"south": {"uv": [22, 5], "uv_size": [0.1875, 0.125]},
								"west": {"uv": [28, 3], "uv_size": [0.0625, 0.125]},
								"up": {"uv": [25, 12], "uv_size": [0.1875, 0.0625]},
								"down": {"uv": [13, 25.0625], "uv_size": [0.1875, -0.0625]}
							}
						},
						{
							"origin": [0.22813, 0.29911, 0.63803],
							"size": [0.2, 0.1, 0.06962],
							"pivot": [0.32813, 0.45581, 0.71142],
							"rotation": [-180, 0, 0],
							"uv": {
								"north": {"uv": [3, 22], "uv_size": [0.1875, 0.125]},
								"east": {"uv": [2, 28], "uv_size": [0.0625, 0.125]},
								"south": {"uv": [22, 3], "uv_size": [0.1875, 0.125]},
								"west": {"uv": [28, 2], "uv_size": [0.0625, 0.125]},
								"up": {"uv": [25, 11], "uv_size": [0.1875, 0.0625]},
								"down": {"uv": [12, 25.0625], "uv_size": [0.1875, -0.0625]}
							}
						},
						{
							"origin": [0.22813, 0.28295, 0.63396],
							"size": [0.2, 0.1, 0.06962],
							"pivot": [0.32813, 0.45581, 0.71142],
							"rotation": [157.5, 0, 0],
							"uv": {
								"north": {"uv": [2, 22], "uv_size": [0.1875, 0.125]},
								"east": {"uv": [1, 28], "uv_size": [0.0625, 0.125]},
								"south": {"uv": [22, 2], "uv_size": [0.1875, 0.125]},
								"west": {"uv": [28, 1], "uv_size": [0.0625, 0.125]},
								"up": {"uv": [25, 10], "uv_size": [0.1875, 0.0625]},
								"down": {"uv": [11, 25.0625], "uv_size": [0.1875, -0.0625]}
							}
						}
					]
				},
				{
					"name": "hexadecagon3",
					"pivot": [0, 1.25, 3.3125],
					"rotation": [0, -90, 0],
					"cubes": [
						{
							"origin": [-0.14687, 1.21519, 3.3875],
							"size": [0.2, 0.06962, 0.1],
							"pivot": [-0.04687, 1.25, 3.3125],
							"rotation": [45, 0, 0],
							"uv": {
								"north": {"uv": [11, 26], "uv_size": [0.1875, 0.0625]},
								"east": {"uv": [25, 28], "uv_size": [0.125, 0.0625]},
								"south": {"uv": [26, 11], "uv_size": [0.1875, 0.0625]},
								"west": {"uv": [28, 25], "uv_size": [0.125, 0.0625]},
								"up": {"uv": [23, 7], "uv_size": [0.1875, 0.125]},
								"down": {"uv": [8, 23.125], "uv_size": [0.1875, -0.125]}
							}
						},
						{
							"origin": [-0.14687, 1.21519, 3.3875],
							"size": [0.2, 0.06962, 0.1],
							"pivot": [-0.04687, 1.25, 3.3125],
							"rotation": [22.5, 0, 0],
							"uv": {
								"north": {"uv": [12, 26], "uv_size": [0.1875, 0.0625]},
								"east": {"uv": [26, 28], "uv_size": [0.125, 0.0625]},
								"south": {"uv": [26, 12], "uv_size": [0.1875, 0.0625]},
								"west": {"uv": [28, 26], "uv_size": [0.125, 0.0625]},
								"up": {"uv": [23, 8], "uv_size": [0.1875, 0.125]},
								"down": {"uv": [23, 9.125], "uv_size": [0.1875, -0.125]}
							}
						},
						{
							"origin": [-0.14687, 1.21519, 3.3875],
							"size": [0.2, 0.06962, 0.1],
							"uv": {
								"north": {"uv": [13, 26], "uv_size": [0.1875, 0.0625]},
								"east": {"uv": [27, 28], "uv_size": [0.125, 0.0625]},
								"south": {"uv": [26, 13], "uv_size": [0.1875, 0.0625]},
								"west": {"uv": [28, 27], "uv_size": [0.125, 0.0625]},
								"up": {"uv": [23, 10], "uv_size": [0.1875, 0.125]},
								"down": {"uv": [23, 11.125], "uv_size": [0.1875, -0.125]}
							}
						},
						{
							"origin": [-0.14687, 1.21519, 3.3875],
							"size": [0.2, 0.06962, 0.1],
							"pivot": [-0.04687, 1.25, 3.3125],
							"rotation": [-22.5, 0, 0],
							"uv": {
								"north": {"uv": [14, 26], "uv_size": [0.1875, 0.0625]},
								"east": {"uv": [28, 28], "uv_size": [0.125, 0.0625]},
								"south": {"uv": [26, 14], "uv_size": [0.1875, 0.0625]},
								"west": {"uv": [0, 29], "uv_size": [0.125, 0.0625]},
								"up": {"uv": [23, 12], "uv_size": [0.1875, 0.125]},
								"down": {"uv": [13, 23.125], "uv_size": [0.1875, -0.125]}
							}
						},
						{
							"origin": [-0.14687, 1.21519, 3.3875],
							"size": [0.2, 0.06962, 0.1],
							"pivot": [-0.04687, 1.25, 3.3125],
							"rotation": [-45, 0, 0],
							"uv": {
								"north": {"uv": [15, 26], "uv_size": [0.1875, 0.0625]},
								"east": {"uv": [29, 0], "uv_size": [0.125, 0.0625]},
								"south": {"uv": [26, 15], "uv_size": [0.1875, 0.0625]},
								"west": {"uv": [1, 29], "uv_size": [0.125, 0.0625]},
								"up": {"uv": [23, 13], "uv_size": [0.1875, 0.125]},
								"down": {"uv": [14, 23.125], "uv_size": [0.1875, -0.125]}
							}
						},
						{
							"origin": [-0.14687, 1.075, 3.27769],
							"size": [0.2, 0.1, 0.06962],
							"pivot": [-0.04687, 1.25, 3.3125],
							"rotation": [22.5, 0, 0],
							"uv": {
								"north": {"uv": [23, 14], "uv_size": [0.1875, 0.125]},
								"east": {"uv": [29, 1], "uv_size": [0.0625, 0.125]},
								"south": {"uv": [15, 23], "uv_size": [0.1875, 0.125]},
								"west": {"uv": [2, 29], "uv_size": [0.0625, 0.125]},
								"up": {"uv": [16, 26], "uv_size": [0.1875, 0.0625]},
								"down": {"uv": [26, 16.0625], "uv_size": [0.1875, -0.0625]}
							}
						},
						{
							"origin": [-0.14687, 1.075, 3.27769],
							"size": [0.2, 0.1, 0.06962],
							"uv": {
								"north": {"uv": [23, 15], "uv_size": [0.1875, 0.125]},
								"east": {"uv": [29, 2], "uv_size": [0.0625, 0.125]},
								"south": {"uv": [16, 23], "uv_size": [0.1875, 0.125]},
								"west": {"uv": [3, 29], "uv_size": [0.0625, 0.125]},
								"up": {"uv": [17, 26], "uv_size": [0.1875, 0.0625]},
								"down": {"uv": [26, 17.0625], "uv_size": [0.1875, -0.0625]}
							}
						},
						{
							"origin": [-0.14687, 1.075, 3.27769],
							"size": [0.2, 0.1, 0.06962],
							"pivot": [-0.04687, 1.25, 3.3125],
							"rotation": [-22.5, 0, 0],
							"uv": {
								"north": {"uv": [23, 16], "uv_size": [0.1875, 0.125]},
								"east": {"uv": [29, 3], "uv_size": [0.0625, 0.125]},
								"south": {"uv": [17, 23], "uv_size": [0.1875, 0.125]},
								"west": {"uv": [4, 29], "uv_size": [0.0625, 0.125]},
								"up": {"uv": [18, 26], "uv_size": [0.1875, 0.0625]},
								"down": {"uv": [26, 18.0625], "uv_size": [0.1875, -0.0625]}
							}
						},
						{
							"origin": [-0.14687, 1.27372, 3.33458],
							"size": [0.2, 0.06962, 0.1],
							"pivot": [-0.04687, 1.26831, 3.27392],
							"rotation": [-135, 0, 0],
							"uv": {
								"north": {"uv": [19, 26], "uv_size": [0.1875, 0.0625]},
								"east": {"uv": [29, 4], "uv_size": [0.125, 0.0625]},
								"south": {"uv": [26, 19], "uv_size": [0.1875, 0.0625]},
								"west": {"uv": [5, 29], "uv_size": [0.125, 0.0625]},
								"up": {"uv": [23, 17], "uv_size": [0.1875, 0.125]},
								"down": {"uv": [18, 23.125], "uv_size": [0.1875, -0.125]}
							}
						},
						{
							"origin": [-0.14687, 1.26517, 3.32028],
							"size": [0.2, 0.06962, 0.1],
							"pivot": [-0.04687, 1.26831, 3.27392],
							"rotation": [-157.5, 0, 0],
							"uv": {
								"north": {"uv": [20, 26], "uv_size": [0.1875, 0.0625]},
								"east": {"uv": [29, 5], "uv_size": [0.125, 0.0625]},
								"south": {"uv": [26, 20], "uv_size": [0.1875, 0.0625]},
								"west": {"uv": [6, 29], "uv_size": [0.125, 0.0625]},
								"up": {"uv": [23, 18], "uv_size": [0.1875, 0.125]},
								"down": {"uv": [19, 23.125], "uv_size": [0.1875, -0.125]}
							}
						},
						{
							"origin": [-0.14687, 1.2518, 3.31034],
							"size": [0.2, 0.06962, 0.1],
							"pivot": [-0.04687, 1.26831, 3.27392],
							"rotation": [-180, 0, 0],
							"uv": {
								"north": {"uv": [21, 26], "uv_size": [0.1875, 0.0625]},
								"east": {"uv": [29, 6], "uv_size": [0.125, 0.0625]},
								"south": {"uv": [26, 21], "uv_size": [0.1875, 0.0625]},
								"west": {"uv": [7, 29], "uv_size": [0.125, 0.0625]},
								"up": {"uv": [23, 19], "uv_size": [0.1875, 0.125]},
								"down": {"uv": [20, 23.125], "uv_size": [0.1875, -0.125]}
							}
						},
						{
							"origin": [-0.14687, 1.23564, 3.30627],
							"size": [0.2, 0.06962, 0.1],
							"pivot": [-0.04687, 1.26831, 3.27392],
							"rotation": [157.5, 0, 0],
							"uv": {
								"north": {"uv": [22, 26], "uv_size": [0.1875, 0.0625]},
								"east": {"uv": [29, 7], "uv_size": [0.125, 0.0625]},
								"south": {"uv": [26, 22], "uv_size": [0.1875, 0.0625]},
								"west": {"uv": [8, 29], "uv_size": [0.125, 0.0625]},
								"up": {"uv": [23, 20], "uv_size": [0.1875, 0.125]},
								"down": {"uv": [21, 23.125], "uv_size": [0.1875, -0.125]}
							}
						},
						{
							"origin": [-0.14687, 1.21916, 3.30869],
							"size": [0.2, 0.06962, 0.1],
							"pivot": [-0.04687, 1.26831, 3.27392],
							"rotation": [135, 0, 0],
							"uv": {
								"north": {"uv": [23, 26], "uv_size": [0.1875, 0.0625]},
								"east": {"uv": [29, 8], "uv_size": [0.125, 0.0625]},
								"south": {"uv": [26, 23], "uv_size": [0.1875, 0.0625]},
								"west": {"uv": [9, 29], "uv_size": [0.125, 0.0625]},
								"up": {"uv": [23, 21], "uv_size": [0.1875, 0.125]},
								"down": {"uv": [22, 23.125], "uv_size": [0.1875, -0.125]}
							}
						},
						{
							"origin": [-0.14687, 1.12498, 3.21047],
							"size": [0.2, 0.1, 0.06962],
							"pivot": [-0.04687, 1.26831, 3.27392],
							"rotation": [-157.5, 0, 0],
							"uv": {
								"north": {"uv": [23, 22], "uv_size": [0.1875, 0.125]},
								"east": {"uv": [29, 9], "uv_size": [0.0625, 0.125]},
								"south": {"uv": [23, 23], "uv_size": [0.1875, 0.125]},
								"west": {"uv": [10, 29], "uv_size": [0.0625, 0.125]},
								"up": {"uv": [24, 26], "uv_size": [0.1875, 0.0625]},
								"down": {"uv": [26, 24.0625], "uv_size": [0.1875, -0.0625]}
							}
						},
						{
							"origin": [-0.14687, 1.11161, 3.20053],
							"size": [0.2, 0.1, 0.06962],
							"pivot": [-0.04687, 1.26831, 3.27392],
							"rotation": [-180, 0, 0],
							"uv": {
								"north": {"uv": [0, 24], "uv_size": [0.1875, 0.125]},
								"east": {"uv": [29, 10], "uv_size": [0.0625, 0.125]},
								"south": {"uv": [24, 0], "uv_size": [0.1875, 0.125]},
								"west": {"uv": [11, 29], "uv_size": [0.0625, 0.125]},
								"up": {"uv": [25, 26], "uv_size": [0.1875, 0.0625]},
								"down": {"uv": [26, 25.0625], "uv_size": [0.1875, -0.0625]}
							}
						},
						{
							"origin": [-0.14687, 1.09545, 3.19646],
							"size": [0.2, 0.1, 0.06962],
							"pivot": [-0.04687, 1.26831, 3.27392],
							"rotation": [157.5, 0, 0],
							"uv": {
								"north": {"uv": [1, 24], "uv_size": [0.1875, 0.125]},
								"east": {"uv": [29, 11], "uv_size": [0.0625, 0.125]},
								"south": {"uv": [24, 1], "uv_size": [0.1875, 0.125]},
								"west": {"uv": [12, 29], "uv_size": [0.0625, 0.125]},
								"up": {"uv": [26, 26], "uv_size": [0.1875, 0.0625]},
								"down": {"uv": [0, 27.0625], "uv_size": [0.1875, -0.0625]}
							}
						}
					]
				},
				{
					"name": "hexadecagon4",
					"pivot": [0, 0.3125, 3.3125],
					"rotation": [0, -90, 0],
					"cubes": [
						{
							"origin": [-0.14687, 0.27769, 3.3875],
							"size": [0.2, 0.06962, 0.1],
							"pivot": [-0.04687, 0.3125, 3.3125],
							"rotation": [45, 0, 0],
							"uv": {
								"north": {"uv": [27, 0], "uv_size": [0.1875, 0.0625]},
								"east": {"uv": [29, 12], "uv_size": [0.125, 0.0625]},
								"south": {"uv": [1, 27], "uv_size": [0.1875, 0.0625]},
								"west": {"uv": [13, 29], "uv_size": [0.125, 0.0625]},
								"up": {"uv": [2, 24], "uv_size": [0.1875, 0.125]},
								"down": {"uv": [24, 2.125], "uv_size": [0.1875, -0.125]}
							}
						},
						{
							"origin": [-0.14687, 0.27769, 3.3875],
							"size": [0.2, 0.06962, 0.1],
							"pivot": [-0.04687, 0.3125, 3.3125],
							"rotation": [22.5, 0, 0],
							"uv": {
								"north": {"uv": [27, 1], "uv_size": [0.1875, 0.0625]},
								"east": {"uv": [29, 13], "uv_size": [0.125, 0.0625]},
								"south": {"uv": [2, 27], "uv_size": [0.1875, 0.0625]},
								"west": {"uv": [14, 29], "uv_size": [0.125, 0.0625]},
								"up": {"uv": [3, 24], "uv_size": [0.1875, 0.125]},
								"down": {"uv": [24, 3.125], "uv_size": [0.1875, -0.125]}
							}
						},
						{
							"origin": [-0.14687, 0.27769, 3.3875],
							"size": [0.2, 0.06962, 0.1],
							"uv": {
								"north": {"uv": [27, 2], "uv_size": [0.1875, 0.0625]},
								"east": {"uv": [29, 14], "uv_size": [0.125, 0.0625]},
								"south": {"uv": [3, 27], "uv_size": [0.1875, 0.0625]},
								"west": {"uv": [15, 29], "uv_size": [0.125, 0.0625]},
								"up": {"uv": [4, 24], "uv_size": [0.1875, 0.125]},
								"down": {"uv": [24, 4.125], "uv_size": [0.1875, -0.125]}
							}
						},
						{
							"origin": [-0.14687, 0.27769, 3.3875],
							"size": [0.2, 0.06962, 0.1],
							"pivot": [-0.04687, 0.3125, 3.3125],
							"rotation": [-22.5, 0, 0],
							"uv": {
								"north": {"uv": [27, 3], "uv_size": [0.1875, 0.0625]},
								"east": {"uv": [29, 15], "uv_size": [0.125, 0.0625]},
								"south": {"uv": [4, 27], "uv_size": [0.1875, 0.0625]},
								"west": {"uv": [16, 29], "uv_size": [0.125, 0.0625]},
								"up": {"uv": [5, 24], "uv_size": [0.1875, 0.125]},
								"down": {"uv": [24, 5.125], "uv_size": [0.1875, -0.125]}
							}
						},
						{
							"origin": [-0.14687, 0.27769, 3.3875],
							"size": [0.2, 0.06962, 0.1],
							"pivot": [-0.04687, 0.3125, 3.3125],
							"rotation": [-45, 0, 0],
							"uv": {
								"north": {"uv": [27, 4], "uv_size": [0.1875, 0.0625]},
								"east": {"uv": [29, 16], "uv_size": [0.125, 0.0625]},
								"south": {"uv": [5, 27], "uv_size": [0.1875, 0.0625]},
								"west": {"uv": [17, 29], "uv_size": [0.125, 0.0625]},
								"up": {"uv": [6, 24], "uv_size": [0.1875, 0.125]},
								"down": {"uv": [24, 6.125], "uv_size": [0.1875, -0.125]}
							}
						},
						{
							"origin": [-0.14687, 0.1375, 3.27769],
							"size": [0.2, 0.1, 0.06962],
							"pivot": [-0.04687, 0.3125, 3.3125],
							"rotation": [22.5, 0, 0],
							"uv": {
								"north": {"uv": [7, 24], "uv_size": [0.1875, 0.125]},
								"east": {"uv": [29, 17], "uv_size": [0.0625, 0.125]},
								"south": {"uv": [24, 7], "uv_size": [0.1875, 0.125]},
								"west": {"uv": [18, 29], "uv_size": [0.0625, 0.125]},
								"up": {"uv": [27, 5], "uv_size": [0.1875, 0.0625]},
								"down": {"uv": [6, 27.0625], "uv_size": [0.1875, -0.0625]}
							}
						},
						{
							"origin": [-0.14687, 0.1375, 3.27769],
							"size": [0.2, 0.1, 0.06962],
							"uv": {
								"north": {"uv": [8, 24], "uv_size": [0.1875, 0.125]},
								"east": {"uv": [29, 18], "uv_size": [0.0625, 0.125]},
								"south": {"uv": [24, 8], "uv_size": [0.1875, 0.125]},
								"west": {"uv": [19, 29], "uv_size": [0.0625, 0.125]},
								"up": {"uv": [27, 6], "uv_size": [0.1875, 0.0625]},
								"down": {"uv": [7, 27.0625], "uv_size": [0.1875, -0.0625]}
							}
						},
						{
							"origin": [-0.14687, 0.1375, 3.27769],
							"size": [0.2, 0.1, 0.06962],
							"pivot": [-0.04687, 0.3125, 3.3125],
							"rotation": [-22.5, 0, 0],
							"uv": {
								"north": {"uv": [9, 24], "uv_size": [0.1875, 0.125]},
								"east": {"uv": [29, 19], "uv_size": [0.0625, 0.125]},
								"south": {"uv": [24, 9], "uv_size": [0.1875, 0.125]},
								"west": {"uv": [20, 29], "uv_size": [0.0625, 0.125]},
								"up": {"uv": [27, 7], "uv_size": [0.1875, 0.0625]},
								"down": {"uv": [8, 27.0625], "uv_size": [0.1875, -0.0625]}
							}
						},
						{
							"origin": [-0.14687, 0.33622, 3.33458],
							"size": [0.2, 0.06962, 0.1],
							"pivot": [-0.04687, 0.33081, 3.27392],
							"rotation": [-135, 0, 0],
							"uv": {
								"north": {"uv": [27, 8], "uv_size": [0.1875, 0.0625]},
								"east": {"uv": [29, 20], "uv_size": [0.125, 0.0625]},
								"south": {"uv": [9, 27], "uv_size": [0.1875, 0.0625]},
								"west": {"uv": [21, 29], "uv_size": [0.125, 0.0625]},
								"up": {"uv": [10, 24], "uv_size": [0.1875, 0.125]},
								"down": {"uv": [24, 10.125], "uv_size": [0.1875, -0.125]}
							}
						},
						{
							"origin": [-0.14687, 0.32767, 3.32028],
							"size": [0.2, 0.06962, 0.1],
							"pivot": [-0.04687, 0.33081, 3.27392],
							"rotation": [-157.5, 0, 0],
							"uv": {
								"north": {"uv": [27, 9], "uv_size": [0.1875, 0.0625]},
								"east": {"uv": [29, 21], "uv_size": [0.125, 0.0625]},
								"south": {"uv": [10, 27], "uv_size": [0.1875, 0.0625]},
								"west": {"uv": [22, 29], "uv_size": [0.125, 0.0625]},
								"up": {"uv": [11, 24], "uv_size": [0.1875, 0.125]},
								"down": {"uv": [24, 11.125], "uv_size": [0.1875, -0.125]}
							}
						},
						{
							"origin": [-0.14687, 0.3143, 3.31034],
							"size": [0.2, 0.06962, 0.1],
							"pivot": [-0.04687, 0.33081, 3.27392],
							"rotation": [-180, 0, 0],
							"uv": {
								"north": {"uv": [27, 10], "uv_size": [0.1875, 0.0625]},
								"east": {"uv": [29, 22], "uv_size": [0.125, 0.0625]},
								"south": {"uv": [11, 27], "uv_size": [0.1875, 0.0625]},
								"west": {"uv": [23, 29], "uv_size": [0.125, 0.0625]},
								"up": {"uv": [12, 24], "uv_size": [0.1875, 0.125]},
								"down": {"uv": [24, 12.125], "uv_size": [0.1875, -0.125]}
							}
						},
						{
							"origin": [-0.14687, 0.29814, 3.30627],
							"size": [0.2, 0.06962, 0.1],
							"pivot": [-0.04687, 0.33081, 3.27392],
							"rotation": [157.5, 0, 0],
							"uv": {
								"north": {"uv": [27, 11], "uv_size": [0.1875, 0.0625]},
								"east": {"uv": [29, 23], "uv_size": [0.125, 0.0625]},
								"south": {"uv": [12, 27], "uv_size": [0.1875, 0.0625]},
								"west": {"uv": [24, 29], "uv_size": [0.125, 0.0625]},
								"up": {"uv": [13, 24], "uv_size": [0.1875, 0.125]},
								"down": {"uv": [24, 13.125], "uv_size": [0.1875, -0.125]}
							}
						},
						{
							"origin": [-0.14687, 0.28166, 3.30869],
							"size": [0.2, 0.06962, 0.1],
							"pivot": [-0.04687, 0.33081, 3.27392],
							"rotation": [135, 0, 0],
							"uv": {
								"north": {"uv": [27, 12], "uv_size": [0.1875, 0.0625]},
								"east": {"uv": [29, 24], "uv_size": [0.125, 0.0625]},
								"south": {"uv": [13, 27], "uv_size": [0.1875, 0.0625]},
								"west": {"uv": [25, 29], "uv_size": [0.125, 0.0625]},
								"up": {"uv": [14, 24], "uv_size": [0.1875, 0.125]},
								"down": {"uv": [24, 14.125], "uv_size": [0.1875, -0.125]}
							}
						},
						{
							"origin": [-0.14687, 0.18748, 3.21047],
							"size": [0.2, 0.1, 0.06962],
							"pivot": [-0.04687, 0.33081, 3.27392],
							"rotation": [-157.5, 0, 0],
							"uv": {
								"north": {"uv": [15, 24], "uv_size": [0.1875, 0.125]},
								"east": {"uv": [29, 25], "uv_size": [0.0625, 0.125]},
								"south": {"uv": [24, 15], "uv_size": [0.1875, 0.125]},
								"west": {"uv": [26, 29], "uv_size": [0.0625, 0.125]},
								"up": {"uv": [27, 13], "uv_size": [0.1875, 0.0625]},
								"down": {"uv": [14, 27.0625], "uv_size": [0.1875, -0.0625]}
							}
						},
						{
							"origin": [-0.14687, 0.17411, 3.20053],
							"size": [0.2, 0.1, 0.06962],
							"pivot": [-0.04687, 0.33081, 3.27392],
							"rotation": [-180, 0, 0],
							"uv": {
								"north": {"uv": [16, 24], "uv_size": [0.1875, 0.125]},
								"east": {"uv": [29, 26], "uv_size": [0.0625, 0.125]},
								"south": {"uv": [24, 16], "uv_size": [0.1875, 0.125]},
								"west": {"uv": [27, 29], "uv_size": [0.0625, 0.125]},
								"up": {"uv": [27, 14], "uv_size": [0.1875, 0.0625]},
								"down": {"uv": [15, 27.0625], "uv_size": [0.1875, -0.0625]}
							}
						},
						{
							"origin": [-0.14687, 0.15795, 3.19646],
							"size": [0.2, 0.1, 0.06962],
							"pivot": [-0.04687, 0.33081, 3.27392],
							"rotation": [157.5, 0, 0],
							"uv": {
								"north": {"uv": [17, 24], "uv_size": [0.1875, 0.125]},
								"east": {"uv": [29, 27], "uv_size": [0.0625, 0.125]},
								"south": {"uv": [24, 17], "uv_size": [0.1875, 0.125]},
								"west": {"uv": [28, 29], "uv_size": [0.0625, 0.125]},
								"up": {"uv": [27, 15], "uv_size": [0.1875, 0.0625]},
								"down": {"uv": [16, 27.0625], "uv_size": [0.1875, -0.0625]}
							}
						}
					]
				},
				{
					"name": "hexadecagon2",
					"pivot": [0.375, 0.4375, 1.5625],
					"cubes": [
						{
							"origin": [0.22813, 0.40269, 1.6375],
							"size": [0.2, 0.06962, 0.1],
							"pivot": [0.32813, 0.4375, 1.5625],
							"rotation": [45, 0, 0],
							"uv": {
								"north": {"uv": [25, 18], "uv_size": [0.1875, 0.0625]},
								"east": {"uv": [9, 28], "uv_size": [0.125, 0.0625]},
								"south": {"uv": [19, 25], "uv_size": [0.1875, 0.0625]},
								"west": {"uv": [28, 9], "uv_size": [0.125, 0.0625]},
								"up": {"uv": [13, 22], "uv_size": [0.1875, 0.125]},
								"down": {"uv": [22, 13.125], "uv_size": [0.1875, -0.125]}
							}
						},
						{
							"origin": [0.22813, 0.40269, 1.6375],
							"size": [0.2, 0.06962, 0.1],
							"pivot": [0.32813, 0.4375, 1.5625],
							"rotation": [22.5, 0, 0],
							"uv": {
								"north": {"uv": [25, 19], "uv_size": [0.1875, 0.0625]},
								"east": {"uv": [10, 28], "uv_size": [0.125, 0.0625]},
								"south": {"uv": [20, 25], "uv_size": [0.1875, 0.0625]},
								"west": {"uv": [28, 10], "uv_size": [0.125, 0.0625]},
								"up": {"uv": [14, 22], "uv_size": [0.1875, 0.125]},
								"down": {"uv": [22, 14.125], "uv_size": [0.1875, -0.125]}
							}
						},
						{
							"origin": [0.22813, 0.40269, 1.6375],
							"size": [0.2, 0.06962, 0.1],
							"uv": {
								"north": {"uv": [25, 20], "uv_size": [0.1875, 0.0625]},
								"east": {"uv": [11, 28], "uv_size": [0.125, 0.0625]},
								"south": {"uv": [21, 25], "uv_size": [0.1875, 0.0625]},
								"west": {"uv": [28, 11], "uv_size": [0.125, 0.0625]},
								"up": {"uv": [15, 22], "uv_size": [0.1875, 0.125]},
								"down": {"uv": [22, 15.125], "uv_size": [0.1875, -0.125]}
							}
						},
						{
							"origin": [0.22813, 0.40269, 1.6375],
							"size": [0.2, 0.06962, 0.1],
							"pivot": [0.32813, 0.4375, 1.5625],
							"rotation": [-22.5, 0, 0],
							"uv": {
								"north": {"uv": [25, 21], "uv_size": [0.1875, 0.0625]},
								"east": {"uv": [12, 28], "uv_size": [0.125, 0.0625]},
								"south": {"uv": [22, 25], "uv_size": [0.1875, 0.0625]},
								"west": {"uv": [28, 12], "uv_size": [0.125, 0.0625]},
								"up": {"uv": [16, 22], "uv_size": [0.1875, 0.125]},
								"down": {"uv": [22, 16.125], "uv_size": [0.1875, -0.125]}
							}
						},
						{
							"origin": [0.22813, 0.40269, 1.6375],
							"size": [0.2, 0.06962, 0.1],
							"pivot": [0.32813, 0.4375, 1.5625],
							"rotation": [-45, 0, 0],
							"uv": {
								"north": {"uv": [25, 22], "uv_size": [0.1875, 0.0625]},
								"east": {"uv": [13, 28], "uv_size": [0.125, 0.0625]},
								"south": {"uv": [23, 25], "uv_size": [0.1875, 0.0625]},
								"west": {"uv": [28, 13], "uv_size": [0.125, 0.0625]},
								"up": {"uv": [17, 22], "uv_size": [0.1875, 0.125]},
								"down": {"uv": [22, 17.125], "uv_size": [0.1875, -0.125]}
							}
						},
						{
							"origin": [0.22813, 0.2625, 1.52769],
							"size": [0.2, 0.1, 0.06962],
							"pivot": [0.32813, 0.4375, 1.5625],
							"rotation": [22.5, 0, 0],
							"uv": {
								"north": {"uv": [18, 22], "uv_size": [0.1875, 0.125]},
								"east": {"uv": [14, 28], "uv_size": [0.0625, 0.125]},
								"south": {"uv": [22, 18], "uv_size": [0.1875, 0.125]},
								"west": {"uv": [28, 14], "uv_size": [0.0625, 0.125]},
								"up": {"uv": [25, 23], "uv_size": [0.1875, 0.0625]},
								"down": {"uv": [24, 25.0625], "uv_size": [0.1875, -0.0625]}
							}
						},
						{
							"origin": [0.22813, 0.2625, 1.52769],
							"size": [0.2, 0.1, 0.06962],
							"uv": {
								"north": {"uv": [19, 22], "uv_size": [0.1875, 0.125]},
								"east": {"uv": [15, 28], "uv_size": [0.0625, 0.125]},
								"south": {"uv": [22, 19], "uv_size": [0.1875, 0.125]},
								"west": {"uv": [28, 15], "uv_size": [0.0625, 0.125]},
								"up": {"uv": [25, 24], "uv_size": [0.1875, 0.0625]},
								"down": {"uv": [25, 25.0625], "uv_size": [0.1875, -0.0625]}
							}
						},
						{
							"origin": [0.22813, 0.2625, 1.52769],
							"size": [0.2, 0.1, 0.06962],
							"pivot": [0.32813, 0.4375, 1.5625],
							"rotation": [-22.5, 0, 0],
							"uv": {
								"north": {"uv": [20, 22], "uv_size": [0.1875, 0.125]},
								"east": {"uv": [16, 28], "uv_size": [0.0625, 0.125]},
								"south": {"uv": [22, 20], "uv_size": [0.1875, 0.125]},
								"west": {"uv": [28, 16], "uv_size": [0.0625, 0.125]},
								"up": {"uv": [0, 26], "uv_size": [0.1875, 0.0625]},
								"down": {"uv": [26, 0.0625], "uv_size": [0.1875, -0.0625]}
							}
						},
						{
							"origin": [0.22813, 0.46122, 1.58458],
							"size": [0.2, 0.06962, 0.1],
							"pivot": [0.32813, 0.45581, 1.52392],
							"rotation": [-135, 0, 0],
							"uv": {
								"north": {"uv": [1, 26], "uv_size": [0.1875, 0.0625]},
								"east": {"uv": [17, 28], "uv_size": [0.125, 0.0625]},
								"south": {"uv": [26, 1], "uv_size": [0.1875, 0.0625]},
								"west": {"uv": [28, 17], "uv_size": [0.125, 0.0625]},
								"up": {"uv": [21, 22], "uv_size": [0.1875, 0.125]},
								"down": {"uv": [22, 21.125], "uv_size": [0.1875, -0.125]}
							}
						},
						{
							"origin": [0.22813, 0.45267, 1.57028],
							"size": [0.2, 0.06962, 0.1],
							"pivot": [0.32813, 0.45581, 1.52392],
							"rotation": [-157.5, 0, 0],
							"uv": {
								"north": {"uv": [2, 26], "uv_size": [0.1875, 0.0625]},
								"east": {"uv": [18, 28], "uv_size": [0.125, 0.0625]},
								"south": {"uv": [26, 2], "uv_size": [0.1875, 0.0625]},
								"west": {"uv": [28, 18], "uv_size": [0.125, 0.0625]},
								"up": {"uv": [22, 22], "uv_size": [0.1875, 0.125]},
								"down": {"uv": [0, 23.125], "uv_size": [0.1875, -0.125]}
							}
						},
						{
							"origin": [0.22813, 0.4393, 1.56034],
							"size": [0.2, 0.06962, 0.1],
							"pivot": [0.32813, 0.45581, 1.52392],
							"rotation": [-180, 0, 0],
							"uv": {
								"north": {"uv": [3, 26], "uv_size": [0.1875, 0.0625]},
								"east": {"uv": [19, 28], "uv_size": [0.125, 0.0625]},
								"south": {"uv": [26, 3], "uv_size": [0.1875, 0.0625]},
								"west": {"uv": [28, 19], "uv_size": [0.125, 0.0625]},
								"up": {"uv": [23, 0], "uv_size": [0.1875, 0.125]},
								"down": {"uv": [1, 23.125], "uv_size": [0.1875, -0.125]}
							}
						},
						{
							"origin": [0.22813, 0.42314, 1.55627],
							"size": [0.2, 0.06962, 0.1],
							"pivot": [0.32813, 0.45581, 1.52392],
							"rotation": [157.5, 0, 0],
							"uv": {
								"north": {"uv": [4, 26], "uv_size": [0.1875, 0.0625]},
								"east": {"uv": [20, 28], "uv_size": [0.125, 0.0625]},
								"south": {"uv": [26, 4], "uv_size": [0.1875, 0.0625]},
								"west": {"uv": [28, 20], "uv_size": [0.125, 0.0625]},
								"up": {"uv": [23, 1], "uv_size": [0.1875, 0.125]},
								"down": {"uv": [2, 23.125], "uv_size": [0.1875, -0.125]}
							}
						},
						{
							"origin": [0.22813, 0.40666, 1.55869],
							"size": [0.2, 0.06962, 0.1],
							"pivot": [0.32813, 0.45581, 1.52392],
							"rotation": [135, 0, 0],
							"uv": {
								"north": {"uv": [5, 26], "uv_size": [0.1875, 0.0625]},
								"east": {"uv": [21, 28], "uv_size": [0.125, 0.0625]},
								"south": {"uv": [26, 5], "uv_size": [0.1875, 0.0625]},
								"west": {"uv": [28, 21], "uv_size": [0.125, 0.0625]},
								"up": {"uv": [23, 2], "uv_size": [0.1875, 0.125]},
								"down": {"uv": [3, 23.125], "uv_size": [0.1875, -0.125]}
							}
						},
						{
							"origin": [0.22813, 0.31248, 1.46047],
							"size": [0.2, 0.1, 0.06962],
							"pivot": [0.32813, 0.45581, 1.52392],
							"rotation": [-157.5, 0, 0],
							"uv": {
								"north": {"uv": [23, 3], "uv_size": [0.1875, 0.125]},
								"east": {"uv": [22, 28], "uv_size": [0.0625, 0.125]},
								"south": {"uv": [23, 4], "uv_size": [0.1875, 0.125]},
								"west": {"uv": [28, 22], "uv_size": [0.0625, 0.125]},
								"up": {"uv": [6, 26], "uv_size": [0.1875, 0.0625]},
								"down": {"uv": [26, 6.0625], "uv_size": [0.1875, -0.0625]}
							}
						},
						{
							"origin": [0.22813, 0.29911, 1.45053],
							"size": [0.2, 0.1, 0.06962],
							"pivot": [0.32813, 0.45581, 1.52392],
							"rotation": [-180, 0, 0],
							"uv": {
								"north": {"uv": [23, 5], "uv_size": [0.1875, 0.125]},
								"east": {"uv": [23, 28], "uv_size": [0.0625, 0.125]},
								"south": {"uv": [6, 23], "uv_size": [0.1875, 0.125]},
								"west": {"uv": [28, 23], "uv_size": [0.0625, 0.125]},
								"up": {"uv": [7, 26], "uv_size": [0.1875, 0.0625]},
								"down": {"uv": [26, 7.0625], "uv_size": [0.1875, -0.0625]}
							}
						},
						{
							"origin": [0.22813, 0.28295, 1.44646],
							"size": [0.2, 0.1, 0.06962],
							"pivot": [0.32813, 0.45581, 1.52392],
							"rotation": [157.5, 0, 0],
							"uv": {
								"north": {"uv": [23, 6], "uv_size": [0.1875, 0.125]},
								"east": {"uv": [24, 28], "uv_size": [0.0625, 0.125]},
								"south": {"uv": [7, 23], "uv_size": [0.1875, 0.125]},
								"west": {"uv": [28, 24], "uv_size": [0.0625, 0.125]},
								"up": {"uv": [8, 26], "uv_size": [0.1875, 0.0625]},
								"down": {"uv": [26, 8.0625], "uv_size": [0.1875, -0.0625]}
							}
						}
					]
				},
				{
					"name": "bone_illuminated",
					"pivot": [-0.34375, 0.40625, 0.75],
					"cubes": [
						{
							"origin": [0.34375, 0.32813, 0.64063],
							"size": [0.0625, 0.20313, 0.21875],
							"uv": {
								"north": {"uv": [9, 26], "uv_size": [0.0625, 0.1875]},
								"east": {"uv": [20, 14], "uv_size": [0.25, 0.1875]},
								"south": {"uv": [26, 9], "uv_size": [0.0625, 0.1875]},
								"west": {"uv": [20, 15], "uv_size": [0.25, 0.1875]},
								"up": {"uv": [20, 24], "uv_size": [0.0625, 0.25]},
								"down": {"uv": [24, 20.25], "uv_size": [0.0625, -0.25]}
							}
						},
						{
							"origin": [0.34375, 0.32813, 1.45313],
							"size": [0.0625, 0.20313, 0.21875],
							"uv": {
								"north": {"uv": [10, 26], "uv_size": [0.0625, 0.1875]},
								"east": {"uv": [20, 16], "uv_size": [0.25, 0.1875]},
								"south": {"uv": [26, 10], "uv_size": [0.0625, 0.1875]},
								"west": {"uv": [20, 17], "uv_size": [0.25, 0.1875]},
								"up": {"uv": [21, 24], "uv_size": [0.0625, 0.25]},
								"down": {"uv": [24, 21.25], "uv_size": [0.0625, -0.25]}
							}
						},
						{
							"origin": [0.28125, 1.76563, -3.60937],
							"size": [0.07813, 0.07813, 1.28125],
							"pivot": [-0.40625, 1.84375, -2.6875],
							"rotation": [0, 0, 21],
							"uv": {
								"north": {"uv": [29, 28], "uv_size": [0.0625, 0.0625]},
								"east": {"uv": [18, 17], "uv_size": [1.3125, 0.0625]},
								"south": {"uv": [29, 29], "uv_size": [0.0625, 0.0625]},
								"west": {"uv": [18, 18], "uv_size": [1.3125, 0.0625]},
								"up": {"uv": [0, 19], "uv_size": [0.0625, 1.3125]},
								"down": {"uv": [19, 1.3125], "uv_size": [0.0625, -1.3125]}
							}
						}
					]
				}
			]
		}
	]
}