{
	"format_version": "1.21.0",
	"minecraft:geometry": [
		{
			"description": {
				"identifier": "geometry.unknown",
				"texture_width": 16,
				"texture_height": 16,
				"visible_bounds_width": 19,
				"visible_bounds_height": 10,
				"visible_bounds_offset": [0, 1, 0]
			},
			"bones": [
				{
					"name": "division",
					"pivot": [0, 1.8125, -119.875],
					"cubes": [
						{
							"origin": [-26.1875, -24.625, -156],
							"size": [52.375, 52.875, 0.25],
							"uv": {
								"south": {"uv": [8.03125, 0], "uv_size": [7.90625, 8]}
							}
						},
						{
							"origin": [-90.1875, -69.375, -156],
							"size": [64, 142.375, 0.25],
							"uv": {
								"south": {"uv": [8.3125, 0], "uv_size": [0.46875, 0.40625]}
							}
						},
						{
							"origin": [26.1875, -69.375, -156],
							"size": [64, 142.375, 0.25],
							"uv": {
								"south": {"uv": [8.78125, 0], "uv_size": [-0.46875, 0.40625]}
							}
						},
						{
							"origin": [-26.1875, 28, -156],
							"size": [52.375, 45, 0.25],
							"uv": {
								"south": {"uv": [8.3125, 0], "uv_size": [0.46875, 0.40625]}
							}
						},
						{
							"origin": [-26.1875, -69.375, -156],
							"size": [52.375, 45, 0.25],
							"uv": {
								"south": {"uv": [8.3125, 0], "uv_size": [0.46875, 0.40625]}
							}
						},
						{
							"origin": [-3.15625, 4.07813, -155.625],
							"size": [0.0625, 0.5, 0],
							"pivot": [0, 4.32813, -155.625],
							"rotation": [0, 0, -90],
							"uv": {
								"south": {"uv": [148, 0], "uv_size": [1, 1]}
							}
						},
						{
							"origin": [-4.40625, 4.07812, -155.625],
							"size": [0.0625, 0.5, 0],
							"pivot": [0, 4.32813, -155.625],
							"rotation": [0, 0, -90],
							"uv": {
								"south": {"uv": [148, 0], "uv_size": [1, 1]}
							}
						},
						{
							"origin": [-5.65625, 4.07812, -155.625],
							"size": [0.0625, 0.5, 0],
							"pivot": [0, 4.32813, -155.625],
							"rotation": [0, 0, -90],
							"uv": {
								"south": {"uv": [148, 0], "uv_size": [1, 1]}
							}
						},
						{
							"origin": [-6.90625, 4.07812, -155.625],
							"size": [0.0625, 0.5, 0],
							"pivot": [0, 4.32813, -155.625],
							"rotation": [0, 0, -90],
							"uv": {
								"south": {"uv": [148, 0], "uv_size": [1, 1]}
							}
						},
						{
							"origin": [-3.15625, 9.07813, -155.625],
							"size": [0.0625, 0.5, 0],
							"pivot": [0, 9.32813, -155.625],
							"rotation": [0, 0, -90],
							"uv": {
								"south": {"uv": [148, 0], "uv_size": [1, 1]}
							}
						},
						{
							"origin": [-4.40625, 9.07812, -155.625],
							"size": [0.0625, 0.5, 0],
							"pivot": [0, 9.32813, -155.625],
							"rotation": [0, 0, -90],
							"uv": {
								"south": {"uv": [148, 0], "uv_size": [1, 1]}
							}
						},
						{
							"origin": [-5.65625, 9.07812, -155.625],
							"size": [0.0625, 0.5, 0],
							"pivot": [0, 9.32813, -155.625],
							"rotation": [0, 0, -90],
							"uv": {
								"south": {"uv": [148, 0], "uv_size": [1, 1]}
							}
						},
						{
							"origin": [-6.90625, 9.07812, -155.625],
							"size": [0.0625, 0.5, 0],
							"pivot": [0, 9.32813, -155.625],
							"rotation": [0, 0, -90],
							"uv": {
								"south": {"uv": [148, 0], "uv_size": [1, 1]}
							}
						},
						{
							"origin": [-3.15625, 14.07813, -155.625],
							"size": [0.0625, 0.5, 0],
							"pivot": [0, 14.32813, -155.625],
							"rotation": [0, 0, -90],
							"uv": {
								"south": {"uv": [148, 0], "uv_size": [1, 1]}
							}
						},
						{
							"origin": [-4.40625, 14.07812, -155.625],
							"size": [0.0625, 0.5, 0],
							"pivot": [0, 14.32813, -155.625],
							"rotation": [0, 0, -90],
							"uv": {
								"south": {"uv": [148, 0], "uv_size": [1, 1]}
							}
						},
						{
							"origin": [-5.65625, 14.07812, -155.625],
							"size": [0.0625, 0.5, 0],
							"pivot": [0, 14.32813, -155.625],
							"rotation": [0, 0, -90],
							"uv": {
								"south": {"uv": [148, 0], "uv_size": [1, 1]}
							}
						},
						{
							"origin": [-6.90625, 14.07812, -155.625],
							"size": [0.0625, 0.5, 0],
							"pivot": [0, 14.32813, -155.625],
							"rotation": [0, 0, -90],
							"uv": {
								"south": {"uv": [148, 0], "uv_size": [1, 1]}
							}
						},
						{
							"origin": [-3.15625, 19.07813, -155.625],
							"size": [0.0625, 0.5, 0],
							"pivot": [0, 19.32813, -155.625],
							"rotation": [0, 0, -90],
							"uv": {
								"south": {"uv": [148, 0], "uv_size": [1, 1]}
							}
						},
						{
							"origin": [-4.40625, 19.07812, -155.625],
							"size": [0.0625, 0.5, 0],
							"pivot": [0, 19.32813, -155.625],
							"rotation": [0, 0, -90],
							"uv": {
								"south": {"uv": [148, 0], "uv_size": [1, 1]}
							}
						},
						{
							"origin": [-5.65625, 19.07812, -155.625],
							"size": [0.0625, 0.5, 0],
							"pivot": [0, 19.32813, -155.625],
							"rotation": [0, 0, -90],
							"uv": {
								"south": {"uv": [148, 0], "uv_size": [1, 1]}
							}
						},
						{
							"origin": [-6.90625, 19.07812, -155.625],
							"size": [0.0625, 0.5, 0],
							"pivot": [0, 19.32813, -155.625],
							"rotation": [0, 0, -90],
							"uv": {
								"south": {"uv": [148, 0], "uv_size": [1, 1]}
							}
						},
						{
							"origin": [-3.15625, 24.07813, -155.625],
							"size": [0.0625, 0.5, 0],
							"pivot": [0, 24.32813, -155.625],
							"rotation": [0, 0, -90],
							"uv": {
								"south": {"uv": [148, 0], "uv_size": [1, 1]}
							}
						},
						{
							"origin": [-4.40625, 24.07812, -155.625],
							"size": [0.0625, 0.5, 0],
							"pivot": [0, 24.32813, -155.625],
							"rotation": [0, 0, -90],
							"uv": {
								"south": {"uv": [148, 0], "uv_size": [1, 1]}
							}
						},
						{
							"origin": [-5.65625, 24.07812, -155.625],
							"size": [0.0625, 0.5, 0],
							"pivot": [0, 24.32813, -155.625],
							"rotation": [0, 0, -90],
							"uv": {
								"south": {"uv": [148, 0], "uv_size": [1, 1]}
							}
						},
						{
							"origin": [-6.90625, 24.07812, -155.625],
							"size": [0.0625, 0.5, 0],
							"pivot": [0, 24.32813, -155.625],
							"rotation": [0, 0, -90],
							"uv": {
								"south": {"uv": [148, 0], "uv_size": [1, 1]}
							}
						},
						{
							"origin": [-3.15625, 29.07813, -155.625],
							"size": [0.0625, 0.5, 0],
							"pivot": [0, 29.32813, -155.625],
							"rotation": [0, 0, -90],
							"uv": {
								"south": {"uv": [148, 0], "uv_size": [1, 1]}
							}
						},
						{
							"origin": [-4.40625, 29.07812, -155.625],
							"size": [0.0625, 0.5, 0],
							"pivot": [0, 29.32813, -155.625],
							"rotation": [0, 0, -90],
							"uv": {
								"south": {"uv": [148, 0], "uv_size": [1, 1]}
							}
						},
						{
							"origin": [-5.65625, 29.07812, -155.625],
							"size": [0.0625, 0.5, 0],
							"pivot": [0, 29.32813, -155.625],
							"rotation": [0, 0, -90],
							"uv": {
								"south": {"uv": [148, 0], "uv_size": [1, 1]}
							}
						},
						{
							"origin": [-6.90625, 29.07812, -155.625],
							"size": [0.0625, 0.5, 0],
							"pivot": [0, 29.32813, -155.625],
							"rotation": [0, 0, -90],
							"uv": {
								"south": {"uv": [148, 0], "uv_size": [1, 1]}
							}
						},
						{
							"origin": [-3.15625, -1.17187, -155.625],
							"size": [0.0625, 0.5, 0],
							"pivot": [0, -0.92187, -155.625],
							"rotation": [0, 0, -90],
							"uv": {
								"south": {"uv": [148, 0], "uv_size": [1, 1]}
							}
						},
						{
							"origin": [-4.40625, -1.17188, -155.625],
							"size": [0.0625, 0.5, 0],
							"pivot": [0, -0.92187, -155.625],
							"rotation": [0, 0, -90],
							"uv": {
								"south": {"uv": [148, 0], "uv_size": [1, 1]}
							}
						},
						{
							"origin": [-6.90625, -1.17188, -155.625],
							"size": [0.0625, 0.5, 0],
							"pivot": [0, -0.92187, -155.625],
							"rotation": [0, 0, -90],
							"uv": {
								"south": {"uv": [148, 0], "uv_size": [1, 1]}
							}
						},
						{
							"origin": [-3.15625, -6.17187, -155.625],
							"size": [0.0625, 0.5, 0],
							"pivot": [0, -5.92187, -155.625],
							"rotation": [0, 0, -90],
							"uv": {
								"south": {"uv": [148, 0], "uv_size": [1, 1]}
							}
						},
						{
							"origin": [-4.40625, -6.17187, -155.625],
							"size": [0.0625, 0.5, 0],
							"pivot": [0, -5.92187, -155.625],
							"rotation": [0, 0, -90],
							"uv": {
								"south": {"uv": [148, 0], "uv_size": [1, 1]}
							}
						},
						{
							"origin": [-5.65625, -6.17187, -155.625],
							"size": [0.0625, 0.5, 0],
							"pivot": [0, -5.92187, -155.625],
							"rotation": [0, 0, -90],
							"uv": {
								"south": {"uv": [148, 0], "uv_size": [1, 1]}
							}
						},
						{
							"origin": [-5.65625, -8.67187, -155.625],
							"size": [0.0625, 0.5, 0],
							"pivot": [0, -8.42187, -155.625],
							"rotation": [0, 0, -90],
							"uv": {
								"south": {"uv": [148, 0], "uv_size": [1, 1]}
							}
						},
						{
							"origin": [-4.40625, -11.17187, -155.625],
							"size": [0.0625, 0.5, 0],
							"pivot": [0, -10.92187, -155.625],
							"rotation": [0, 0, -90],
							"uv": {
								"south": {"uv": [148, 0], "uv_size": [1, 1]}
							}
						},
						{
							"origin": [-4.40625, -8.67187, -155.625],
							"size": [0.0625, 0.5, 0],
							"pivot": [0, -8.42187, -155.625],
							"rotation": [0, 0, -90],
							"uv": {
								"south": {"uv": [148, 0], "uv_size": [1, 1]}
							}
						},
						{
							"origin": [-5.65625, -11.17187, -155.625],
							"size": [0.0625, 0.5, 0],
							"pivot": [0, -10.92187, -155.625],
							"rotation": [0, 0, -90],
							"uv": {
								"south": {"uv": [148, 0], "uv_size": [1, 1]}
							}
						},
						{
							"origin": [-4.40625, -13.67187, -155.625],
							"size": [0.0625, 0.5, 0],
							"pivot": [0, -13.42187, -155.625],
							"rotation": [0, 0, -90],
							"uv": {
								"south": {"uv": [148, 0], "uv_size": [1, 1]}
							}
						},
						{
							"origin": [-5.65625, -13.67187, -155.625],
							"size": [0.0625, 0.5, 0],
							"pivot": [0, -13.42187, -155.625],
							"rotation": [0, 0, -90],
							"uv": {
								"south": {"uv": [148, 0], "uv_size": [1, 1]}
							}
						},
						{
							"origin": [-28.25, 4.04688, -155.625],
							"size": [51.5, 0.0625, 0],
							"pivot": [0, 4.07813, -155.625],
							"rotation": [0, 0, -90],
							"uv": {
								"south": {"uv": [148, 0], "uv_size": [1, 1]}
							}
						},
						{
							"origin": [-25.75, 1.79688, -155.625],
							"size": [51.5, 0.0625, 0],
							"pivot": [0, 1.82813, -155.625],
							"rotation": [0, 0, -180],
							"uv": {
								"south": {"uv": [148, 0], "uv_size": [1, 1]}
							}
						}
					]
				},
				{
					"name": "cross_illuminated",
					"parent": "division",
					"pivot": [0, 0, -0.51562],
					"cubes": [
						{
							"origin": [-26.5, 1.70313, -156.14062],
							"size": [53, 0.25, 0],
							"pivot": [0, 1.82813, -156.14062],
							"rotation": [0, 0, 90],
							"uv": {
								"south": {"uv": [10.9375, 10.875], "uv_size": [0.04825, 0]}
							}
						},
						{
							"origin": [-26.25, 1.70313, -156.14062],
							"size": [52.25, 0.25, 0],
							"uv": {
								"south": {"uv": [10.9375, 10.875], "uv_size": [0.04825, 0]}
							}
						},
						{
							"origin": [-26.0625, -3.23437, -156.14062],
							"size": [51.875, 0.25, 0],
							"uv": {
								"south": {"uv": [10.9375, 10.875], "uv_size": [0.04825, 0]}
							}
						},
						{
							"origin": [-8.25, -6.73437, -156.14062],
							"size": [16.5, 0.25, 0],
							"uv": {
								"south": {"uv": [10.9375, 10.875], "uv_size": [0.04825, 0]}
							}
						},
						{
							"origin": [-5.125, -11.04687, -156.14062],
							"size": [10.25, 0.25, 0],
							"uv": {
								"south": {"uv": [10.9375, 10.875], "uv_size": [0.04825, 0]}
							}
						},
						{
							"origin": [-4.375, -14.17187, -156.14062],
							"size": [8.75, 0.25, 0],
							"uv": {
								"south": {"uv": [10.9375, 10.875], "uv_size": [0.04825, 0]}
							}
						},
						{
							"origin": [-4.0625, -17.92187, -156.14062],
							"size": [8.125, 0.25, 0],
							"uv": {
								"south": {"uv": [10.9375, 10.875], "uv_size": [0.04825, 0]}
							}
						},
						{
							"origin": [-4.0625, -22.10937, -156.14062],
							"size": [8.125, 0.25, 0],
							"uv": {
								"south": {"uv": [10.9375, 10.875], "uv_size": [0.04825, 0]}
							}
						},
						{
							"origin": [-4.0625, -20.54687, -156.14062],
							"size": [8.125, 0.25, 0],
							"uv": {
								"south": {"uv": [10.9375, 10.875], "uv_size": [0.04825, 0]}
							}
						},
						{
							"origin": [-4.0625, -23.54687, -156.14062],
							"size": [8.125, 0.25, 0],
							"uv": {
								"south": {"uv": [10.9375, 10.875], "uv_size": [0.04825, 0]}
							}
						},
						{
							"origin": [13.875, -3.98437, -156.14062],
							"size": [2.875, 0.25, 0],
							"pivot": [12.3125, -3.85937, -156.14062],
							"rotation": [0, 0, -10],
							"uv": {
								"south": {"uv": [10.9375, 10.875], "uv_size": [0.04825, 0]}
							}
						},
						{
							"origin": [11.084, -4.19906, -156.14062],
							"size": [2.875, 0.25, 0],
							"pivot": [12.5215, -4.07406, -156.14062],
							"rotation": [0, 0, -20],
							"uv": {
								"south": {"uv": [10.9375, 10.875], "uv_size": [0.04825, 0]}
							}
						},
						{
							"origin": [7.58461, -5.50016, -156.14062],
							"size": [3.875, 0.25, 0],
							"pivot": [10.02211, -5.37516, -156.14062],
							"rotation": [0, 0, -35],
							"uv": {
								"south": {"uv": [10.9375, 10.875], "uv_size": [0.04825, 0]}
							}
						},
						{
							"origin": [4.68797, -7.9774, -156.14062],
							"size": [3.875, 0.25, 0],
							"pivot": [7.12547, -7.8524, -156.14062],
							"rotation": [0, 0, -50],
							"uv": {
								"south": {"uv": [10.9375, 10.875], "uv_size": [0.04825, 0]}
							}
						},
						{
							"origin": [2.65123, -11.15784, -156.14062],
							"size": [3.875, 0.25, 0],
							"pivot": [5.08873, -11.03284, -156.14062],
							"rotation": [0, 0, -70],
							"uv": {
								"south": {"uv": [10.9375, 10.875], "uv_size": [0.04825, 0]}
							}
						},
						{
							"origin": [2.69933, -14.84852, -156.14062],
							"size": [2.875, 0.25, 0],
							"pivot": [4.13683, -14.72352, -156.14062],
							"rotation": [0, 0, -85],
							"uv": {
								"south": {"uv": [10.9375, 10.875], "uv_size": [0.04825, 0]}
							}
						},
						{
							"origin": [2.57452, -17.70715, -156.14062],
							"size": [7.875, 0.25, 0],
							"pivot": [4.01202, -17.58215, -156.14062],
							"rotation": [0, 0, 90],
							"uv": {
								"south": {"uv": [10.9375, 10.875], "uv_size": [0.04825, 0]}
							}
						},
						{
							"origin": [-16.75, -3.98437, -156.14062],
							"size": [2.875, 0.25, 0],
							"pivot": [-12.3125, -3.85937, -156.14062],
							"rotation": [0, 0, 10],
							"uv": {
								"south": {"uv": [10.9375, 10.875], "uv_size": [0.04825, 0]}
							}
						},
						{
							"origin": [-13.959, -4.19906, -156.14062],
							"size": [2.875, 0.25, 0],
							"pivot": [-12.5215, -4.07406, -156.14062],
							"rotation": [0, 0, 20],
							"uv": {
								"south": {"uv": [10.9375, 10.875], "uv_size": [0.04825, 0]}
							}
						},
						{
							"origin": [-11.45961, -5.50016, -156.14062],
							"size": [3.875, 0.25, 0],
							"pivot": [-10.02211, -5.37516, -156.14062],
							"rotation": [0, 0, 35],
							"uv": {
								"south": {"uv": [10.9375, 10.875], "uv_size": [0.04825, 0]}
							}
						},
						{
							"origin": [-8.56297, -7.9774, -156.14062],
							"size": [3.875, 0.25, 0],
							"pivot": [-7.12547, -7.8524, -156.14062],
							"rotation": [0, 0, 50],
							"uv": {
								"south": {"uv": [10.9375, 10.875], "uv_size": [0.04825, 0]}
							}
						},
						{
							"origin": [-6.52623, -11.15784, -156.14062],
							"size": [3.875, 0.25, 0],
							"pivot": [-5.08873, -11.03284, -156.14062],
							"rotation": [0, 0, 70],
							"uv": {
								"south": {"uv": [10.9375, 10.875], "uv_size": [0.04825, 0]}
							}
						},
						{
							"origin": [-5.57433, -14.84852, -156.14062],
							"size": [2.875, 0.25, 0],
							"pivot": [-4.13683, -14.72352, -156.14062],
							"rotation": [0, 0, 85],
							"uv": {
								"south": {"uv": [10.9375, 10.875], "uv_size": [0.04825, 0]}
							}
						},
						{
							"origin": [-10.44952, -17.70715, -156.14062],
							"size": [7.875, 0.25, 0],
							"pivot": [-4.01202, -17.58215, -156.14062],
							"rotation": [0, 0, -90],
							"uv": {
								"south": {"uv": [10.9375, 10.875], "uv_size": [0.04825, 0]}
							}
						}
					]
				},
				{
					"name": "dot_illuminated",
					"parent": "cross_illuminated",
					"pivot": [0, 1.82813, -118.57812],
					"cubes": [
						{
							"origin": [-0.25, 1.57813, -156.20312],
							"size": [0.5, 0.5, 0.10938],
							"pivot": [0, 1.82813, -156.20312],
							"rotation": [0, 0, -45],
							"uv": {
								"south": {"uv": [10.9375, 10.875], "uv_size": [0.125, 0]}
							}
						}
					]
				},
				{
					"name": "ocular",
					"pivot": [0, 2.075, 8.6625],
					"cubes": [
						{
							"origin": [-0.79687, 2.575, 8.2865],
							"size": [1.59375, 0.375, 0.001],
							"uv": {
								"south": {"uv": [3.03125, 6.9883], "uv_size": [1.57487, 0.38233], "uv_rotation": 180}
							}
						},
						{
							"origin": [-0.79687, 0.7, 8.2865],
							"size": [1.59375, 0.375, 0.001],
							"uv": {
								"south": {"uv": [6.00491, 6.00195], "uv_size": [1.49073, 0.38819]}
							}
						},
						{
							"origin": [-0.76999, 0.7, 8.2865],
							"size": [1.52, 2.25, 0.001],
							"pivot": [0, 1.825, 8.287],
							"rotation": [0, 0, -90],
							"uv": {
								"south": {"uv": [6.00491, 7.225], "uv_size": [1.54002, 2.32383]}
							}
						}
					]
				},
				{
					"name": "ocular_ring",
					"pivot": [0, 1.82813, 8.125],
					"cubes": [
						{
							"origin": [-0.31826, 0.47813, 8.0625],
							"size": [0.63652, 0.25, 0.5625],
							"pivot": [0, 1.82813, 8.125],
							"rotation": [0, 0, -45],
							"uv": {
								"north": {"uv": [0, 0], "uv_size": [1, 1]},
								"east": {"uv": [0, 0], "uv_size": [1, 1]},
								"south": {"uv": [0, 0], "uv_size": [1, 1]},
								"west": {"uv": [0, 0], "uv_size": [1, 1]},
								"up": {"uv": [1, 1], "uv_size": [-1, -1]},
								"down": {"uv": [1, 1], "uv_size": [-1, -1]}
							}
						},
						{
							"origin": [-0.31826, 0.47813, 8.0625],
							"size": [0.63652, 0.25, 0.5625],
							"pivot": [0, 1.82813, 8.125],
							"rotation": [0, 0, -22.5],
							"uv": {
								"north": {"uv": [0, 0], "uv_size": [1, 1]},
								"east": {"uv": [0, 0], "uv_size": [1, 1]},
								"south": {"uv": [0, 0], "uv_size": [1, 1]},
								"west": {"uv": [0, 0], "uv_size": [1, 1]},
								"up": {"uv": [1, 1], "uv_size": [-1, -1]},
								"down": {"uv": [1, 1], "uv_size": [-1, -1]}
							}
						},
						{
							"origin": [-0.31826, 0.47813, 8.0625],
							"size": [0.63652, 0.25, 0.5625],
							"uv": {
								"north": {"uv": [0, 0], "uv_size": [1, 1]},
								"east": {"uv": [0, 0], "uv_size": [1, 1]},
								"south": {"uv": [0, 0], "uv_size": [1, 1]},
								"west": {"uv": [0, 0], "uv_size": [1, 1]},
								"up": {"uv": [1, 1], "uv_size": [-1, -1]},
								"down": {"uv": [1, 1], "uv_size": [-1, -1]}
							}
						},
						{
							"origin": [-0.31826, 0.47813, 8.0625],
							"size": [0.63652, 0.25, 0.5625],
							"pivot": [0, 1.82813, 8.125],
							"rotation": [0, 0, 22.5],
							"uv": {
								"north": {"uv": [0, 0], "uv_size": [1, 1]},
								"east": {"uv": [0, 0], "uv_size": [1, 1]},
								"south": {"uv": [0, 0], "uv_size": [1, 1]},
								"west": {"uv": [0, 0], "uv_size": [1, 1]},
								"up": {"uv": [1, 1], "uv_size": [-1, -1]},
								"down": {"uv": [1, 1], "uv_size": [-1, -1]}
							}
						},
						{
							"origin": [-0.31826, 0.47813, 8.0625],
							"size": [0.63652, 0.25, 0.5625],
							"pivot": [0, 1.82813, 8.125],
							"rotation": [0, 0, 45],
							"uv": {
								"north": {"uv": [0, 0], "uv_size": [1, 1]},
								"east": {"uv": [0, 0], "uv_size": [1, 1]},
								"south": {"uv": [0, 0], "uv_size": [1, 1]},
								"west": {"uv": [0, 0], "uv_size": [1, 1]},
								"up": {"uv": [1, 1], "uv_size": [-1, -1]},
								"down": {"uv": [1, 1], "uv_size": [-1, -1]}
							}
						},
						{
							"origin": [-0.31826, 2.92813, 8.0625],
							"size": [0.63652, 0.25, 0.5625],
							"pivot": [0, 1.82813, 8.125],
							"rotation": [0, 0, -45],
							"uv": {
								"north": {"uv": [0, 0], "uv_size": [1, 1]},
								"east": {"uv": [0, 0], "uv_size": [1, 1]},
								"south": {"uv": [0, 0], "uv_size": [1, 1]},
								"west": {"uv": [0, 0], "uv_size": [1, 1]},
								"up": {"uv": [1, 1], "uv_size": [-1, -1]},
								"down": {"uv": [1, 1], "uv_size": [-1, -1]}
							}
						},
						{
							"origin": [-0.31826, 2.92813, 8.0625],
							"size": [0.63652, 0.25, 0.5625],
							"pivot": [0, 1.82813, 8.125],
							"rotation": [0, 0, -22.5],
							"uv": {
								"north": {"uv": [0, 0], "uv_size": [1, 1]},
								"east": {"uv": [0, 0], "uv_size": [1, 1]},
								"south": {"uv": [0, 0], "uv_size": [1, 1]},
								"west": {"uv": [0, 0], "uv_size": [1, 1]},
								"up": {"uv": [1, 1], "uv_size": [-1, -1]},
								"down": {"uv": [1, 1], "uv_size": [-1, -1]}
							}
						},
						{
							"origin": [-0.31826, 2.92813, 8.0625],
							"size": [0.63652, 0.25, 0.5625],
							"uv": {
								"north": {"uv": [0, 0], "uv_size": [1, 1]},
								"east": {"uv": [0, 0], "uv_size": [1, 1]},
								"south": {"uv": [0, 0], "uv_size": [1, 1]},
								"west": {"uv": [0, 0], "uv_size": [1, 1]},
								"up": {"uv": [1, 1], "uv_size": [-1, -1]},
								"down": {"uv": [1, 1], "uv_size": [-1, -1]}
							}
						},
						{
							"origin": [-0.31826, 2.92813, 8.0625],
							"size": [0.63652, 0.25, 0.5625],
							"pivot": [0, 1.82813, 8.125],
							"rotation": [0, 0, 22.5],
							"uv": {
								"north": {"uv": [0, 0], "uv_size": [1, 1]},
								"east": {"uv": [0, 0], "uv_size": [1, 1]},
								"south": {"uv": [0, 0], "uv_size": [1, 1]},
								"west": {"uv": [0, 0], "uv_size": [1, 1]},
								"up": {"uv": [1, 1], "uv_size": [-1, -1]},
								"down": {"uv": [1, 1], "uv_size": [-1, -1]}
							}
						},
						{
							"origin": [-0.31826, 2.92813, 8.0625],
							"size": [0.63652, 0.25, 0.5625],
							"pivot": [0, 1.82813, 8.125],
							"rotation": [0, 0, 45],
							"uv": {
								"north": {"uv": [0, 0], "uv_size": [1, 1]},
								"east": {"uv": [0, 0], "uv_size": [1, 1]},
								"south": {"uv": [0, 0], "uv_size": [1, 1]},
								"west": {"uv": [0, 0], "uv_size": [1, 1]},
								"up": {"uv": [1, 1], "uv_size": [-1, -1]},
								"down": {"uv": [1, 1], "uv_size": [-1, -1]}
							}
						},
						{
							"origin": [1.1, 1.50987, 8.0625],
							"size": [0.25, 0.63652, 0.5625],
							"pivot": [0, 1.82813, 8.125],
							"rotation": [0, 0, -22.5],
							"uv": {
								"north": {"uv": [0, 0], "uv_size": [1, 1]},
								"east": {"uv": [0, 0], "uv_size": [1, 1]},
								"south": {"uv": [0, 0], "uv_size": [1, 1]},
								"west": {"uv": [0, 0], "uv_size": [1, 1]},
								"up": {"uv": [1, 1], "uv_size": [-1, -1]},
								"down": {"uv": [1, 1], "uv_size": [-1, -1]}
							}
						},
						{
							"origin": [1.1, 1.50987, 8.0625],
							"size": [0.25, 0.63652, 0.5625],
							"uv": {
								"north": {"uv": [0, 0], "uv_size": [1, 1]},
								"east": {"uv": [0, 0], "uv_size": [1, 1]},
								"south": {"uv": [0, 0], "uv_size": [1, 1]},
								"west": {"uv": [0, 0], "uv_size": [1, 1]},
								"up": {"uv": [1, 1], "uv_size": [-1, -1]},
								"down": {"uv": [1, 1], "uv_size": [-1, -1]}
							}
						},
						{
							"origin": [1.1, 1.50987, 8.0625],
							"size": [0.25, 0.63652, 0.5625],
							"pivot": [0, 1.82813, 8.125],
							"rotation": [0, 0, 22.5],
							"uv": {
								"north": {"uv": [0, 0], "uv_size": [1, 1]},
								"east": {"uv": [0, 0], "uv_size": [1, 1]},
								"south": {"uv": [0, 0], "uv_size": [1, 1]},
								"west": {"uv": [0, 0], "uv_size": [1, 1]},
								"up": {"uv": [1, 1], "uv_size": [-1, -1]},
								"down": {"uv": [1, 1], "uv_size": [-1, -1]}
							}
						},
						{
							"origin": [-1.35, 1.50987, 8.0625],
							"size": [0.25, 0.63652, 0.5625],
							"pivot": [0, 1.82813, 8.125],
							"rotation": [0, 0, -22.5],
							"uv": {
								"north": {"uv": [0, 0], "uv_size": [1, 1]},
								"east": {"uv": [0, 0], "uv_size": [1, 1]},
								"south": {"uv": [0, 0], "uv_size": [1, 1]},
								"west": {"uv": [0, 0], "uv_size": [1, 1]},
								"up": {"uv": [1, 1], "uv_size": [-1, -1]},
								"down": {"uv": [1, 1], "uv_size": [-1, -1]}
							}
						},
						{
							"origin": [-1.35, 1.50987, 8.0625],
							"size": [0.25, 0.63652, 0.5625],
							"uv": {
								"north": {"uv": [0, 0], "uv_size": [1, 1]},
								"east": {"uv": [0, 0], "uv_size": [1, 1]},
								"south": {"uv": [0, 0], "uv_size": [1, 1]},
								"west": {"uv": [0, 0], "uv_size": [1, 1]},
								"up": {"uv": [1, 1], "uv_size": [-1, -1]},
								"down": {"uv": [1, 1], "uv_size": [-1, -1]}
							}
						},
						{
							"origin": [-1.35, 1.50987, 8.0625],
							"size": [0.25, 0.63652, 0.5625],
							"pivot": [0, 1.82813, 8.125],
							"rotation": [0, 0, 22.5],
							"uv": {
								"north": {"uv": [0, 0], "uv_size": [1, 1]},
								"east": {"uv": [0, 0], "uv_size": [1, 1]},
								"south": {"uv": [0, 0], "uv_size": [1, 1]},
								"west": {"uv": [0, 0], "uv_size": [1, 1]},
								"up": {"uv": [1, 1], "uv_size": [-1, -1]},
								"down": {"uv": [1, 1], "uv_size": [-1, -1]}
							}
						}
					]
				},
				{
					"name": "scope_body",
					"pivot": [0, 1.82813, 8],
					"cubes": [
						{
							"origin": [1.3125, 0.14063, -17.53125],
							"size": [0.1875, 4.20313, 0.4375],
							"pivot": [0.25, 0.39063, -17.3125],
							"rotation": [-11.75, 0, 0],
							"uv": {
								"north": {"uv": [3, 0], "uv_size": [0.1875, 4.21875]},
								"east": {"uv": [1, 1], "uv_size": [0.4375, 4.21875]},
								"south": {"uv": [3, 0], "uv_size": [0.1875, 4.21875]},
								"west": {"uv": [1, 1], "uv_size": [0.4375, 4.21875]},
								"up": {"uv": [1, 6], "uv_size": [0.1875, 0.4375]},
								"down": {"uv": [1, 6.4375], "uv_size": [0.1875, -0.4375]}
							}
						},
						{
							"origin": [0.93623, 4.09143, -16.73081],
							"size": [0.1875, 1.64063, 0.4375],
							"pivot": [0.90599, 5.37624, -16.51206],
							"rotation": [0, 0, -17.5],
							"uv": {
								"north": {"uv": [5, 2], "uv_size": [0.1875, 1.65625]},
								"east": {"uv": [0, 5], "uv_size": [0.4375, 1.65625]},
								"south": {"uv": [5, 2], "uv_size": [0.1875, 1.65625]},
								"west": {"uv": [0, 5], "uv_size": [0.4375, 1.65625]},
								"up": {"uv": [1, 6], "uv_size": [0.1875, 0.4375]},
								"down": {"uv": [1, 6.4375], "uv_size": [0.1875, -0.4375]}
							}
						},
						{
							"origin": [1.05581, 5.62165, -16.73081],
							"size": [0.1875, 0.39063, 0.4375],
							"pivot": [0.90599, 5.37624, -16.51206],
							"rotation": [0, 0, -40],
							"uv": {
								"north": {"uv": [2, 6], "uv_size": [0.1875, 0.40625]},
								"east": {"uv": [5, 5], "uv_size": [0.4375, 0.40625]},
								"south": {"uv": [2, 6], "uv_size": [0.1875, 0.40625]},
								"west": {"uv": [5, 5], "uv_size": [0.4375, 0.40625]},
								"up": {"uv": [1, 6], "uv_size": [0.1875, 0.4375]},
								"down": {"uv": [1, 6.4375], "uv_size": [0.1875, -0.4375]}
							}
						},
						{
							"origin": [-1.24331, 5.62165, -16.73081],
							"size": [0.1875, 0.39063, 0.4375],
							"pivot": [-0.90599, 5.37624, -16.51206],
							"rotation": [0, 0, 40],
							"uv": {
								"north": {"uv": [6, 2], "uv_size": [0.1875, 0.40625]},
								"east": {"uv": [6, 0], "uv_size": [0.4375, 0.40625]},
								"south": {"uv": [6, 2], "uv_size": [0.1875, 0.40625]},
								"west": {"uv": [6, 0], "uv_size": [0.4375, 0.40625]},
								"up": {"uv": [6, 1], "uv_size": [0.1875, 0.4375]},
								"down": {"uv": [6, 1.4375], "uv_size": [0.1875, -0.4375]}
							}
						},
						{
							"origin": [-1.12373, 4.09143, -16.73081],
							"size": [0.1875, 1.64063, 0.4375],
							"pivot": [-0.90599, 5.37624, -16.51206],
							"rotation": [0, 0, 17.5],
							"uv": {
								"north": {"uv": [4, 5], "uv_size": [0.1875, 1.65625]},
								"east": {"uv": [5, 0], "uv_size": [0.4375, 1.65625]},
								"south": {"uv": [4, 5], "uv_size": [0.1875, 1.65625]},
								"west": {"uv": [5, 0], "uv_size": [0.4375, 1.65625]},
								"up": {"uv": [6, 1], "uv_size": [0.1875, 0.4375]},
								"down": {"uv": [6, 1.4375], "uv_size": [0.1875, -0.4375]}
							}
						},
						{
							"origin": [-1.5, 0.14063, -17.53125],
							"size": [0.1875, 4.20313, 0.4375],
							"pivot": [-0.25, 0.39063, -17.3125],
							"rotation": [-11.75, 0, 0],
							"uv": {
								"north": {"uv": [4, 0], "uv_size": [0.1875, 4.21875]},
								"east": {"uv": [2, 0], "uv_size": [0.4375, 4.21875]},
								"south": {"uv": [4, 0], "uv_size": [0.1875, 4.21875]},
								"west": {"uv": [2, 0], "uv_size": [0.4375, 4.21875]},
								"up": {"uv": [6, 1], "uv_size": [0.1875, 0.4375]},
								"down": {"uv": [6, 1.4375], "uv_size": [0.1875, -0.4375]}
							}
						},
						{
							"origin": [-0.74443, 5.93967, -16.73081],
							"size": [1.5, 0.14063, 0.4375],
							"uv": {
								"north": {"uv": [5, 4], "uv_size": [1.5, 0.15625]},
								"east": {"uv": [3, 6], "uv_size": [0.4375, 0.15625]},
								"south": {"uv": [5, 4], "uv_size": [1.5, 0.15625]},
								"west": {"uv": [3, 6], "uv_size": [0.4375, 0.15625]},
								"up": {"uv": [2, 5], "uv_size": [1.5, 0.4375]},
								"down": {"uv": [2, 5.4375], "uv_size": [1.5, -0.4375]}
							}
						}
					]
				},
				{
					"name": "aaaaaaaa",
					"parent": "scope_body",
					"pivot": [0, 1.82813, 8],
					"cubes": [
						{
							"origin": [-0.25859, 0.52812, 0.6875],
							"size": [0.51717, 0.25, 7.8125],
							"pivot": [0, 1.82813, 8],
							"rotation": [0, 0, -45],
							"uv": {
								"north": {"uv": [0, 0], "uv_size": [1, 1]},
								"east": {"uv": [0, 0], "uv_size": [1, 1]},
								"south": {"uv": [0, 0], "uv_size": [1, 1]},
								"west": {"uv": [0, 0], "uv_size": [1, 1]},
								"up": {"uv": [1, 1], "uv_size": [-1, -1]},
								"down": {"uv": [1, 1], "uv_size": [-1, -1]}
							}
						},
						{
							"origin": [-0.25859, 0.52812, 0.6875],
							"size": [0.51717, 0.25, 7.8125],
							"pivot": [0, 1.82813, 8],
							"rotation": [0, 0, -22.5],
							"uv": {
								"north": {"uv": [0, 0], "uv_size": [1, 1]},
								"east": {"uv": [0, 0], "uv_size": [1, 1]},
								"south": {"uv": [0, 0], "uv_size": [1, 1]},
								"west": {"uv": [0, 0], "uv_size": [1, 1]},
								"up": {"uv": [1, 1], "uv_size": [-1, -1]},
								"down": {"uv": [1, 1], "uv_size": [-1, -1]}
							}
						},
						{
							"origin": [-0.25859, 0.52812, 0.6875],
							"size": [0.51717, 0.25, 7.8125],
							"uv": {
								"north": {"uv": [0, 0], "uv_size": [1, 1]},
								"east": {"uv": [0, 0], "uv_size": [1, 1]},
								"south": {"uv": [0, 0], "uv_size": [1, 1]},
								"west": {"uv": [0, 0], "uv_size": [1, 1]},
								"up": {"uv": [1, 1], "uv_size": [-1, -1]},
								"down": {"uv": [1, 1], "uv_size": [-1, -1]}
							}
						},
						{
							"origin": [-0.25859, 0.52812, 0.6875],
							"size": [0.51717, 0.25, 7.8125],
							"pivot": [0, 1.82813, 8],
							"rotation": [0, 0, 22.5],
							"uv": {
								"north": {"uv": [0, 0], "uv_size": [1, 1]},
								"east": {"uv": [0, 0], "uv_size": [1, 1]},
								"south": {"uv": [0, 0], "uv_size": [1, 1]},
								"west": {"uv": [0, 0], "uv_size": [1, 1]},
								"up": {"uv": [1, 1], "uv_size": [-1, -1]},
								"down": {"uv": [1, 1], "uv_size": [-1, -1]}
							}
						},
						{
							"origin": [-0.25859, 0.52812, 0.6875],
							"size": [0.51717, 0.25, 7.8125],
							"pivot": [0, 1.82813, 8],
							"rotation": [0, 0, 45],
							"uv": {
								"north": {"uv": [0, 0], "uv_size": [1, 1]},
								"east": {"uv": [0, 0], "uv_size": [1, 1]},
								"south": {"uv": [0, 0], "uv_size": [1, 1]},
								"west": {"uv": [0, 0], "uv_size": [1, 1]},
								"up": {"uv": [1, 1], "uv_size": [-1, -1]},
								"down": {"uv": [1, 1], "uv_size": [-1, -1]}
							}
						},
						{
							"origin": [-0.25859, 2.87813, 0.6875],
							"size": [0.51717, 0.25, 7.8125],
							"pivot": [0, 1.82813, 8],
							"rotation": [0, 0, -45],
							"uv": {
								"north": {"uv": [0, 0], "uv_size": [1, 1]},
								"east": {"uv": [0, 0], "uv_size": [1, 1]},
								"south": {"uv": [0, 0], "uv_size": [1, 1]},
								"west": {"uv": [0, 0], "uv_size": [1, 1]},
								"up": {"uv": [1, 1], "uv_size": [-1, -1]},
								"down": {"uv": [1, 1], "uv_size": [-1, -1]}
							}
						},
						{
							"origin": [-0.25859, 2.87813, 0.6875],
							"size": [0.51717, 0.25, 7.8125],
							"pivot": [0, 1.82813, 8],
							"rotation": [0, 0, -22.5],
							"uv": {
								"north": {"uv": [0, 0], "uv_size": [1, 1]},
								"east": {"uv": [0, 0], "uv_size": [1, 1]},
								"south": {"uv": [0, 0], "uv_size": [1, 1]},
								"west": {"uv": [0, 0], "uv_size": [1, 1]},
								"up": {"uv": [1, 1], "uv_size": [-1, -1]},
								"down": {"uv": [1, 1], "uv_size": [-1, -1]}
							}
						},
						{
							"origin": [-0.25859, 2.87813, 0.6875],
							"size": [0.51717, 0.25, 7.8125],
							"uv": {
								"north": {"uv": [0, 0], "uv_size": [1, 1]},
								"east": {"uv": [0, 0], "uv_size": [1, 1]},
								"south": {"uv": [0, 0], "uv_size": [1, 1]},
								"west": {"uv": [0, 0], "uv_size": [1, 1]},
								"up": {"uv": [1, 1], "uv_size": [-1, -1]},
								"down": {"uv": [1, 1], "uv_size": [-1, -1]}
							}
						},
						{
							"origin": [-0.25859, 2.87813, 0.6875],
							"size": [0.51717, 0.25, 7.8125],
							"pivot": [0, 1.82813, 8],
							"rotation": [0, 0, 22.5],
							"uv": {
								"north": {"uv": [0, 0], "uv_size": [1, 1]},
								"east": {"uv": [0, 0], "uv_size": [1, 1]},
								"south": {"uv": [0, 0], "uv_size": [1, 1]},
								"west": {"uv": [0, 0], "uv_size": [1, 1]},
								"up": {"uv": [1, 1], "uv_size": [-1, -1]},
								"down": {"uv": [1, 1], "uv_size": [-1, -1]}
							}
						},
						{
							"origin": [-0.25859, 2.87813, 0.6875],
							"size": [0.51717, 0.25, 7.8125],
							"pivot": [0, 1.82813, 8],
							"rotation": [0, 0, 45],
							"uv": {
								"north": {"uv": [0, 2], "uv_size": [0.53125, 0.25]},
								"east": {"uv": [0, 2], "uv_size": [0.53125, 0.25]},
								"south": {"uv": [0, 2], "uv_size": [0.53125, 0.25]},
								"west": {"uv": [0, 2], "uv_size": [0.53125, 0.25]},
								"up": {"uv": [0, 2], "uv_size": [0.53125, 0.25]},
								"down": {"uv": [0, 2.25], "uv_size": [0.53125, -0.25]}
							}
						},
						{
							"origin": [1.05, 1.56954, 0.6875],
							"size": [0.25, 0.51717, 7.8125],
							"pivot": [0, 1.82813, 8],
							"rotation": [0, 0, -22.5],
							"uv": {
								"north": {"uv": [0, 3], "uv_size": [0.25, 0.53125]},
								"east": {"uv": [0, 3], "uv_size": [0.25, 0.53125]},
								"south": {"uv": [0, 3], "uv_size": [0.25, 0.53125]},
								"west": {"uv": [0, 3], "uv_size": [0.25, 0.53125]},
								"up": {"uv": [0, 3], "uv_size": [0.25, 0.53125]},
								"down": {"uv": [0, 3.53125], "uv_size": [0.25, -0.53125]}
							}
						},
						{
							"origin": [1.05, 1.56954, 0.6875],
							"size": [0.25, 0.51717, 7.8125],
							"uv": {
								"north": {"uv": [0, 4], "uv_size": [0.25, 0.53125]},
								"east": {"uv": [0, 4], "uv_size": [0.25, 0.53125]},
								"south": {"uv": [0, 4], "uv_size": [0.25, 0.53125]},
								"west": {"uv": [0, 4], "uv_size": [0.25, 0.53125]},
								"up": {"uv": [0, 4], "uv_size": [0.25, 0.53125]},
								"down": {"uv": [0, 4.53125], "uv_size": [0.25, -0.53125]}
							}
						},
						{
							"origin": [1.05, 1.56954, 0.6875],
							"size": [0.25, 0.51717, 7.8125],
							"pivot": [0, 1.82813, 8],
							"rotation": [0, 0, 22.5],
							"uv": {
								"north": {"uv": [6, 3], "uv_size": [0.25, 0.53125]},
								"east": {"uv": [6, 3], "uv_size": [0.25, 0.53125]},
								"south": {"uv": [6, 3], "uv_size": [0.25, 0.53125]},
								"west": {"uv": [6, 3], "uv_size": [0.25, 0.53125]},
								"up": {"uv": [6, 3], "uv_size": [0.25, 0.53125]},
								"down": {"uv": [6, 3.53125], "uv_size": [0.25, -0.53125]}
							}
						},
						{
							"origin": [-1.3, 1.56954, 0.6875],
							"size": [0.25, 0.51717, 7.8125],
							"pivot": [0, 1.82813, 8],
							"rotation": [0, 0, -22.5],
							"uv": {
								"north": {"uv": [0, 0], "uv_size": [1, 1]},
								"east": {"uv": [0, 0], "uv_size": [1, 1]},
								"south": {"uv": [0, 0], "uv_size": [1, 1]},
								"west": {"uv": [0, 0], "uv_size": [1, 1]},
								"up": {"uv": [1, 1], "uv_size": [-1, -1]},
								"down": {"uv": [1, 1], "uv_size": [-1, -1]}
							}
						},
						{
							"origin": [-1.3, 1.56954, 0.6875],
							"size": [0.25, 0.51717, 7.8125],
							"uv": {
								"north": {"uv": [0, 0], "uv_size": [1, 1]},
								"east": {"uv": [0, 0], "uv_size": [1, 1]},
								"south": {"uv": [0, 0], "uv_size": [1, 1]},
								"west": {"uv": [0, 0], "uv_size": [1, 1]},
								"up": {"uv": [1, 1], "uv_size": [-1, -1]},
								"down": {"uv": [1, 1], "uv_size": [-1, -1]}
							}
						},
						{
							"origin": [-1.3, 1.56954, 0.6875],
							"size": [0.25, 0.51717, 7.8125],
							"pivot": [0, 1.82813, 8],
							"rotation": [0, 0, 22.5],
							"uv": {
								"north": {"uv": [0, 0], "uv_size": [1, 1]},
								"east": {"uv": [0, 0], "uv_size": [1, 1]},
								"south": {"uv": [0, 0], "uv_size": [1, 1]},
								"west": {"uv": [0, 0], "uv_size": [1, 1]},
								"up": {"uv": [1, 1], "uv_size": [-1, -1]},
								"down": {"uv": [1, 1], "uv_size": [-1, -1]}
							}
						}
					]
				},
				{
					"name": "a",
					"parent": "scope_body",
					"pivot": [0, 18.9053, -11.7642],
					"cubes": [
						{
							"origin": [-0.34053, 3.04449, -4.22853],
							"size": [0.6763, 0.25, 4.84375],
							"pivot": [-0.00176, 2.07981, 0.13155],
							"rotation": [-13.8902, -6.35082, -44.64512],
							"uv": {
								"north": {"uv": [0, 0], "uv_size": [1, 1]},
								"east": {"uv": [0, 0], "uv_size": [1, 1]},
								"south": {"uv": [0, 0], "uv_size": [1, 1]},
								"west": {"uv": [0, 0], "uv_size": [1, 1]},
								"up": {"uv": [1, 1], "uv_size": [-1, -1]},
								"down": {"uv": [1, 1], "uv_size": [-1, -1]}
							}
						},
						{
							"origin": [-0.33929, 3.04449, -4.22853],
							"size": [0.6763, 0.25, 4.84375],
							"pivot": [-0.00176, 2.07981, 0.13155],
							"rotation": [-15.8249, -3.43206, -22.25015],
							"uv": {
								"north": {"uv": [0, 0], "uv_size": [1, 1]},
								"east": {"uv": [0, 0], "uv_size": [1, 1]},
								"south": {"uv": [0, 0], "uv_size": [1, 1]},
								"west": {"uv": [0, 0], "uv_size": [1, 1]},
								"up": {"uv": [1, 1], "uv_size": [-1, -1]},
								"down": {"uv": [1, 1], "uv_size": [-1, -1]}
							}
						},
						{
							"origin": [-0.33815, 3.04496, -4.22855],
							"size": [0.6763, 0.25, 4.84375],
							"pivot": [-0.00176, 2.07981, 0.13155],
							"rotation": [-16.5, 0, 0],
							"uv": {
								"north": {"uv": [0, 0], "uv_size": [1, 1]},
								"east": {"uv": [0, 0], "uv_size": [1, 1]},
								"south": {"uv": [0, 0], "uv_size": [1, 1]},
								"west": {"uv": [0, 0], "uv_size": [1, 1]},
								"up": {"uv": [1, 1], "uv_size": [-1, -1]},
								"down": {"uv": [1, 1], "uv_size": [-1, -1]}
							}
						},
						{
							"origin": [-0.33728, 3.04583, -4.22858],
							"size": [0.6763, 0.25, 4.84375],
							"pivot": [-0.00176, 2.07981, 0.13155],
							"rotation": [-15.8249, 3.43206, 22.25015],
							"uv": {
								"north": {"uv": [0, 0], "uv_size": [1, 1]},
								"east": {"uv": [0, 0], "uv_size": [1, 1]},
								"south": {"uv": [0, 0], "uv_size": [1, 1]},
								"west": {"uv": [0, 0], "uv_size": [1, 1]},
								"up": {"uv": [1, 1], "uv_size": [-1, -1]},
								"down": {"uv": [1, 1], "uv_size": [-1, -1]}
							}
						},
						{
							"origin": [-0.3368, 3.04697, -4.22863],
							"size": [0.6763, 0.25, 4.84375],
							"pivot": [-0.00176, 2.07981, 0.13155],
							"rotation": [-13.8902, 6.35082, 44.64512],
							"uv": {
								"north": {"uv": [0, 0], "uv_size": [1, 1]},
								"east": {"uv": [0, 0], "uv_size": [1, 1]},
								"south": {"uv": [0, 0], "uv_size": [1, 1]},
								"west": {"uv": [0, 0], "uv_size": [1, 1]},
								"up": {"uv": [1, 1], "uv_size": [-1, -1]},
								"down": {"uv": [1, 1], "uv_size": [-1, -1]}
							}
						},
						{
							"origin": [-1.21893, 1.73855, -4.22863],
							"size": [0.25, 0.6763, 4.84375],
							"pivot": [-0.00176, 2.07981, 0.13155],
							"rotation": [-8.33019, 3.98909, -23.33565],
							"uv": {
								"north": {"uv": [0, 0], "uv_size": [1, 1]},
								"east": {"uv": [0, 0], "uv_size": [1, 1]},
								"south": {"uv": [0, 0], "uv_size": [1, 1]},
								"west": {"uv": [0, 0], "uv_size": [1, 1]},
								"up": {"uv": [1, 1], "uv_size": [-1, -1]},
								"down": {"uv": [1, 1], "uv_size": [-1, -1]}
							}
						},
						{
							"origin": [-1.21778, 1.73902, -4.22858],
							"size": [0.25, 0.6763, 4.84375],
							"pivot": [-0.00176, 2.07981, 0.13155],
							"rotation": [-9.07637, 7.40714, -1.17984],
							"uv": {
								"north": {"uv": [0, 0], "uv_size": [1, 1]},
								"east": {"uv": [0, 0], "uv_size": [1, 1]},
								"south": {"uv": [0, 0], "uv_size": [1, 1]},
								"west": {"uv": [0, 0], "uv_size": [1, 1]},
								"up": {"uv": [1, 1], "uv_size": [-1, -1]},
								"down": {"uv": [1, 1], "uv_size": [-1, -1]}
							}
						},
						{
							"origin": [-1.21691, 1.7399, -4.22855],
							"size": [0.25, 0.6763, 4.84375],
							"pivot": [-0.00176, 2.07981, 0.13155],
							"rotation": [-8.46228, 10.85195, 21.14757],
							"uv": {
								"north": {"uv": [0, 0], "uv_size": [1, 1]},
								"east": {"uv": [0, 0], "uv_size": [1, 1]},
								"south": {"uv": [0, 0], "uv_size": [1, 1]},
								"west": {"uv": [0, 0], "uv_size": [1, 1]},
								"up": {"uv": [1, 1], "uv_size": [-1, -1]},
								"down": {"uv": [1, 1], "uv_size": [-1, -1]}
							}
						},
						{
							"origin": [-0.34053, 3.04449, -4.22853],
							"size": [0.6763, 0.25, 4.84375],
							"pivot": [-0.00176, 2.07981, 0.13155],
							"rotation": [-1.1098, 6.35082, 135.35488],
							"uv": {
								"north": {"uv": [0, 0], "uv_size": [1, 1]},
								"east": {"uv": [0, 0], "uv_size": [1, 1]},
								"south": {"uv": [0, 0], "uv_size": [1, 1]},
								"west": {"uv": [0, 0], "uv_size": [1, 1]},
								"up": {"uv": [1, 1], "uv_size": [-1, -1]},
								"down": {"uv": [1, 1], "uv_size": [-1, -1]}
							}
						},
						{
							"origin": [-0.33929, 3.04449, -4.22853],
							"size": [0.6763, 0.25, 4.84375],
							"pivot": [-0.00176, 2.07981, 0.13155],
							"rotation": [0.8249, 3.43206, 157.74985],
							"uv": {
								"north": {"uv": [0, 0], "uv_size": [1, 1]},
								"east": {"uv": [0, 0], "uv_size": [1, 1]},
								"south": {"uv": [0, 0], "uv_size": [1, 1]},
								"west": {"uv": [0, 0], "uv_size": [1, 1]},
								"up": {"uv": [1, 1], "uv_size": [-1, -1]},
								"down": {"uv": [1, 1], "uv_size": [-1, -1]}
							}
						},
						{
							"origin": [-0.33815, 3.04496, -4.22855],
							"size": [0.6763, 0.25, 4.84375],
							"pivot": [-0.00176, 2.07981, 0.13155],
							"rotation": [1.5, 0, 180],
							"uv": {
								"north": {"uv": [0, 0], "uv_size": [1, 1]},
								"east": {"uv": [0, 0], "uv_size": [1, 1]},
								"south": {"uv": [0, 0], "uv_size": [1, 1]},
								"west": {"uv": [0, 0], "uv_size": [1, 1]},
								"up": {"uv": [1, 1], "uv_size": [-1, -1]},
								"down": {"uv": [1, 1], "uv_size": [-1, -1]}
							}
						},
						{
							"origin": [-0.33728, 3.04583, -4.22858],
							"size": [0.6763, 0.25, 4.84375],
							"pivot": [-0.00176, 2.07981, 0.13155],
							"rotation": [0.8249, -3.43206, -157.74985],
							"uv": {
								"north": {"uv": [0, 0], "uv_size": [1, 1]},
								"east": {"uv": [0, 0], "uv_size": [1, 1]},
								"south": {"uv": [0, 0], "uv_size": [1, 1]},
								"west": {"uv": [0, 0], "uv_size": [1, 1]},
								"up": {"uv": [1, 1], "uv_size": [-1, -1]},
								"down": {"uv": [1, 1], "uv_size": [-1, -1]}
							}
						},
						{
							"origin": [-0.3368, 3.04697, -4.22863],
							"size": [0.6763, 0.25, 4.84375],
							"pivot": [-0.00176, 2.07981, 0.13155],
							"rotation": [-1.1098, -6.35082, -135.35488],
							"uv": {
								"north": {"uv": [0, 0], "uv_size": [1, 1]},
								"east": {"uv": [0, 0], "uv_size": [1, 1]},
								"south": {"uv": [0, 0], "uv_size": [1, 1]},
								"west": {"uv": [0, 0], "uv_size": [1, 1]},
								"up": {"uv": [1, 1], "uv_size": [-1, -1]},
								"down": {"uv": [1, 1], "uv_size": [-1, -1]}
							}
						},
						{
							"origin": [-1.21893, 1.73855, -4.22863],
							"size": [0.25, 0.6763, 4.84375],
							"pivot": [-0.00176, 2.07981, 0.13155],
							"rotation": [8.46228, 10.85195, 158.85243],
							"uv": {
								"north": {"uv": [0, 0], "uv_size": [1, 1]},
								"east": {"uv": [0, 0], "uv_size": [1, 1]},
								"south": {"uv": [0, 0], "uv_size": [1, 1]},
								"west": {"uv": [0, 0], "uv_size": [1, 1]},
								"up": {"uv": [1, 1], "uv_size": [-1, -1]},
								"down": {"uv": [1, 1], "uv_size": [-1, -1]}
							}
						},
						{
							"origin": [-1.21778, 1.73902, -4.22858],
							"size": [0.25, 0.6763, 4.84375],
							"pivot": [-0.00176, 2.07981, 0.13155],
							"rotation": [9.07637, 7.40714, -178.82016],
							"uv": {
								"north": {"uv": [6, 5], "uv_size": [0.25, 0.6875]},
								"east": {"uv": [6, 5], "uv_size": [0.25, 0.6875]},
								"south": {"uv": [6, 5], "uv_size": [0.25, 0.6875]},
								"west": {"uv": [6, 5], "uv_size": [0.25, 0.6875]},
								"up": {"uv": [6, 5], "uv_size": [0.25, 0.6875]},
								"down": {"uv": [6, 5.6875], "uv_size": [0.25, -0.6875]}
							}
						},
						{
							"origin": [-1.21691, 1.7399, -4.22855],
							"size": [0.25, 0.6763, 4.84375],
							"pivot": [-0.00176, 2.07981, 0.13155],
							"rotation": [8.33019, 3.98909, -156.66435],
							"uv": {
								"north": {"uv": [0, 0], "uv_size": [1, 1]},
								"east": {"uv": [0, 0], "uv_size": [1, 1]},
								"south": {"uv": [0, 0], "uv_size": [1, 1]},
								"west": {"uv": [0, 0], "uv_size": [1, 1]},
								"up": {"uv": [1, 1], "uv_size": [-1, -1]},
								"down": {"uv": [1, 1], "uv_size": [-1, -1]}
							}
						}
					]
				},
				{
					"name": "aa",
					"parent": "scope_body",
					"pivot": [0, 2.70313, -15.5],
					"cubes": [
						{
							"origin": [-0.35804, 0.90312, -14.625],
							"size": [0.71608, 0.25, 10.9375],
							"pivot": [0, 2.70313, -15.5],
							"rotation": [0, 0, -45],
							"uv": {
								"north": {"uv": [0, 0], "uv_size": [1, 1]},
								"east": {"uv": [0, 0], "uv_size": [1, 1]},
								"south": {"uv": [0, 0], "uv_size": [1, 1]},
								"west": {"uv": [0, 0], "uv_size": [1, 1]},
								"up": {"uv": [1, 1], "uv_size": [-1, -1]},
								"down": {"uv": [1, 1], "uv_size": [-1, -1]}
							}
						},
						{
							"origin": [-0.35804, 0.90312, -14.625],
							"size": [0.71608, 0.25, 10.9375],
							"pivot": [0, 2.70313, -15.5],
							"rotation": [0, 0, -22.5],
							"uv": {
								"north": {"uv": [0, 0], "uv_size": [1, 1]},
								"east": {"uv": [0, 0], "uv_size": [1, 1]},
								"south": {"uv": [0, 0], "uv_size": [1, 1]},
								"west": {"uv": [0, 0], "uv_size": [1, 1]},
								"up": {"uv": [1, 1], "uv_size": [-1, -1]},
								"down": {"uv": [1, 1], "uv_size": [-1, -1]}
							}
						},
						{
							"origin": [-0.35804, 0.90312, -14.625],
							"size": [0.71608, 0.25, 10.9375],
							"uv": {
								"north": {"uv": [0, 0], "uv_size": [1, 1]},
								"east": {"uv": [0, 0], "uv_size": [1, 1]},
								"south": {"uv": [0, 0], "uv_size": [1, 1]},
								"west": {"uv": [0, 0], "uv_size": [1, 1]},
								"up": {"uv": [1, 1], "uv_size": [-1, -1]},
								"down": {"uv": [1, 1], "uv_size": [-1, -1]}
							}
						},
						{
							"origin": [-0.35804, 0.90312, -14.625],
							"size": [0.71608, 0.25, 10.9375],
							"pivot": [0, 2.70313, -15.5],
							"rotation": [0, 0, 22.5],
							"uv": {
								"north": {"uv": [0, 0], "uv_size": [1, 1]},
								"east": {"uv": [0, 0], "uv_size": [1, 1]},
								"south": {"uv": [0, 0], "uv_size": [1, 1]},
								"west": {"uv": [0, 0], "uv_size": [1, 1]},
								"up": {"uv": [1, 1], "uv_size": [-1, -1]},
								"down": {"uv": [1, 1], "uv_size": [-1, -1]}
							}
						},
						{
							"origin": [-0.35804, 0.90312, -14.625],
							"size": [0.71608, 0.25, 10.9375],
							"pivot": [0, 2.70313, -15.5],
							"rotation": [0, 0, 45],
							"uv": {
								"north": {"uv": [0, 0], "uv_size": [1, 1]},
								"east": {"uv": [0, 0], "uv_size": [1, 1]},
								"south": {"uv": [0, 0], "uv_size": [1, 1]},
								"west": {"uv": [0, 0], "uv_size": [1, 1]},
								"up": {"uv": [1, 1], "uv_size": [-1, -1]},
								"down": {"uv": [1, 1], "uv_size": [-1, -1]}
							}
						},
						{
							"origin": [-0.35804, 4.25313, -14.625],
							"size": [0.71608, 0.25, 10.9375],
							"pivot": [0, 2.70313, -15.5],
							"rotation": [0, 0, -45],
							"uv": {
								"north": {"uv": [0, 0], "uv_size": [1, 1]},
								"east": {"uv": [0, 0], "uv_size": [1, 1]},
								"south": {"uv": [0, 0], "uv_size": [1, 1]},
								"west": {"uv": [0, 0], "uv_size": [1, 1]},
								"up": {"uv": [1, 1], "uv_size": [-1, -1]},
								"down": {"uv": [1, 1], "uv_size": [-1, -1]}
							}
						},
						{
							"origin": [-0.35804, 4.25313, -14.625],
							"size": [0.71608, 0.25, 10.9375],
							"pivot": [0, 2.70313, -15.5],
							"rotation": [0, 0, -22.5],
							"uv": {
								"north": {"uv": [0, 0], "uv_size": [1, 1]},
								"east": {"uv": [0, 0], "uv_size": [1, 1]},
								"south": {"uv": [0, 0], "uv_size": [1, 1]},
								"west": {"uv": [0, 0], "uv_size": [1, 1]},
								"up": {"uv": [1, 1], "uv_size": [-1, -1]},
								"down": {"uv": [1, 1], "uv_size": [-1, -1]}
							}
						},
						{
							"origin": [-0.35804, 4.25313, -14.625],
							"size": [0.71608, 0.25, 10.9375],
							"uv": {
								"north": {"uv": [0, 0], "uv_size": [1, 1]},
								"east": {"uv": [0, 0], "uv_size": [1, 1]},
								"south": {"uv": [0, 0], "uv_size": [1, 1]},
								"west": {"uv": [0, 0], "uv_size": [1, 1]},
								"up": {"uv": [1, 1], "uv_size": [-1, -1]},
								"down": {"uv": [1, 1], "uv_size": [-1, -1]}
							}
						},
						{
							"origin": [-0.35804, 4.25313, -14.625],
							"size": [0.71608, 0.25, 10.9375],
							"pivot": [0, 2.70313, -15.5],
							"rotation": [0, 0, 22.5],
							"uv": {
								"north": {"uv": [1, 0], "uv_size": [0.71875, 0.25]},
								"east": {"uv": [1, 0], "uv_size": [0.71875, 0.25]},
								"south": {"uv": [1, 0], "uv_size": [0.71875, 0.25]},
								"west": {"uv": [1, 0], "uv_size": [0.71875, 0.25]},
								"up": {"uv": [1, 0], "uv_size": [0.71875, 0.25]},
								"down": {"uv": [1, 0.25], "uv_size": [0.71875, -0.25]}
							}
						},
						{
							"origin": [-0.35804, 4.25313, -14.625],
							"size": [0.71608, 0.25, 10.9375],
							"pivot": [0, 2.70313, -15.5],
							"rotation": [0, 0, 45],
							"uv": {
								"north": {"uv": [0, 1], "uv_size": [0.71875, 0.25]},
								"east": {"uv": [0, 1], "uv_size": [0.71875, 0.25]},
								"south": {"uv": [0, 1], "uv_size": [0.71875, 0.25]},
								"west": {"uv": [0, 1], "uv_size": [0.71875, 0.25]},
								"up": {"uv": [0, 1], "uv_size": [0.71875, 0.25]},
								"down": {"uv": [0, 1.25], "uv_size": [0.71875, -0.25]}
							}
						},
						{
							"origin": [1.55, 2.34508, -14.625],
							"size": [0.25, 0.71608, 10.9375],
							"pivot": [0, 2.70313, -15.5],
							"rotation": [0, 0, -22.5],
							"uv": {
								"north": {"uv": [0, 1], "uv_size": [0.71875, 0.25]},
								"east": {"uv": [0, 1], "uv_size": [0.71875, 0.25]},
								"south": {"uv": [0, 1], "uv_size": [0.71875, 0.25]},
								"west": {"uv": [0, 1], "uv_size": [0.71875, 0.25]},
								"up": {"uv": [0, 1], "uv_size": [0.71875, 0.25]},
								"down": {"uv": [0, 1.25], "uv_size": [0.71875, -0.25]}
							}
						},
						{
							"origin": [1.55, 2.34508, -14.625],
							"size": [0.25, 0.71608, 10.9375],
							"uv": {
								"north": {"uv": [0, 1], "uv_size": [0.71875, 0.25]},
								"east": {"uv": [0, 1], "uv_size": [0.71875, 0.25]},
								"south": {"uv": [0, 1], "uv_size": [0.71875, 0.25]},
								"west": {"uv": [0, 1], "uv_size": [0.71875, 0.25]},
								"up": {"uv": [0, 1], "uv_size": [0.71875, 0.25]},
								"down": {"uv": [0, 1.25], "uv_size": [0.71875, -0.25]}
							}
						},
						{
							"origin": [1.55, 2.34508, -14.625],
							"size": [0.25, 0.71608, 10.9375],
							"pivot": [0, 2.70313, -15.5],
							"rotation": [0, 0, 22.5],
							"uv": {
								"north": {"uv": [5, 6], "uv_size": [0.25, 0.71875]},
								"east": {"uv": [5, 6], "uv_size": [0.25, 0.71875]},
								"south": {"uv": [5, 6], "uv_size": [0.25, 0.71875]},
								"west": {"uv": [5, 6], "uv_size": [0.25, 0.71875]},
								"up": {"uv": [5, 6], "uv_size": [0.25, 0.71875]},
								"down": {"uv": [5, 6.71875], "uv_size": [0.25, -0.71875]}
							}
						},
						{
							"origin": [-1.8, 2.34508, -14.625],
							"size": [0.25, 0.71608, 10.9375],
							"pivot": [0, 2.70313, -15.5],
							"rotation": [0, 0, -22.5],
							"uv": {
								"north": {"uv": [0, 0], "uv_size": [1, 1]},
								"east": {"uv": [0, 0], "uv_size": [1, 1]},
								"south": {"uv": [0, 0], "uv_size": [1, 1]},
								"west": {"uv": [0, 0], "uv_size": [1, 1]},
								"up": {"uv": [1, 1], "uv_size": [-1, -1]},
								"down": {"uv": [1, 1], "uv_size": [-1, -1]}
							}
						},
						{
							"origin": [-1.8, 2.34508, -14.625],
							"size": [0.25, 0.71608, 10.9375],
							"uv": {
								"north": {"uv": [0, 0], "uv_size": [1, 1]},
								"east": {"uv": [0, 0], "uv_size": [1, 1]},
								"south": {"uv": [0, 0], "uv_size": [1, 1]},
								"west": {"uv": [0, 0], "uv_size": [1, 1]},
								"up": {"uv": [1, 1], "uv_size": [-1, -1]},
								"down": {"uv": [1, 1], "uv_size": [-1, -1]}
							}
						},
						{
							"origin": [-1.8, 2.34508, -14.625],
							"size": [0.25, 0.71608, 10.9375],
							"pivot": [0, 2.70313, -15.5],
							"rotation": [0, 0, 22.5],
							"uv": {
								"north": {"uv": [0, 0], "uv_size": [1, 1]},
								"east": {"uv": [0, 0], "uv_size": [1, 1]},
								"south": {"uv": [0, 0], "uv_size": [1, 1]},
								"west": {"uv": [0, 0], "uv_size": [1, 1]},
								"up": {"uv": [1, 1], "uv_size": [-1, -1]},
								"down": {"uv": [1, 1], "uv_size": [-1, -1]}
							}
						}
					]
				},
				{
					"name": "aaa",
					"parent": "scope_body",
					"pivot": [0, 2.70313, -15],
					"cubes": [
						{
							"origin": [-0.43761, 0.50313, -15.5],
							"size": [0.87521, 1, 1],
							"pivot": [0, 2.70313, -15],
							"rotation": [0, 0, -45],
							"uv": {
								"north": {"uv": [0, 0], "uv_size": [1, 1]},
								"east": {"uv": [0, 0], "uv_size": [1, 1]},
								"south": {"uv": [0, 0], "uv_size": [1, 1]},
								"west": {"uv": [0, 0], "uv_size": [1, 1]},
								"up": {"uv": [1, 1], "uv_size": [-1, -1]},
								"down": {"uv": [1, 1], "uv_size": [-1, -1]}
							}
						},
						{
							"origin": [-0.43761, 0.50313, -15.5],
							"size": [0.87521, 1, 1],
							"pivot": [0, 2.70313, -15],
							"rotation": [0, 0, -22.5],
							"uv": {
								"north": {"uv": [0, 0], "uv_size": [1, 1]},
								"east": {"uv": [0, 0], "uv_size": [1, 1]},
								"south": {"uv": [0, 0], "uv_size": [1, 1]},
								"west": {"uv": [0, 0], "uv_size": [1, 1]},
								"up": {"uv": [1, 1], "uv_size": [-1, -1]},
								"down": {"uv": [1, 1], "uv_size": [-1, -1]}
							}
						},
						{
							"origin": [-0.43761, 0.50313, -15.5],
							"size": [0.87521, 1, 1],
							"uv": {
								"north": {"uv": [0, 0], "uv_size": [1, 1]},
								"east": {"uv": [0, 0], "uv_size": [1, 1]},
								"south": {"uv": [0, 0], "uv_size": [1, 1]},
								"west": {"uv": [0, 0], "uv_size": [1, 1]},
								"up": {"uv": [1, 1], "uv_size": [-1, -1]},
								"down": {"uv": [1, 1], "uv_size": [-1, -1]}
							}
						},
						{
							"origin": [-0.43761, 0.50313, -15.5],
							"size": [0.87521, 1, 1],
							"pivot": [0, 2.70313, -15],
							"rotation": [0, 0, 22.5],
							"uv": {
								"north": {"uv": [0, 0], "uv_size": [1, 1]},
								"east": {"uv": [0, 0], "uv_size": [1, 1]},
								"south": {"uv": [0, 0], "uv_size": [1, 1]},
								"west": {"uv": [0, 0], "uv_size": [1, 1]},
								"up": {"uv": [1, 1], "uv_size": [-1, -1]},
								"down": {"uv": [1, 1], "uv_size": [-1, -1]}
							}
						},
						{
							"origin": [-0.43761, 0.50313, -15.5],
							"size": [0.87521, 1, 1],
							"pivot": [0, 2.70313, -15],
							"rotation": [0, 0, 45],
							"uv": {
								"north": {"uv": [0, 0], "uv_size": [1, 1]},
								"east": {"uv": [0, 0], "uv_size": [1, 1]},
								"south": {"uv": [0, 0], "uv_size": [1, 1]},
								"west": {"uv": [0, 0], "uv_size": [1, 1]},
								"up": {"uv": [1, 1], "uv_size": [-1, -1]},
								"down": {"uv": [1, 1], "uv_size": [-1, -1]}
							}
						},
						{
							"origin": [-0.43761, 3.90312, -15.5],
							"size": [0.87521, 1, 1],
							"pivot": [0, 2.70313, -15],
							"rotation": [0, 0, -45],
							"uv": {
								"north": {"uv": [0, 0], "uv_size": [1, 1]},
								"east": {"uv": [0, 0], "uv_size": [1, 1]},
								"south": {"uv": [0, 0], "uv_size": [1, 1]},
								"west": {"uv": [0, 0], "uv_size": [1, 1]},
								"up": {"uv": [1, 1], "uv_size": [-1, -1]},
								"down": {"uv": [1, 1], "uv_size": [-1, -1]}
							}
						},
						{
							"origin": [-0.43761, 3.90312, -15.5],
							"size": [0.87521, 1, 1],
							"pivot": [0, 2.70313, -15],
							"rotation": [0, 0, -22.5],
							"uv": {
								"north": {"uv": [0, 0], "uv_size": [1, 1]},
								"east": {"uv": [0, 0], "uv_size": [1, 1]},
								"south": {"uv": [0, 0], "uv_size": [1, 1]},
								"west": {"uv": [0, 0], "uv_size": [1, 1]},
								"up": {"uv": [1, 1], "uv_size": [-1, -1]},
								"down": {"uv": [1, 1], "uv_size": [-1, -1]}
							}
						},
						{
							"origin": [-0.43761, 3.90312, -15.5],
							"size": [0.87521, 1, 1],
							"uv": {
								"north": {"uv": [0, 0], "uv_size": [1, 1]},
								"east": {"uv": [0, 0], "uv_size": [1, 1]},
								"south": {"uv": [0, 0], "uv_size": [1, 1]},
								"west": {"uv": [0, 0], "uv_size": [1, 1]},
								"up": {"uv": [1, 1], "uv_size": [-1, -1]},
								"down": {"uv": [1, 1], "uv_size": [-1, -1]}
							}
						},
						{
							"origin": [-1.37511, 1.27812, -15.0625],
							"size": [2.75021, 2.6875, 0.125],
							"uv": {
								"north": {"uv": [0.375, 10.46875], "uv_size": [2.75, 2.6875]},
								"east": {"uv": [0, 7], "uv_size": [2.75, 2.6875]},
								"south": {"uv": [0, 7], "uv_size": [2.75, 2.6875]},
								"west": {"uv": [0, 7], "uv_size": [2.75, 2.6875]},
								"up": {"uv": [0, 7], "uv_size": [2.75, 2.6875]},
								"down": {"uv": [0, 9.6875], "uv_size": [2.75, -2.6875]}
							}
						},
						{
							"origin": [-0.43761, 3.90312, -15.5],
							"size": [0.87521, 1, 1],
							"pivot": [0, 2.70313, -15],
							"rotation": [0, 0, 22.5],
							"uv": {
								"north": {"uv": [0, 0], "uv_size": [1, 1]},
								"east": {"uv": [0, 0], "uv_size": [1, 1]},
								"south": {"uv": [0, 0], "uv_size": [1, 1]},
								"west": {"uv": [0, 0], "uv_size": [1, 1]},
								"up": {"uv": [1, 1], "uv_size": [-1, -1]},
								"down": {"uv": [1, 1], "uv_size": [-1, -1]}
							}
						},
						{
							"origin": [-0.43761, 3.90312, -15.5],
							"size": [0.87521, 1, 1],
							"pivot": [0, 2.70313, -15],
							"rotation": [0, 0, 45],
							"uv": {
								"north": {"uv": [0, 0], "uv_size": [1, 1]},
								"east": {"uv": [0, 0], "uv_size": [1, 1]},
								"south": {"uv": [0, 0], "uv_size": [1, 1]},
								"west": {"uv": [0, 0], "uv_size": [1, 1]},
								"up": {"uv": [1, 1], "uv_size": [-1, -1]},
								"down": {"uv": [1, 1], "uv_size": [-1, -1]}
							}
						},
						{
							"origin": [1.2, 2.26552, -15.5],
							"size": [1, 0.87521, 1],
							"pivot": [0, 2.70313, -15],
							"rotation": [0, 0, -22.5],
							"uv": {
								"north": {"uv": [0, 0], "uv_size": [1, 1]},
								"east": {"uv": [0, 0], "uv_size": [1, 1]},
								"south": {"uv": [0, 0], "uv_size": [1, 1]},
								"west": {"uv": [0, 0], "uv_size": [1, 1]},
								"up": {"uv": [1, 1], "uv_size": [-1, -1]},
								"down": {"uv": [1, 1], "uv_size": [-1, -1]}
							}
						},
						{
							"origin": [1.2, 2.26552, -15.5],
							"size": [1, 0.87521, 1],
							"uv": {
								"north": {"uv": [0, 0], "uv_size": [1, 1]},
								"east": {"uv": [0, 0], "uv_size": [1, 1]},
								"south": {"uv": [0, 0], "uv_size": [1, 1]},
								"west": {"uv": [0, 0], "uv_size": [1, 1]},
								"up": {"uv": [1, 1], "uv_size": [-1, -1]},
								"down": {"uv": [1, 1], "uv_size": [-1, -1]}
							}
						},
						{
							"origin": [1.2, 2.26552, -15.5],
							"size": [1, 0.87521, 1],
							"pivot": [0, 2.70313, -15],
							"rotation": [0, 0, 22.5],
							"uv": {
								"north": {"uv": [0, 0], "uv_size": [1, 1]},
								"east": {"uv": [0, 0], "uv_size": [1, 1]},
								"south": {"uv": [0, 0], "uv_size": [1, 1]},
								"west": {"uv": [0, 0], "uv_size": [1, 1]},
								"up": {"uv": [1, 1], "uv_size": [-1, -1]},
								"down": {"uv": [1, 1], "uv_size": [-1, -1]}
							}
						},
						{
							"origin": [-2.2, 2.26552, -15.5],
							"size": [1, 0.87521, 1],
							"pivot": [0, 2.70313, -15],
							"rotation": [0, 0, -22.5],
							"uv": {
								"north": {"uv": [0, 0], "uv_size": [1, 1]},
								"east": {"uv": [0, 0], "uv_size": [1, 1]},
								"south": {"uv": [0, 0], "uv_size": [1, 1]},
								"west": {"uv": [0, 0], "uv_size": [1, 1]},
								"up": {"uv": [1, 1], "uv_size": [-1, -1]},
								"down": {"uv": [1, 1], "uv_size": [-1, -1]}
							}
						},
						{
							"origin": [-2.2, 2.26552, -15.5],
							"size": [1, 0.87521, 1],
							"uv": {
								"north": {"uv": [0, 0], "uv_size": [1, 1]},
								"east": {"uv": [0, 0], "uv_size": [1, 1]},
								"south": {"uv": [0, 0], "uv_size": [1, 1]},
								"west": {"uv": [0, 0], "uv_size": [1, 1]},
								"up": {"uv": [1, 1], "uv_size": [-1, -1]},
								"down": {"uv": [1, 1], "uv_size": [-1, -1]}
							}
						},
						{
							"origin": [-2.2, 2.26552, -15.5],
							"size": [1, 0.87521, 1],
							"pivot": [0, 2.70313, -15],
							"rotation": [0, 0, 22.5],
							"uv": {
								"north": {"uv": [0, 0], "uv_size": [1, 1]},
								"east": {"uv": [0, 0], "uv_size": [1, 1]},
								"south": {"uv": [0, 0], "uv_size": [1, 1]},
								"west": {"uv": [0, 0], "uv_size": [1, 1]},
								"up": {"uv": [1, 1], "uv_size": [-1, -1]},
								"down": {"uv": [1, 1], "uv_size": [-1, -1]}
							}
						}
					]
				},
				{
					"name": "aaaa",
					"parent": "scope_body",
					"pivot": [0, 1.89063, 0.6875],
					"cubes": [
						{
							"origin": [-0.29837, 0.39063, 0.1875],
							"size": [0.59674, 0.25, 1],
							"pivot": [0, 1.89063, 0.6875],
							"rotation": [0, 0, -45],
							"uv": {
								"north": {"uv": [0, 0], "uv_size": [1, 1]},
								"east": {"uv": [0, 0], "uv_size": [1, 1]},
								"south": {"uv": [0, 0], "uv_size": [1, 1]},
								"west": {"uv": [0, 0], "uv_size": [1, 1]},
								"up": {"uv": [1, 1], "uv_size": [-1, -1]},
								"down": {"uv": [1, 1], "uv_size": [-1, -1]}
							}
						},
						{
							"origin": [-0.29837, 0.39063, 0.1875],
							"size": [0.59674, 0.25, 1],
							"pivot": [0, 1.89063, 0.6875],
							"rotation": [0, 0, -22.5],
							"uv": {
								"north": {"uv": [0, 0], "uv_size": [1, 1]},
								"east": {"uv": [0, 0], "uv_size": [1, 1]},
								"south": {"uv": [0, 0], "uv_size": [1, 1]},
								"west": {"uv": [0, 0], "uv_size": [1, 1]},
								"up": {"uv": [1, 1], "uv_size": [-1, -1]},
								"down": {"uv": [1, 1], "uv_size": [-1, -1]}
							}
						},
						{
							"origin": [-0.29837, 0.39063, 0.1875],
							"size": [0.59674, 0.25, 1],
							"uv": {
								"north": {"uv": [0, 0], "uv_size": [1, 1]},
								"east": {"uv": [0, 0], "uv_size": [1, 1]},
								"south": {"uv": [0, 0], "uv_size": [1, 1]},
								"west": {"uv": [0, 0], "uv_size": [1, 1]},
								"up": {"uv": [1, 1], "uv_size": [-1, -1]},
								"down": {"uv": [1, 1], "uv_size": [-1, -1]}
							}
						},
						{
							"origin": [-0.29837, 0.39063, 0.1875],
							"size": [0.59674, 0.25, 1],
							"pivot": [0, 1.89063, 0.6875],
							"rotation": [0, 0, 22.5],
							"uv": {
								"north": {"uv": [0, 0], "uv_size": [1, 1]},
								"east": {"uv": [0, 0], "uv_size": [1, 1]},
								"south": {"uv": [0, 0], "uv_size": [1, 1]},
								"west": {"uv": [0, 0], "uv_size": [1, 1]},
								"up": {"uv": [1, 1], "uv_size": [-1, -1]},
								"down": {"uv": [1, 1], "uv_size": [-1, -1]}
							}
						},
						{
							"origin": [-0.29837, 0.39063, 0.1875],
							"size": [0.59674, 0.25, 1],
							"pivot": [0, 1.89063, 0.6875],
							"rotation": [0, 0, 45],
							"uv": {
								"north": {"uv": [0, 0], "uv_size": [1, 1]},
								"east": {"uv": [0, 0], "uv_size": [1, 1]},
								"south": {"uv": [0, 0], "uv_size": [1, 1]},
								"west": {"uv": [0, 0], "uv_size": [1, 1]},
								"up": {"uv": [1, 1], "uv_size": [-1, -1]},
								"down": {"uv": [1, 1], "uv_size": [-1, -1]}
							}
						},
						{
							"origin": [-0.29837, 3.14063, 0.1875],
							"size": [0.59674, 0.25, 1],
							"pivot": [0, 1.89063, 0.6875],
							"rotation": [0, 0, -45],
							"uv": {
								"north": {"uv": [0, 0], "uv_size": [1, 1]},
								"east": {"uv": [0, 0], "uv_size": [1, 1]},
								"south": {"uv": [0, 0], "uv_size": [1, 1]},
								"west": {"uv": [0, 0], "uv_size": [1, 1]},
								"up": {"uv": [1, 1], "uv_size": [-1, -1]},
								"down": {"uv": [1, 1], "uv_size": [-1, -1]}
							}
						},
						{
							"origin": [-0.29837, 3.14063, 0.1875],
							"size": [0.59674, 0.25, 1],
							"pivot": [0, 1.89063, 0.6875],
							"rotation": [0, 0, -22.5],
							"uv": {
								"north": {"uv": [0, 0], "uv_size": [1, 1]},
								"east": {"uv": [0, 0], "uv_size": [1, 1]},
								"south": {"uv": [0, 0], "uv_size": [1, 1]},
								"west": {"uv": [0, 0], "uv_size": [1, 1]},
								"up": {"uv": [1, 1], "uv_size": [-1, -1]},
								"down": {"uv": [1, 1], "uv_size": [-1, -1]}
							}
						},
						{
							"origin": [-0.29837, 3.14063, 0.1875],
							"size": [0.59674, 0.25, 1],
							"uv": {
								"north": {"uv": [0, 0], "uv_size": [1, 1]},
								"east": {"uv": [0, 0], "uv_size": [1, 1]},
								"south": {"uv": [0, 0], "uv_size": [1, 1]},
								"west": {"uv": [0, 0], "uv_size": [1, 1]},
								"up": {"uv": [1, 1], "uv_size": [-1, -1]},
								"down": {"uv": [1, 1], "uv_size": [-1, -1]}
							}
						},
						{
							"origin": [-0.29837, 3.14063, 0.1875],
							"size": [0.59674, 0.25, 1],
							"pivot": [0, 1.89063, 0.6875],
							"rotation": [0, 0, 22.5],
							"uv": {
								"north": {"uv": [0, 0], "uv_size": [1, 1]},
								"east": {"uv": [0, 0], "uv_size": [1, 1]},
								"south": {"uv": [0, 0], "uv_size": [1, 1]},
								"west": {"uv": [0, 0], "uv_size": [1, 1]},
								"up": {"uv": [1, 1], "uv_size": [-1, -1]},
								"down": {"uv": [1, 1], "uv_size": [-1, -1]}
							}
						},
						{
							"origin": [-0.29837, 3.14063, 0.1875],
							"size": [0.59674, 0.25, 1],
							"pivot": [0, 1.89063, 0.6875],
							"rotation": [0, 0, 45],
							"uv": {
								"north": {"uv": [0, 0], "uv_size": [1, 1]},
								"east": {"uv": [0, 0], "uv_size": [1, 1]},
								"south": {"uv": [0, 0], "uv_size": [1, 1]},
								"west": {"uv": [0, 0], "uv_size": [1, 1]},
								"up": {"uv": [1, 1], "uv_size": [-1, -1]},
								"down": {"uv": [1, 1], "uv_size": [-1, -1]}
							}
						},
						{
							"origin": [1.25, 1.59226, 0.1875],
							"size": [0.25, 0.59674, 1],
							"pivot": [0, 1.89063, 0.6875],
							"rotation": [0, 0, -22.5],
							"uv": {
								"north": {"uv": [0, 0], "uv_size": [1, 1]},
								"east": {"uv": [0, 0], "uv_size": [1, 1]},
								"south": {"uv": [0, 0], "uv_size": [1, 1]},
								"west": {"uv": [0, 0], "uv_size": [1, 1]},
								"up": {"uv": [1, 1], "uv_size": [-1, -1]},
								"down": {"uv": [1, 1], "uv_size": [-1, -1]}
							}
						},
						{
							"origin": [1.25, 1.59226, 0.1875],
							"size": [0.25, 0.59674, 1],
							"uv": {
								"north": {"uv": [0, 0], "uv_size": [1, 1]},
								"east": {"uv": [0, 0], "uv_size": [1, 1]},
								"south": {"uv": [0, 0], "uv_size": [1, 1]},
								"west": {"uv": [0, 0], "uv_size": [1, 1]},
								"up": {"uv": [1, 1], "uv_size": [-1, -1]},
								"down": {"uv": [1, 1], "uv_size": [-1, -1]}
							}
						},
						{
							"origin": [1.25, 1.59226, 0.1875],
							"size": [0.25, 0.59674, 1],
							"pivot": [0, 1.89063, 0.6875],
							"rotation": [0, 0, 22.5],
							"uv": {
								"north": {"uv": [0, 0], "uv_size": [1, 1]},
								"east": {"uv": [0, 0], "uv_size": [1, 1]},
								"south": {"uv": [0, 0], "uv_size": [1, 1]},
								"west": {"uv": [0, 0], "uv_size": [1, 1]},
								"up": {"uv": [1, 1], "uv_size": [-1, -1]},
								"down": {"uv": [1, 1], "uv_size": [-1, -1]}
							}
						},
						{
							"origin": [-1.5, 1.59226, 0.1875],
							"size": [0.25, 0.59674, 1],
							"pivot": [0, 1.89063, 0.6875],
							"rotation": [0, 0, -22.5],
							"uv": {
								"north": {"uv": [0, 0], "uv_size": [1, 1]},
								"east": {"uv": [0, 0], "uv_size": [1, 1]},
								"south": {"uv": [0, 0], "uv_size": [1, 1]},
								"west": {"uv": [0, 0], "uv_size": [1, 1]},
								"up": {"uv": [1, 1], "uv_size": [-1, -1]},
								"down": {"uv": [1, 1], "uv_size": [-1, -1]}
							}
						},
						{
							"origin": [-1.5, 1.59226, 0.1875],
							"size": [0.25, 0.59674, 1],
							"uv": {
								"north": {"uv": [0, 0], "uv_size": [1, 1]},
								"east": {"uv": [0, 0], "uv_size": [1, 1]},
								"south": {"uv": [0, 0], "uv_size": [1, 1]},
								"west": {"uv": [0, 0], "uv_size": [1, 1]},
								"up": {"uv": [1, 1], "uv_size": [-1, -1]},
								"down": {"uv": [1, 1], "uv_size": [-1, -1]}
							}
						},
						{
							"origin": [-1.5, 1.59226, 0.1875],
							"size": [0.25, 0.59674, 1],
							"pivot": [0, 1.89063, 0.6875],
							"rotation": [0, 0, 22.5],
							"uv": {
								"north": {"uv": [0, 0], "uv_size": [1, 1]},
								"east": {"uv": [0, 0], "uv_size": [1, 1]},
								"south": {"uv": [0, 0], "uv_size": [1, 1]},
								"west": {"uv": [0, 0], "uv_size": [1, 1]},
								"up": {"uv": [1, 1], "uv_size": [-1, -1]},
								"down": {"uv": [1, 1], "uv_size": [-1, -1]}
							}
						}
					]
				},
				{
					"name": "aaaaa",
					"parent": "scope_body",
					"pivot": [0, 1.82813, 5],
					"cubes": [
						{
							"origin": [-0.31826, 0.22813, 4.5],
							"size": [0.63652, 0.5, 1],
							"pivot": [0, 1.82813, 5],
							"rotation": [0, 0, -45],
							"uv": {
								"north": {"uv": [0, 0], "uv_size": [1, 1]},
								"east": {"uv": [0, 0], "uv_size": [1, 1]},
								"south": {"uv": [0, 0], "uv_size": [1, 1]},
								"west": {"uv": [0, 0], "uv_size": [1, 1]},
								"up": {"uv": [1, 1], "uv_size": [-1, -1]},
								"down": {"uv": [1, 1], "uv_size": [-1, -1]}
							}
						},
						{
							"origin": [-0.31826, 0.22813, 4.5],
							"size": [0.63652, 0.5, 1],
							"pivot": [0, 1.82813, 5],
							"rotation": [0, 0, -22.5],
							"uv": {
								"north": {"uv": [0, 0], "uv_size": [1, 1]},
								"east": {"uv": [0, 0], "uv_size": [1, 1]},
								"south": {"uv": [0, 0], "uv_size": [1, 1]},
								"west": {"uv": [0, 0], "uv_size": [1, 1]},
								"up": {"uv": [1, 1], "uv_size": [-1, -1]},
								"down": {"uv": [1, 1], "uv_size": [-1, -1]}
							}
						},
						{
							"origin": [-0.31826, 0.22813, 4.5],
							"size": [0.63652, 0.5, 1],
							"uv": {
								"north": {"uv": [0, 0], "uv_size": [1, 1]},
								"east": {"uv": [0, 0], "uv_size": [1, 1]},
								"south": {"uv": [0, 0], "uv_size": [1, 1]},
								"west": {"uv": [0, 0], "uv_size": [1, 1]},
								"up": {"uv": [1, 1], "uv_size": [-1, -1]},
								"down": {"uv": [1, 1], "uv_size": [-1, -1]}
							}
						},
						{
							"origin": [-0.31826, 0.22813, 4.5],
							"size": [0.63652, 0.5, 1],
							"pivot": [0, 1.82813, 5],
							"rotation": [0, 0, 22.5],
							"uv": {
								"north": {"uv": [0, 0], "uv_size": [1, 1]},
								"east": {"uv": [0, 0], "uv_size": [1, 1]},
								"south": {"uv": [0, 0], "uv_size": [1, 1]},
								"west": {"uv": [0, 0], "uv_size": [1, 1]},
								"up": {"uv": [1, 1], "uv_size": [-1, -1]},
								"down": {"uv": [1, 1], "uv_size": [-1, -1]}
							}
						},
						{
							"origin": [-0.31826, 0.22813, 4.5],
							"size": [0.63652, 0.5, 1],
							"pivot": [0, 1.82813, 5],
							"rotation": [0, 0, 45],
							"uv": {
								"north": {"uv": [0, 0], "uv_size": [1, 1]},
								"east": {"uv": [0, 0], "uv_size": [1, 1]},
								"south": {"uv": [0, 0], "uv_size": [1, 1]},
								"west": {"uv": [0, 0], "uv_size": [1, 1]},
								"up": {"uv": [1, 1], "uv_size": [-1, -1]},
								"down": {"uv": [1, 1], "uv_size": [-1, -1]}
							}
						},
						{
							"origin": [-0.31826, 2.92813, 4.5],
							"size": [0.63652, 0.5, 1],
							"pivot": [0, 1.82813, 5],
							"rotation": [0, 0, -45],
							"uv": {
								"north": {"uv": [0, 0], "uv_size": [1, 1]},
								"east": {"uv": [0, 0], "uv_size": [1, 1]},
								"south": {"uv": [0, 0], "uv_size": [1, 1]},
								"west": {"uv": [0, 0], "uv_size": [1, 1]},
								"up": {"uv": [1, 1], "uv_size": [-1, -1]},
								"down": {"uv": [1, 1], "uv_size": [-1, -1]}
							}
						},
						{
							"origin": [-0.31826, 2.92813, 4.5],
							"size": [0.63652, 0.5, 1],
							"pivot": [0, 1.82813, 5],
							"rotation": [0, 0, -22.5],
							"uv": {
								"north": {"uv": [0, 0], "uv_size": [1, 1]},
								"east": {"uv": [0, 0], "uv_size": [1, 1]},
								"south": {"uv": [0, 0], "uv_size": [1, 1]},
								"west": {"uv": [0, 0], "uv_size": [1, 1]},
								"up": {"uv": [1, 1], "uv_size": [-1, -1]},
								"down": {"uv": [1, 1], "uv_size": [-1, -1]}
							}
						},
						{
							"origin": [-0.31826, 2.92813, 4.5],
							"size": [0.63652, 0.5, 1],
							"uv": {
								"north": {"uv": [0, 0], "uv_size": [1, 1]},
								"east": {"uv": [0, 0], "uv_size": [1, 1]},
								"south": {"uv": [0, 0], "uv_size": [1, 1]},
								"west": {"uv": [0, 0], "uv_size": [1, 1]},
								"up": {"uv": [1, 1], "uv_size": [-1, -1]},
								"down": {"uv": [1, 1], "uv_size": [-1, -1]}
							}
						},
						{
							"origin": [-0.31826, 2.92813, 4.5],
							"size": [0.63652, 0.5, 1],
							"pivot": [0, 1.82813, 5],
							"rotation": [0, 0, 22.5],
							"uv": {
								"north": {"uv": [0, 0], "uv_size": [1, 1]},
								"east": {"uv": [0, 0], "uv_size": [1, 1]},
								"south": {"uv": [0, 0], "uv_size": [1, 1]},
								"west": {"uv": [0, 0], "uv_size": [1, 1]},
								"up": {"uv": [1, 1], "uv_size": [-1, -1]},
								"down": {"uv": [1, 1], "uv_size": [-1, -1]}
							}
						},
						{
							"origin": [-0.31826, 2.92813, 4.5],
							"size": [0.63652, 0.5, 1],
							"pivot": [0, 1.82813, 5],
							"rotation": [0, 0, 45],
							"uv": {
								"north": {"uv": [0, 0], "uv_size": [1, 1]},
								"east": {"uv": [0, 0], "uv_size": [1, 1]},
								"south": {"uv": [0, 0], "uv_size": [1, 1]},
								"west": {"uv": [0, 0], "uv_size": [1, 1]},
								"up": {"uv": [1, 1], "uv_size": [-1, -1]},
								"down": {"uv": [1, 1], "uv_size": [-1, -1]}
							}
						},
						{
							"origin": [1.1, 1.50987, 4.5],
							"size": [0.5, 0.63652, 1],
							"pivot": [0, 1.82813, 5],
							"rotation": [0, 0, -22.5],
							"uv": {
								"north": {"uv": [0, 0], "uv_size": [1, 1]},
								"east": {"uv": [0, 0], "uv_size": [1, 1]},
								"south": {"uv": [0, 0], "uv_size": [1, 1]},
								"west": {"uv": [0, 0], "uv_size": [1, 1]},
								"up": {"uv": [1, 1], "uv_size": [-1, -1]},
								"down": {"uv": [1, 1], "uv_size": [-1, -1]}
							}
						},
						{
							"origin": [1.1, 1.50987, 4.5],
							"size": [0.5, 0.63652, 1],
							"uv": {
								"north": {"uv": [0, 0], "uv_size": [1, 1]},
								"east": {"uv": [0, 0], "uv_size": [1, 1]},
								"south": {"uv": [0, 0], "uv_size": [1, 1]},
								"west": {"uv": [0, 0], "uv_size": [1, 1]},
								"up": {"uv": [1, 1], "uv_size": [-1, -1]},
								"down": {"uv": [1, 1], "uv_size": [-1, -1]}
							}
						},
						{
							"origin": [1.1, 1.50987, 4.5],
							"size": [0.5, 0.63652, 1],
							"pivot": [0, 1.82813, 5],
							"rotation": [0, 0, 22.5],
							"uv": {
								"north": {"uv": [0, 0], "uv_size": [1, 1]},
								"east": {"uv": [0, 0], "uv_size": [1, 1]},
								"south": {"uv": [0, 0], "uv_size": [1, 1]},
								"west": {"uv": [0, 0], "uv_size": [1, 1]},
								"up": {"uv": [1, 1], "uv_size": [-1, -1]},
								"down": {"uv": [1, 1], "uv_size": [-1, -1]}
							}
						},
						{
							"origin": [-1.6, 1.50987, 4.5],
							"size": [0.5, 0.63652, 1],
							"pivot": [0, 1.82813, 5],
							"rotation": [0, 0, -22.5],
							"uv": {
								"north": {"uv": [0, 0], "uv_size": [1, 1]},
								"east": {"uv": [0, 0], "uv_size": [1, 1]},
								"south": {"uv": [0, 0], "uv_size": [1, 1]},
								"west": {"uv": [0, 0], "uv_size": [1, 1]},
								"up": {"uv": [1, 1], "uv_size": [-1, -1]},
								"down": {"uv": [1, 1], "uv_size": [-1, -1]}
							}
						},
						{
							"origin": [-1.6, 1.50987, 4.5],
							"size": [0.5, 0.63652, 1],
							"uv": {
								"north": {"uv": [0, 0], "uv_size": [1, 1]},
								"east": {"uv": [0, 0], "uv_size": [1, 1]},
								"south": {"uv": [0, 0], "uv_size": [1, 1]},
								"west": {"uv": [0, 0], "uv_size": [1, 1]},
								"up": {"uv": [1, 1], "uv_size": [-1, -1]},
								"down": {"uv": [1, 1], "uv_size": [-1, -1]}
							}
						},
						{
							"origin": [-1.6, 1.50987, 4.5],
							"size": [0.5, 0.63652, 1],
							"pivot": [0, 1.82813, 5],
							"rotation": [0, 0, 22.5],
							"uv": {
								"north": {"uv": [0, 0], "uv_size": [1, 1]},
								"east": {"uv": [0, 0], "uv_size": [1, 1]},
								"south": {"uv": [0, 0], "uv_size": [1, 1]},
								"west": {"uv": [0, 0], "uv_size": [1, 1]},
								"up": {"uv": [1, 1], "uv_size": [-1, -1]},
								"down": {"uv": [1, 1], "uv_size": [-1, -1]}
							}
						}
					]
				},
				{
					"name": "scope_view",
					"pivot": [0, 1.82813, 11.9]
				}
			]
		}
	]
}