{
	"format_version": "1.12.0",
	"minecraft:geometry": [
		{
			"description": {
				"identifier": "geometry.unknown",
				"texture_width": 32,
				"texture_height": 32,
				"visible_bounds_width": 2,
				"visible_bounds_height": 2.5,
				"visible_bounds_offset": [0, 0.75, 0]
			},
			"bones": [
				{
					"name": "bone3",
					"pivot": [1.17907, 0.05345, 0.40625],
					"rotation": [0, -90, -90]
				},
				{
					"name": "bone",
					"parent": "bone3",
					"pivot": [1.17907, 0.05345, 0.40625],
					"cubes": [
						{
							"origin": [-1.32093, -0.69655, -0.59375],
							"size": [4.5, 3, 2],
							"uv": {
								"north": {"uv": [0, 0], "uv_size": [5, 3]},
								"east": {"uv": [4, 6], "uv_size": [2, 3]},
								"south": {"uv": [0, 3], "uv_size": [5, 3]},
								"west": {"uv": [6, 6], "uv_size": [2, 3]},
								"up": {"uv": [5, 0], "uv_size": [5, 2]},
								"down": {"uv": [5, 4], "uv_size": [5, -2]}
							}
						},
						{
							"origin": [3.17907, -0.65734, 0.23836],
							"size": [0.125, 0.75, 0.75],
							"pivot": [3.30407, 0.21766, 1.11336],
							"rotation": [-45, 0, 0],
							"uv": {
								"north": {"uv": [8, 10], "uv_size": [1, 1]},
								"east": {"uv": [9, 10], "uv_size": [1, 1]},
								"south": {"uv": [10, 10], "uv_size": [1, 1]},
								"west": {"uv": [0, 11], "uv_size": [1, 1]},
								"up": {"uv": [11, 0], "uv_size": [1, 1]},
								"down": {"uv": [1, 12], "uv_size": [1, -1]}
							}
						},
						{
							"origin": [-0.32093, 1.59266, 0.23836],
							"size": [0.125, 0.75, 0.75],
							"pivot": [-0.19593, 2.46766, 1.11336],
							"rotation": [-45, 0, -90],
							"uv": {
								"north": {"uv": [13, 16], "uv_size": [1, 1]},
								"east": {"uv": [16, 13], "uv_size": [1, 1]},
								"south": {"uv": [14, 16], "uv_size": [1, 1]},
								"west": {"uv": [16, 14], "uv_size": [1, 1]},
								"up": {"uv": [15, 16], "uv_size": [1, 1]},
								"down": {"uv": [16, 16], "uv_size": [1, -1]}
							}
						},
						{
							"origin": [-0.32093, 1.40516, -1.51164],
							"size": [0.1875, 0.75, 0.75],
							"pivot": [-0.19593, 2.28016, -0.63664],
							"rotation": [0, 90, -45],
							"uv": {
								"north": {"uv": [16, 16], "uv_size": [1, 1]},
								"east": {"uv": [0, 17], "uv_size": [1, 1]},
								"south": {"uv": [17, 0], "uv_size": [1, 1]},
								"west": {"uv": [1, 17], "uv_size": [1, 1]},
								"up": {"uv": [17, 1], "uv_size": [1, 1]},
								"down": {"uv": [2, 18], "uv_size": [1, -1]}
							}
						},
						{
							"origin": [-0.32093, -0.03234, -1.51164],
							"size": [0.4375, 0.75, 0.75],
							"pivot": [-0.19593, 0.84266, -0.63664],
							"rotation": [0, 90, -45],
							"uv": {
								"north": {"uv": [17, 2], "uv_size": [1, 1]},
								"east": {"uv": [3, 17], "uv_size": [1, 1]},
								"south": {"uv": [17, 3], "uv_size": [1, 1]},
								"west": {"uv": [4, 17], "uv_size": [1, 1]},
								"up": {"uv": [17, 4], "uv_size": [1, 1]},
								"down": {"uv": [5, 18], "uv_size": [1, -1]}
							}
						},
						{
							"origin": [-1.44593, 0.03016, 0.61336],
							"size": [0.125, 0.25, 0.25],
							"pivot": [-1.32093, 0.90516, 1.48836],
							"rotation": [-45, 0, 0],
							"uv": {
								"north": {"uv": [10, 16], "uv_size": [1, 1]},
								"east": {"uv": [16, 10], "uv_size": [1, 1]},
								"south": {"uv": [11, 16], "uv_size": [1, 1]},
								"west": {"uv": [16, 11], "uv_size": [1, 1]},
								"up": {"uv": [12, 16], "uv_size": [1, 1]},
								"down": {"uv": [16, 13], "uv_size": [1, -1]}
							}
						}
					]
				},
				{
					"name": "bone2",
					"parent": "bone",
					"pivot": [1.17907, 0.05987, 1.6498],
					"cubes": [
						{
							"origin": [-1.07093, 0.05345, 1.40625],
							"size": [4, 1.6, 0.25],
							"uv": {
								"north": {"uv": [5, 4], "uv_size": [4, 2]},
								"east": {"uv": [10, 0], "uv_size": [1, 2]},
								"south": {"uv": [0, 6], "uv_size": [4, 2]},
								"west": {"uv": [10, 2], "uv_size": [1, 2]},
								"up": {"uv": [0, 8], "uv_size": [4, 1]},
								"down": {"uv": [8, 7], "uv_size": [4, -1]}
							}
						},
						{
							"origin": [-1.07093, 1.48312, 1.48212],
							"size": [4, 0.3535, 0.33535],
							"pivot": [1.17907, 1.65987, 1.6498],
							"rotation": [-45, 0, 0],
							"uv": {
								"north": {"uv": [8, 7], "uv_size": [4, 1]},
								"east": {"uv": [4, 10], "uv_size": [1, 1]},
								"south": {"uv": [8, 8], "uv_size": [4, 1]},
								"west": {"uv": [5, 10], "uv_size": [1, 1]},
								"up": {"uv": [0, 9], "uv_size": [4, 1]},
								"down": {"uv": [4, 10], "uv_size": [4, -1]}
							}
						},
						{
							"origin": [-1.07093, -0.11688, 1.48212],
							"size": [4, 0.3535, 0.33535],
							"pivot": [1.17907, 0.05987, 1.6498],
							"rotation": [-45, 0, 0],
							"uv": {
								"north": {"uv": [9, 4], "uv_size": [4, 1]},
								"east": {"uv": [6, 10], "uv_size": [1, 1]},
								"south": {"uv": [9, 5], "uv_size": [4, 1]},
								"west": {"uv": [7, 10], "uv_size": [1, 1]},
								"up": {"uv": [8, 9], "uv_size": [4, 1]},
								"down": {"uv": [0, 11], "uv_size": [4, -1]}
							}
						}
					]
				},
				{
					"name": "hexadecagon",
					"parent": "bone3",
					"pivot": [3.17907, 1.55345, 0.40625],
					"cubes": [
						{
							"origin": [3.17907, 1.47588, 0.01625],
							"size": [0.125, 0.15515, 0.78],
							"pivot": [3.17907, 1.55345, 0.40625],
							"rotation": [45, 0, 0],
							"uv": {
								"north": {"uv": [11, 1], "uv_size": [1, 1]},
								"east": {"uv": [2, 11], "uv_size": [1, 1]},
								"south": {"uv": [11, 2], "uv_size": [1, 1]},
								"west": {"uv": [3, 11], "uv_size": [1, 1]},
								"up": {"uv": [11, 3], "uv_size": [1, 1]},
								"down": {"uv": [4, 12], "uv_size": [1, -1]}
							}
						},
						{
							"origin": [3.17907, 1.47588, 0.01625],
							"size": [0.125, 0.15515, 0.78],
							"pivot": [3.17907, 1.55345, 0.40625],
							"rotation": [22.5, 0, 0],
							"uv": {
								"north": {"uv": [5, 11], "uv_size": [1, 1]},
								"east": {"uv": [6, 11], "uv_size": [1, 1]},
								"south": {"uv": [7, 11], "uv_size": [1, 1]},
								"west": {"uv": [8, 11], "uv_size": [1, 1]},
								"up": {"uv": [9, 11], "uv_size": [1, 1]},
								"down": {"uv": [10, 12], "uv_size": [1, -1]}
							}
						},
						{
							"origin": [3.17907, 1.47588, 0.01625],
							"size": [0.125, 0.15515, 0.78],
							"uv": {
								"north": {"uv": [11, 10], "uv_size": [1, 1]},
								"east": {"uv": [11, 11], "uv_size": [1, 1]},
								"south": {"uv": [0, 12], "uv_size": [1, 1]},
								"west": {"uv": [12, 0], "uv_size": [1, 1]},
								"up": {"uv": [1, 12], "uv_size": [1, 1]},
								"down": {"uv": [12, 2], "uv_size": [1, -1]}
							}
						},
						{
							"origin": [3.17907, 1.47588, 0.01625],
							"size": [0.125, 0.15515, 0.78],
							"pivot": [3.17907, 1.55345, 0.40625],
							"rotation": [-22.5, 0, 0],
							"uv": {
								"north": {"uv": [2, 12], "uv_size": [1, 1]},
								"east": {"uv": [12, 2], "uv_size": [1, 1]},
								"south": {"uv": [3, 12], "uv_size": [1, 1]},
								"west": {"uv": [12, 3], "uv_size": [1, 1]},
								"up": {"uv": [4, 12], "uv_size": [1, 1]},
								"down": {"uv": [5, 13], "uv_size": [1, -1]}
							}
						},
						{
							"origin": [3.17907, 1.47588, 0.01625],
							"size": [0.125, 0.15515, 0.78],
							"pivot": [3.17907, 1.55345, 0.40625],
							"rotation": [-45, 0, 0],
							"uv": {
								"north": {"uv": [6, 12], "uv_size": [1, 1]},
								"east": {"uv": [12, 6], "uv_size": [1, 1]},
								"south": {"uv": [7, 12], "uv_size": [1, 1]},
								"west": {"uv": [12, 7], "uv_size": [1, 1]},
								"up": {"uv": [8, 12], "uv_size": [1, 1]},
								"down": {"uv": [12, 9], "uv_size": [1, -1]}
							}
						},
						{
							"origin": [3.17907, 1.16345, 0.32867],
							"size": [0.125, 0.78, 0.15515],
							"pivot": [3.17907, 1.55345, 0.40625],
							"rotation": [22.5, 0, 0],
							"uv": {
								"north": {"uv": [9, 12], "uv_size": [1, 1]},
								"east": {"uv": [12, 9], "uv_size": [1, 1]},
								"south": {"uv": [10, 12], "uv_size": [1, 1]},
								"west": {"uv": [12, 10], "uv_size": [1, 1]},
								"up": {"uv": [11, 12], "uv_size": [1, 1]},
								"down": {"uv": [12, 12], "uv_size": [1, -1]}
							}
						},
						{
							"origin": [3.17907, 1.16345, 0.32867],
							"size": [0.125, 0.78, 0.15515],
							"uv": {
								"north": {"uv": [12, 12], "uv_size": [1, 1]},
								"east": {"uv": [0, 13], "uv_size": [1, 1]},
								"south": {"uv": [13, 0], "uv_size": [1, 1]},
								"west": {"uv": [1, 13], "uv_size": [1, 1]},
								"up": {"uv": [13, 1], "uv_size": [1, 1]},
								"down": {"uv": [2, 14], "uv_size": [1, -1]}
							}
						},
						{
							"origin": [3.17907, 1.16345, 0.32867],
							"size": [0.125, 0.78, 0.15515],
							"pivot": [3.17907, 1.55345, 0.40625],
							"rotation": [-22.5, 0, 0],
							"uv": {
								"north": {"uv": [13, 2], "uv_size": [1, 1]},
								"east": {"uv": [3, 13], "uv_size": [1, 1]},
								"south": {"uv": [13, 3], "uv_size": [1, 1]},
								"west": {"uv": [4, 13], "uv_size": [1, 1]},
								"up": {"uv": [13, 4], "uv_size": [1, 1]},
								"down": {"uv": [5, 14], "uv_size": [1, -1]}
							}
						}
					]
				},
				{
					"name": "hexadecagon2",
					"parent": "bone3",
					"pivot": [-1.44593, 1.55345, 0.40625],
					"cubes": [
						{
							"origin": [-1.69593, 1.47588, 0.01625],
							"size": [0.375, 0.15515, 0.78],
							"pivot": [-1.44593, 1.55345, 0.40625],
							"rotation": [45, 0, 0],
							"uv": {
								"north": {"uv": [13, 5], "uv_size": [1, 1]},
								"east": {"uv": [6, 13], "uv_size": [1, 1]},
								"south": {"uv": [13, 6], "uv_size": [1, 1]},
								"west": {"uv": [7, 13], "uv_size": [1, 1]},
								"up": {"uv": [13, 7], "uv_size": [1, 1]},
								"down": {"uv": [8, 14], "uv_size": [1, -1]}
							}
						},
						{
							"origin": [-1.69593, 1.47588, 0.01625],
							"size": [0.375, 0.15515, 0.78],
							"pivot": [-1.44593, 1.55345, 0.40625],
							"rotation": [22.5, 0, 0],
							"uv": {
								"north": {"uv": [13, 8], "uv_size": [1, 1]},
								"east": {"uv": [9, 13], "uv_size": [1, 1]},
								"south": {"uv": [13, 9], "uv_size": [1, 1]},
								"west": {"uv": [10, 13], "uv_size": [1, 1]},
								"up": {"uv": [13, 10], "uv_size": [1, 1]},
								"down": {"uv": [11, 14], "uv_size": [1, -1]}
							}
						},
						{
							"origin": [-1.69593, 1.47588, 0.01625],
							"size": [0.375, 0.15515, 0.78],
							"uv": {
								"north": {"uv": [13, 11], "uv_size": [1, 1]},
								"east": {"uv": [12, 13], "uv_size": [1, 1]},
								"south": {"uv": [13, 12], "uv_size": [1, 1]},
								"west": {"uv": [13, 13], "uv_size": [1, 1]},
								"up": {"uv": [0, 14], "uv_size": [1, 1]},
								"down": {"uv": [14, 1], "uv_size": [1, -1]}
							}
						},
						{
							"origin": [-1.69593, 1.47588, 0.01625],
							"size": [0.375, 0.15515, 0.78],
							"pivot": [-1.44593, 1.55345, 0.40625],
							"rotation": [-22.5, 0, 0],
							"uv": {
								"north": {"uv": [1, 14], "uv_size": [1, 1]},
								"east": {"uv": [14, 1], "uv_size": [1, 1]},
								"south": {"uv": [2, 14], "uv_size": [1, 1]},
								"west": {"uv": [14, 2], "uv_size": [1, 1]},
								"up": {"uv": [3, 14], "uv_size": [1, 1]},
								"down": {"uv": [14, 4], "uv_size": [1, -1]}
							}
						},
						{
							"origin": [-1.69593, 1.47588, 0.01625],
							"size": [0.375, 0.15515, 0.78],
							"pivot": [-1.44593, 1.55345, 0.40625],
							"rotation": [-45, 0, 0],
							"uv": {
								"north": {"uv": [4, 14], "uv_size": [1, 1]},
								"east": {"uv": [14, 4], "uv_size": [1, 1]},
								"south": {"uv": [5, 14], "uv_size": [1, 1]},
								"west": {"uv": [14, 5], "uv_size": [1, 1]},
								"up": {"uv": [6, 14], "uv_size": [1, 1]},
								"down": {"uv": [14, 7], "uv_size": [1, -1]}
							}
						},
						{
							"origin": [-1.69593, 1.16345, 0.32867],
							"size": [0.375, 0.78, 0.15515],
							"pivot": [-1.44593, 1.55345, 0.40625],
							"rotation": [22.5, 0, 0],
							"uv": {
								"north": {"uv": [7, 14], "uv_size": [1, 1]},
								"east": {"uv": [14, 7], "uv_size": [1, 1]},
								"south": {"uv": [8, 14], "uv_size": [1, 1]},
								"west": {"uv": [14, 8], "uv_size": [1, 1]},
								"up": {"uv": [9, 14], "uv_size": [1, 1]},
								"down": {"uv": [14, 10], "uv_size": [1, -1]}
							}
						},
						{
							"origin": [-1.69593, 1.16345, 0.32867],
							"size": [0.375, 0.78, 0.15515],
							"uv": {
								"north": {"uv": [10, 14], "uv_size": [1, 1]},
								"east": {"uv": [14, 10], "uv_size": [1, 1]},
								"south": {"uv": [11, 14], "uv_size": [1, 1]},
								"west": {"uv": [14, 11], "uv_size": [1, 1]},
								"up": {"uv": [12, 14], "uv_size": [1, 1]},
								"down": {"uv": [14, 13], "uv_size": [1, -1]}
							}
						},
						{
							"origin": [-1.69593, 1.16345, 0.32867],
							"size": [0.375, 0.78, 0.15515],
							"pivot": [-1.44593, 1.55345, 0.40625],
							"rotation": [-22.5, 0, 0],
							"uv": {
								"north": {"uv": [13, 14], "uv_size": [1, 1]},
								"east": {"uv": [14, 13], "uv_size": [1, 1]},
								"south": {"uv": [14, 14], "uv_size": [1, 1]},
								"west": {"uv": [0, 15], "uv_size": [1, 1]},
								"up": {"uv": [15, 0], "uv_size": [1, 1]},
								"down": {"uv": [1, 16], "uv_size": [1, -1]}
							}
						}
					]
				},
				{
					"name": "hexadecagon3",
					"parent": "bone3",
					"pivot": [-1.44593, 0.17845, 0.40625],
					"cubes": [
						{
							"origin": [-2.07093, 0.10088, 0.01625],
							"size": [0.75, 0.15515, 0.78],
							"pivot": [-1.44593, 0.17845, 0.40625],
							"rotation": [45, 0, 0],
							"uv": {
								"north": {"uv": [15, 1], "uv_size": [1, 1]},
								"east": {"uv": [2, 15], "uv_size": [1, 1]},
								"south": {"uv": [15, 2], "uv_size": [1, 1]},
								"west": {"uv": [3, 15], "uv_size": [1, 1]},
								"up": {"uv": [15, 3], "uv_size": [1, 1]},
								"down": {"uv": [4, 16], "uv_size": [1, -1]}
							}
						},
						{
							"origin": [-2.07093, 0.10088, 0.01625],
							"size": [0.75, 0.15515, 0.78],
							"pivot": [-1.44593, 0.17845, 0.40625],
							"rotation": [22.5, 0, 0],
							"uv": {
								"north": {"uv": [15, 4], "uv_size": [1, 1]},
								"east": {"uv": [5, 15], "uv_size": [1, 1]},
								"south": {"uv": [15, 5], "uv_size": [1, 1]},
								"west": {"uv": [6, 15], "uv_size": [1, 1]},
								"up": {"uv": [15, 6], "uv_size": [1, 1]},
								"down": {"uv": [7, 16], "uv_size": [1, -1]}
							}
						},
						{
							"origin": [-2.07093, 0.10088, 0.01625],
							"size": [0.75, 0.15515, 0.78],
							"uv": {
								"north": {"uv": [15, 7], "uv_size": [1, 1]},
								"east": {"uv": [8, 15], "uv_size": [1, 1]},
								"south": {"uv": [15, 8], "uv_size": [1, 1]},
								"west": {"uv": [9, 15], "uv_size": [1, 1]},
								"up": {"uv": [15, 9], "uv_size": [1, 1]},
								"down": {"uv": [10, 16], "uv_size": [1, -1]}
							}
						},
						{
							"origin": [-2.07093, 0.10088, 0.01625],
							"size": [0.75, 0.15515, 0.78],
							"pivot": [-1.44593, 0.17845, 0.40625],
							"rotation": [-22.5, 0, 0],
							"uv": {
								"north": {"uv": [15, 10], "uv_size": [1, 1]},
								"east": {"uv": [11, 15], "uv_size": [1, 1]},
								"south": {"uv": [15, 11], "uv_size": [1, 1]},
								"west": {"uv": [12, 15], "uv_size": [1, 1]},
								"up": {"uv": [15, 12], "uv_size": [1, 1]},
								"down": {"uv": [13, 16], "uv_size": [1, -1]}
							}
						},
						{
							"origin": [-2.07093, 0.10088, 0.01625],
							"size": [0.75, 0.15515, 0.78],
							"pivot": [-1.44593, 0.17845, 0.40625],
							"rotation": [-45, 0, 0],
							"uv": {
								"north": {"uv": [15, 13], "uv_size": [1, 1]},
								"east": {"uv": [14, 15], "uv_size": [1, 1]},
								"south": {"uv": [15, 14], "uv_size": [1, 1]},
								"west": {"uv": [15, 15], "uv_size": [1, 1]},
								"up": {"uv": [0, 16], "uv_size": [1, 1]},
								"down": {"uv": [16, 1], "uv_size": [1, -1]}
							}
						},
						{
							"origin": [-2.07093, -0.21155, 0.32867],
							"size": [0.75, 0.78, 0.15515],
							"pivot": [-1.44593, 0.17845, 0.40625],
							"rotation": [22.5, 0, 0],
							"uv": {
								"north": {"uv": [1, 16], "uv_size": [1, 1]},
								"east": {"uv": [16, 1], "uv_size": [1, 1]},
								"south": {"uv": [2, 16], "uv_size": [1, 1]},
								"west": {"uv": [16, 2], "uv_size": [1, 1]},
								"up": {"uv": [3, 16], "uv_size": [1, 1]},
								"down": {"uv": [16, 4], "uv_size": [1, -1]}
							}
						},
						{
							"origin": [-2.07093, -0.21155, 0.32867],
							"size": [0.75, 0.78, 0.15515],
							"uv": {
								"north": {"uv": [4, 16], "uv_size": [1, 1]},
								"east": {"uv": [16, 4], "uv_size": [1, 1]},
								"south": {"uv": [5, 16], "uv_size": [1, 1]},
								"west": {"uv": [16, 5], "uv_size": [1, 1]},
								"up": {"uv": [6, 16], "uv_size": [1, 1]},
								"down": {"uv": [16, 7], "uv_size": [1, -1]}
							}
						},
						{
							"origin": [-2.07093, -0.21155, 0.32867],
							"size": [0.75, 0.78, 0.15515],
							"pivot": [-1.44593, 0.17845, 0.40625],
							"rotation": [-22.5, 0, 0],
							"uv": {
								"north": {"uv": [7, 16], "uv_size": [1, 1]},
								"east": {"uv": [16, 7], "uv_size": [1, 1]},
								"south": {"uv": [8, 16], "uv_size": [1, 1]},
								"west": {"uv": [16, 8], "uv_size": [1, 1]},
								"up": {"uv": [9, 16], "uv_size": [1, 1]},
								"down": {"uv": [16, 10], "uv_size": [1, -1]}
							}
						}
					]
				}
			]
		}
	]
}