{
	"format_version": "1.12.0",
	"minecraft:geometry": [
		{
			"description": {
				"identifier": "geometry.scope_standard_8x - Converted",
				"texture_width": 512,
				"texture_height": 256,
				"visible_bounds_width": 29,
				"visible_bounds_height": 12,
				"visible_bounds_offset": [0, 2, 0]
			},
			"bones": [
				{
					"name": "scope_body",
					"pivot": [0, 0.575, 0.875]
				},
				{
					"name": "ads_hide",
					"parent": "scope_body",
					"pivot": [0, 0.575, 0.875]
				},
				{
					"name": "mount_hide",
					"parent": "ads_hide",
					"pivot": [0, 0.575, 0.875]
				},
				{
					"name": "octagon2",
					"parent": "mount_hide",
					"pivot": [0, 0.575, 1.875],
					"cubes": [
						{
							"origin": [-0.33655, 1.0125, -1.725],
							"size": [0.6731, 0.125, 2.75],
							"pivot": [0, 1.825, -1.475],
							"rotation": [0, 0, 45],
							"uv": {
								"north": {"uv": [110, 4], "uv_size": [1, 1]},
								"south": {"uv": [110, 8], "uv_size": [1, 1]},
								"down": {"uv": [76, 104], "uv_size": [1, -2]}
							}
						},
						{
							"origin": [-0.33655, 2.5125, -1.725],
							"size": [0.6731, 0.125, 2.75],
							"pivot": [0, 1.825, -1.475],
							"rotation": [0, 0, 45],
							"uv": {
								"north": {"uv": [110, 12], "uv_size": [1, 1]},
								"south": {"uv": [110, 16], "uv_size": [1, 1]},
								"up": {"uv": [90, 102], "uv_size": [1, 2]}
							}
						},
						{
							"origin": [-0.33655, 2.5125, -1.725],
							"size": [0.6731, 0.125, 2.75],
							"uv": {
								"north": {"uv": [110, 20], "uv_size": [1, 1]},
								"south": {"uv": [110, 28], "uv_size": [1, 1]},
								"up": {"uv": [98, 102], "uv_size": [1, 2]}
							}
						},
						{
							"origin": [0.6875, 1.48845, -1.725],
							"size": [0.125, 0.6731, 2.75],
							"pivot": [0, 1.825, -1.475],
							"rotation": [0, 0, 45],
							"uv": {
								"north": {"uv": [110, 32], "uv_size": [1, 1]},
								"south": {"uv": [36, 110], "uv_size": [1, 1]},
								"west": {"uv": [102, 102], "uv_size": [2, 1]}
							}
						},
						{
							"origin": [-0.8125, 1.48845, -1.725],
							"size": [0.125, 0.6731, 2.75],
							"uv": {
								"north": {"uv": [110, 36], "uv_size": [1, 1]},
								"east": {"uv": [0, 104], "uv_size": [2, 1]},
								"south": {"uv": [110, 40], "uv_size": [1, 1]}
							}
						},
						{
							"origin": [-0.8125, 1.48845, -1.725],
							"size": [0.125, 0.6731, 2.75],
							"pivot": [0, 1.825, -1.475],
							"rotation": [0, 0, 45],
							"uv": {
								"north": {"uv": [110, 48], "uv_size": [1, 1]},
								"east": {"uv": [8, 104], "uv_size": [2, 1]},
								"south": {"uv": [110, 52], "uv_size": [1, 1]}
							}
						},
						{
							"origin": [0.625, 1.48845, -1.725],
							"size": [0.1875, 0.6731, 2.75],
							"uv": {
								"north": {"uv": [74, 110], "uv_size": [1, 1]},
								"south": {"uv": [110, 76], "uv_size": [1, 1]},
								"west": {"uv": [12, 104], "uv_size": [2, 1]},
								"up": {"uv": [16, 104], "uv_size": [1, 2]},
								"down": {"uv": [104, 26], "uv_size": [1, -2]}
							}
						},
						{
							"origin": [-1.25, 0.575, -2.1],
							"size": [0.625, 0.4375, 3.5],
							"uv": {
								"north": {"uv": [26, 104], "uv_size": [2, 1]},
								"east": {"uv": [30, 104], "uv_size": [2, 1]},
								"south": {"uv": [34, 104], "uv_size": [2, 1]},
								"west": {"uv": [44, 104], "uv_size": [2, 1]},
								"up": {"uv": [0, 0], "uv_size": [0, 0]},
								"down": {"uv": [8, 22], "uv_size": [2, -2]}
							}
						},
						{
							"origin": [-1.0625, 0.7, -2.2875],
							"size": [0.25, 0.25, 3.8125],
							"pivot": [-0.9375, 0.825, -0.35],
							"rotation": [0, 0, 45],
							"uv": {
								"north": {"uv": [34.625, 16.5625], "uv_size": [0, 0]},
								"east": {"uv": [34.625, 16.5625], "uv_size": [0, 0]},
								"south": {"uv": [34.625, 16.5625], "uv_size": [0, 0]},
								"west": {"uv": [34.625, 16.5625], "uv_size": [0, 0]},
								"up": {"uv": [34.625, 16.5625], "uv_size": [0, 0]},
								"down": {"uv": [34.625, 16.5625], "uv_size": [0, 0]}
							}
						},
						{
							"origin": [-1.1875, 1.0125, -0.6],
							"size": [0.375, 0.75, 0.5],
							"uv": {
								"north": {"uv": [26, 104], "uv_size": [2, 1]},
								"east": {"uv": [30, 104], "uv_size": [2, 1]},
								"south": {"uv": [34, 104], "uv_size": [2, 1]},
								"west": {"uv": [44, 104], "uv_size": [2, 1]},
								"up": {"uv": [0, 0], "uv_size": [0, 0]},
								"down": {"uv": [8, 22], "uv_size": [2, -2]}
							}
						},
						{
							"origin": [-1.96782, 1.61698, -0.725],
							"size": [0.45313, 0.375, 0.75],
							"pivot": [-1.90532, 0.24198, -0.35],
							"rotation": [-90, 0, 42.5],
							"uv": {
								"north": {"uv": [26, 104], "uv_size": [2, 1]},
								"east": {"uv": [30, 104], "uv_size": [2, 1]},
								"south": {"uv": [34, 104], "uv_size": [2, 1]},
								"west": {"uv": [44, 104], "uv_size": [2, 1]},
								"up": {"uv": [46, 105], "uv_size": [-2, -1]},
								"down": {"uv": [8, 22], "uv_size": [2, -2]}
							}
						},
						{
							"origin": [-2.2316, -1.67583, -0.39687],
							"size": [0.46875, 2.75, 0.79688],
							"pivot": [-1.95035, -0.67583, 0.025],
							"rotation": [90, 0, 2.5],
							"uv": {
								"north": {"uv": [36, 104], "uv_size": [-2, 1]},
								"east": {"uv": [32, 104], "uv_size": [-2, 1]},
								"south": {"uv": [28, 104], "uv_size": [-2, 1]},
								"west": {"uv": [46, 104], "uv_size": [-2, 1]},
								"up": {"uv": [0, 0], "uv_size": [0, 0]},
								"down": {"uv": [8, 20], "uv_size": [2, 2]}
							}
						},
						{
							"origin": [-2.07535, -0.86333, -0.475],
							"size": [0.25, 0.75, 0.125],
							"pivot": [-1.88785, -0.86333, 0.025],
							"rotation": [90, 0, 2.5],
							"uv": {
								"north": {"uv": [36, 104], "uv_size": [-2, 1]},
								"east": {"uv": [32, 104], "uv_size": [-2, 1]},
								"south": {"uv": [28, 104], "uv_size": [-2, 1]},
								"west": {"uv": [46, 104], "uv_size": [-2, 1]},
								"up": {"uv": [0, 0], "uv_size": [0, 0]},
								"down": {"uv": [8, 20], "uv_size": [2, 2]}
							}
						},
						{
							"origin": [-2.05785, -0.08752, -0.49372],
							"size": [0.25, 0.375, 0.125],
							"pivot": [-1.87035, -0.46252, 0.00628],
							"rotation": [147.5, 0, 2.5],
							"uv": {
								"north": {"uv": [36, 104], "uv_size": [-2, 1]},
								"east": {"uv": [32, 104], "uv_size": [-2, 1]},
								"south": {"uv": [28, 104], "uv_size": [-2, 1]},
								"west": {"uv": [46, 104], "uv_size": [-2, 1]},
								"up": {"uv": [0, 0], "uv_size": [0, 0]},
								"down": {"uv": [8, 20], "uv_size": [2, 2]}
							}
						},
						{
							"origin": [-2.05785, -0.02502, -0.33128],
							"size": [0.25, 0.3125, 0.125],
							"pivot": [-1.87035, -0.46252, -0.70628],
							"rotation": [-147.5, 0, 2.5],
							"uv": {
								"north": {"uv": [26, 104], "uv_size": [2, 1]},
								"east": {"uv": [30, 104], "uv_size": [2, 1]},
								"south": {"uv": [34, 104], "uv_size": [2, 1]},
								"west": {"uv": [44, 104], "uv_size": [2, 1]},
								"up": {"uv": [0, 0], "uv_size": [0, 0]},
								"down": {"uv": [8, 22], "uv_size": [2, -2]}
							}
						},
						{
							"origin": [-2.2316, 0.76167, -0.95937],
							"size": [0.59375, 0.375, 1.10938],
							"pivot": [-1.95035, -0.61333, -0.35],
							"rotation": [-90, 0, 2.5],
							"uv": {
								"north": {"uv": [26, 104], "uv_size": [2, 1]},
								"east": {"uv": [30, 104], "uv_size": [2, 1]},
								"south": {"uv": [34, 104], "uv_size": [2, 1]},
								"west": {"uv": [44, 104], "uv_size": [2, 1]},
								"up": {"uv": [46, 105], "uv_size": [-2, -1]},
								"down": {"uv": [8, 22], "uv_size": [2, -2]}
							}
						},
						{
							"origin": [-1.96441, 1.63254, -3.85],
							"size": [0.45313, 0.375, 0.75],
							"pivot": [-1.90191, 0.25754, -3.475],
							"rotation": [-90, 0, 42.5],
							"uv": {
								"north": {"uv": [26, 104], "uv_size": [2, 1]},
								"east": {"uv": [30, 104], "uv_size": [2, 1]},
								"south": {"uv": [34, 104], "uv_size": [2, 1]},
								"west": {"uv": [44, 104], "uv_size": [2, 1]},
								"up": {"uv": [0, 0], "uv_size": [0, 0]},
								"down": {"uv": [8, 22], "uv_size": [2, -2]}
							}
						},
						{
							"origin": [-2.22819, 0.77722, -4.08437],
							"size": [0.59375, 0.375, 1.10938],
							"pivot": [-1.94694, -0.59778, -3.475],
							"rotation": [-90, 0, 2.5],
							"uv": {
								"north": {"uv": [26, 104], "uv_size": [2, 1]},
								"east": {"uv": [30, 104], "uv_size": [2, 1]},
								"south": {"uv": [34, 104], "uv_size": [2, 1]},
								"west": {"uv": [44, 104], "uv_size": [2, 1]},
								"up": {"uv": [0, 0], "uv_size": [0, 0]},
								"down": {"uv": [8, 22], "uv_size": [2, -2]}
							}
						},
						{
							"origin": [-0.625, 0.825, -1.725],
							"size": [1.25, 0.5625, 2.75],
							"uv": {
								"north": {"uv": [26, 104], "uv_size": [2, 1]},
								"east": {"uv": [30, 104], "uv_size": [2, 1]},
								"south": {"uv": [34, 104], "uv_size": [2, 1]},
								"west": {"uv": [44, 104], "uv_size": [2, 1]},
								"down": {"uv": [8, 22], "uv_size": [2, -2]}
							}
						},
						{
							"origin": [0.21385, 0.7, -1.725],
							"size": [0.35938, 0.25, 2.75],
							"pivot": [0.44822, 0.825, -0.35],
							"rotation": [0, 0, -45],
							"uv": {
								"north": {"uv": [26, 104], "uv_size": [2, 1]},
								"east": {"uv": [30, 104], "uv_size": [2, 1]},
								"south": {"uv": [34, 104], "uv_size": [2, 1]},
								"west": {"uv": [44, 104], "uv_size": [2, 1]},
								"down": {"uv": [8, 22], "uv_size": [2, -2]}
							}
						},
						{
							"origin": [-0.625, 0.575, -1.725],
							"size": [1, 0.8125, 2.75],
							"uv": {
								"north": {"uv": [26, 104], "uv_size": [2, 1]},
								"east": {"uv": [30, 104], "uv_size": [2, 1]},
								"south": {"uv": [34, 104], "uv_size": [2, 1]},
								"west": {"uv": [44, 104], "uv_size": [2, 1]},
								"down": {"uv": [8, 22], "uv_size": [2, -2]}
							}
						},
						{
							"origin": [-1.5, 0.3875, -2.1],
							"size": [1.25, 0.4375, 3.5],
							"pivot": [-0.875, -0.1875, 3.5625],
							"rotation": [0, 0, -22.5],
							"uv": {
								"north": {"uv": [26, 104], "uv_size": [2, 1]},
								"east": {"uv": [30, 104], "uv_size": [2, 1]},
								"south": {"uv": [34, 104], "uv_size": [2, 1]},
								"west": {"uv": [44, 104], "uv_size": [2, 1]},
								"up": {"uv": [0, 0], "uv_size": [0, 0]},
								"down": {"uv": [8, 22], "uv_size": [2, -2]}
							}
						},
						{
							"origin": [-1.125, -0.8, -1.225],
							"size": [0.1875, 0.25, 1.75],
							"pivot": [-0.8125, -1.5, 3.5625],
							"rotation": [0, 0, -35],
							"uv": {
								"north": {"uv": [26, 104], "uv_size": [2, 1]},
								"east": {"uv": [30, 104], "uv_size": [2, 1]},
								"south": {"uv": [34, 104], "uv_size": [2, 1]},
								"west": {"uv": [44, 104], "uv_size": [2, 1]},
								"up": {"uv": [0, 0], "uv_size": [0, 0]},
								"down": {"uv": [8, 22], "uv_size": [2, -2]}
							}
						},
						{
							"origin": [-1.125, 0.3875, -1.35],
							"size": [0.875, 0.4375, 0.5],
							"pivot": [-0.875, -0.1875, 2.8125],
							"rotation": [0, 0, -60],
							"uv": {
								"north": {"uv": [26, 104], "uv_size": [2, 1]},
								"east": {"uv": [30, 104], "uv_size": [2, 1]},
								"south": {"uv": [34, 104], "uv_size": [2, 1]},
								"west": {"uv": [44, 104], "uv_size": [2, 1]},
								"down": {"uv": [8, 22], "uv_size": [2, -2]}
							}
						},
						{
							"origin": [-1.4375, 0.075, -1.2875],
							"size": [1.25, 0.4375, 0.375],
							"pivot": [-0.8125, -0.5, 2.8125],
							"rotation": [0, 0, -90],
							"uv": {
								"north": {"uv": [26, 104], "uv_size": [2, 1]},
								"east": {"uv": [30, 104], "uv_size": [2, 1]},
								"south": {"uv": [34, 104], "uv_size": [2, 1]},
								"west": {"uv": [44, 104], "uv_size": [2, 1]},
								"up": {"uv": [0, 0], "uv_size": [0, 0]},
								"down": {"uv": [8, 22], "uv_size": [2, -2]}
							}
						},
						{
							"origin": [-1.125, 0.3875, 0.15],
							"size": [0.875, 0.4375, 0.5],
							"pivot": [-0.875, -0.1875, 4.3125],
							"rotation": [0, 0, -60],
							"uv": {
								"north": {"uv": [26, 104], "uv_size": [2, 1]},
								"east": {"uv": [30, 104], "uv_size": [2, 1]},
								"south": {"uv": [34, 104], "uv_size": [2, 1]},
								"west": {"uv": [44, 104], "uv_size": [2, 1]},
								"up": {"uv": [0, 0], "uv_size": [0, 0]},
								"down": {"uv": [8, 22], "uv_size": [2, -2]}
							}
						},
						{
							"origin": [-1.4375, 0.075, 0.2125],
							"size": [1.25, 0.4375, 0.375],
							"pivot": [-0.8125, -0.5, 4.3125],
							"rotation": [0, 0, -90],
							"uv": {
								"north": {"uv": [26, 104], "uv_size": [2, 1]},
								"east": {"uv": [30, 104], "uv_size": [2, 1]},
								"south": {"uv": [34, 104], "uv_size": [2, 1]},
								"west": {"uv": [44, 104], "uv_size": [2, 1]},
								"up": {"uv": [0, 0], "uv_size": [0, 0]},
								"down": {"uv": [8, 22], "uv_size": [2, -2]}
							}
						}
					]
				},
				{
					"name": "octagon3",
					"parent": "octagon2",
					"pivot": [0, 0.575, 0.875],
					"cubes": [
						{
							"origin": [-0.33655, 1.0125, 1.025],
							"size": [0.6731, 0.125, 0.75],
							"pivot": [0, 1.825, 1.275],
							"rotation": [0, 0, 45],
							"uv": {
								"north": {"uv": [84, 110], "uv_size": [1, 1]},
								"south": {"uv": [88, 110], "uv_size": [1, 1]},
								"down": {"uv": [48, 106], "uv_size": [1, -2]}
							}
						},
						{
							"origin": [-0.33655, 2.5125, 1.025],
							"size": [0.6731, 0.125, 0.75],
							"pivot": [0, 1.825, 1.275],
							"rotation": [0, 0, 45],
							"uv": {
								"north": {"uv": [92, 110], "uv_size": [1, 1]},
								"south": {"uv": [96, 110], "uv_size": [1, 1]},
								"up": {"uv": [52, 104], "uv_size": [1, 2]}
							}
						},
						{
							"origin": [-0.33655, 2.5125, 1.025],
							"size": [0.6731, 0.125, 0.75],
							"uv": {
								"north": {"uv": [100, 110], "uv_size": [1, 1]},
								"south": {"uv": [110, 102], "uv_size": [1, 1]},
								"up": {"uv": [56, 104], "uv_size": [1, 2]}
							}
						},
						{
							"origin": [0.6875, 1.48845, 1.025],
							"size": [0.125, 0.6731, 0.75],
							"pivot": [0, 1.825, 1.275],
							"rotation": [0, 0, 45],
							"uv": {
								"north": {"uv": [104, 110], "uv_size": [1, 1]},
								"south": {"uv": [108, 110], "uv_size": [1, 1]},
								"west": {"uv": [60, 104], "uv_size": [2, 1]}
							}
						},
						{
							"origin": [-0.8125, 1.48845, 1.025],
							"size": [0.125, 0.6731, 0.75],
							"uv": {
								"north": {"uv": [0, 112], "uv_size": [1, 1]},
								"east": {"uv": [64, 104], "uv_size": [2, 1]},
								"south": {"uv": [8, 112], "uv_size": [1, 1]}
							}
						},
						{
							"origin": [-0.8125, 1.48845, 1.025],
							"size": [0.125, 0.6731, 0.75],
							"pivot": [0, 1.825, 1.275],
							"rotation": [0, 0, 45],
							"uv": {
								"north": {"uv": [12, 112], "uv_size": [1, 1]},
								"east": {"uv": [68, 104], "uv_size": [2, 1]},
								"south": {"uv": [16, 112], "uv_size": [1, 1]}
							}
						},
						{
							"origin": [0.625, 1.48845, 1.025],
							"size": [0.1875, 0.6731, 0.75],
							"uv": {
								"north": {"uv": [20, 112], "uv_size": [1, 1]},
								"south": {"uv": [24, 112], "uv_size": [1, 1]},
								"west": {"uv": [104, 70], "uv_size": [2, 1]},
								"up": {"uv": [72, 104], "uv_size": [1, 2]},
								"down": {"uv": [104, 76], "uv_size": [1, -2]}
							}
						},
						{
							"origin": [-0.375, 0.7625, 1.025],
							"size": [0.75, 0.375, 0.75],
							"uv": {
								"north": {"uv": [80, 104], "uv_size": [2, 1]},
								"east": {"uv": [104, 82], "uv_size": [2, 1]},
								"south": {"uv": [104, 86], "uv_size": [2, 1]},
								"west": {"uv": [104, 90], "uv_size": [2, 1]},
								"down": {"uv": [42, 86], "uv_size": [2, -2]}
							}
						}
					]
				},
				{
					"name": "scope_hide",
					"parent": "ads_hide",
					"pivot": [0, 0.575, 0.875]
				},
				{
					"name": "scope_head",
					"parent": "scope_hide",
					"pivot": [0, 0.075, 0.125],
					"cubes": [
						{
							"origin": [-1.25, 1.075, -9.0375],
							"size": [0.25, 1.5, 2.5],
							"uv": {
								"north": {"uv": [90, 62], "uv_size": [1, 3]},
								"east": {"uv": [16, 12], "uv_size": [5, 3]},
								"south": {"uv": [90, 84], "uv_size": [1, 3]},
								"west": {"uv": [16, 18], "uv_size": [5, 3]},
								"down": {"uv": [48, 77], "uv_size": [1, -5]}
							}
						},
						{
							"origin": [1, 1.075, -9.0375],
							"size": [0.25, 1.5, 2.5],
							"uv": {
								"north": {"uv": [90, 90], "uv_size": [1, 3]},
								"east": {"uv": [0, 20], "uv_size": [5, 3]},
								"south": {"uv": [0, 92], "uv_size": [1, 3]},
								"west": {"uv": [22, 0], "uv_size": [5, 3]},
								"down": {"uv": [60, 77], "uv_size": [1, -5]}
							}
						},
						{
							"origin": [-0.75, 0.575, -9.0375],
							"size": [1.5, 0.25, 2.5],
							"uv": {
								"north": {"uv": [10, 94], "uv_size": [3, 1]},
								"east": {"uv": [70, 64], "uv_size": [5, 1]},
								"south": {"uv": [94, 12], "uv_size": [3, 1]},
								"west": {"uv": [72, 16], "uv_size": [5, 1]},
								"up": {"uv": [24, 6], "uv_size": [3, 5]},
								"down": {"uv": [8, 29], "uv_size": [3, -5]}
							}
						},
						{
							"origin": [-0.75, 2.825, -9.0375],
							"size": [1.5, 0.25, 2.5],
							"uv": {
								"north": {"uv": [16, 94], "uv_size": [3, 1]},
								"south": {"uv": [94, 16], "uv_size": [3, 1]},
								"up": {"uv": [0, 10], "uv_size": [3, 7]},
								"down": {"uv": [6, 17], "uv_size": [3, -7]}
							}
						},
						{
							"origin": [-0.99816, 3.25622, -9.0375],
							"size": [0.70711, 0.25, 2.5],
							"pivot": [0, 2.73661, -7.9125],
							"rotation": [0, 0, -45],
							"uv": {
								"north": {"uv": [132, 84], "uv_size": [1, 1]},
								"south": {"uv": [132, 88], "uv_size": [1, 1]},
								"up": {"uv": [28, 42], "uv_size": [1, 7]},
								"down": {"uv": [32, 51], "uv_size": [1, -7]}
							}
						},
						{
							"origin": [-1.21875, 2.325, -6.5375],
							"size": [0.64461, 0.25, 3],
							"pivot": [-1.25, 2.575, -6.5375],
							"rotation": [-18.75, 0, -45],
							"uv": {
								"north": {"uv": [132, 92], "uv_size": [1, 1]},
								"east": {"uv": [66, 20], "uv_size": [6, 1]},
								"south": {"uv": [132, 96], "uv_size": [1, 1]},
								"west": {"uv": [66, 34], "uv_size": [6, 1]},
								"up": {"uv": [66, 56], "uv_size": [1, 6]},
								"down": {"uv": [4, 74], "uv_size": [1, -6]}
							}
						},
						{
							"origin": [0.57414, 2.325, -6.5375],
							"size": [0.64461, 0.25, 3],
							"pivot": [1.25, 2.575, -6.5375],
							"rotation": [-18.75, 0, 45],
							"uv": {
								"north": {"uv": [132, 104], "uv_size": [1, 1]},
								"east": {"uv": [68, 48], "uv_size": [6, 1]},
								"south": {"uv": [132, 108], "uv_size": [1, 1]},
								"west": {"uv": [60, 68], "uv_size": [6, 1]},
								"up": {"uv": [44, 68], "uv_size": [1, 6]},
								"down": {"uv": [68, 74], "uv_size": [1, -6]}
							}
						},
						{
							"origin": [0.29105, 3.25622, -9.0375],
							"size": [0.70711, 0.25, 2.5],
							"pivot": [0, 2.73661, -7.9125],
							"rotation": [0, 0, 45],
							"uv": {
								"north": {"uv": [132, 116], "uv_size": [1, 1]},
								"south": {"uv": [120, 132], "uv_size": [1, 1]},
								"up": {"uv": [36, 44], "uv_size": [1, 7]},
								"down": {"uv": [40, 51], "uv_size": [1, -7]}
							}
						},
						{
							"origin": [0.29105, 1.433, -9.0375],
							"size": [0.70711, 0.25, 2.5],
							"pivot": [0, 0.91339, -7.9125],
							"rotation": [0, 0, -135],
							"uv": {
								"north": {"uv": [132, 120], "uv_size": [1, 1]},
								"east": {"uv": [72, 52], "uv_size": [5, 1]},
								"south": {"uv": [124, 132], "uv_size": [1, 1]},
								"west": {"uv": [72, 68], "uv_size": [5, 1]},
								"up": {"uv": [64, 72], "uv_size": [1, 5]},
								"down": {"uv": [72, 77], "uv_size": [1, -5]}
							}
						},
						{
							"origin": [-0.71875, 0.325, -6.5375],
							"size": [0.64461, 0.25, 3],
							"pivot": [-0.75, 0.575, -6.5375],
							"rotation": [-18.75, 0, -135],
							"uv": {
								"north": {"uv": [132, 124], "uv_size": [1, 1]},
								"east": {"uv": [70, 8], "uv_size": [6, 1]},
								"south": {"uv": [128, 132], "uv_size": [1, 1]},
								"west": {"uv": [70, 12], "uv_size": [6, 1]},
								"up": {"uv": [12, 70], "uv_size": [1, 6]},
								"down": {"uv": [26, 76], "uv_size": [1, -6]}
							}
						},
						{
							"origin": [0.07414, 0.325, -6.5375],
							"size": [0.64461, 0.25, 3],
							"pivot": [0.75, 0.575, -6.5375],
							"rotation": [-18.75, 0, 135],
							"uv": {
								"north": {"uv": [132, 128], "uv_size": [1, 1]},
								"east": {"uv": [70, 56], "uv_size": [6, 1]},
								"south": {"uv": [132, 132], "uv_size": [1, 1]},
								"west": {"uv": [70, 60], "uv_size": [6, 1]},
								"up": {"uv": [72, 0], "uv_size": [1, 6]},
								"down": {"uv": [8, 78], "uv_size": [1, -6]}
							}
						},
						{
							"origin": [-0.99816, 1.433, -9.0375],
							"size": [0.70711, 0.25, 2.5],
							"pivot": [0, 0.91339, -7.9125],
							"rotation": [0, 0, 135],
							"uv": {
								"north": {"uv": [134, 0], "uv_size": [1, 1]},
								"east": {"uv": [16, 74], "uv_size": [5, 1]},
								"south": {"uv": [4, 134], "uv_size": [1, 1]},
								"west": {"uv": [74, 20], "uv_size": [5, 1]},
								"up": {"uv": [74, 24], "uv_size": [1, 5]},
								"down": {"uv": [30, 79], "uv_size": [1, -5]}
							}
						},
						{
							"origin": [-1.19164, 1.575, -6.60691],
							"size": [0.5, 0.25, 2.3125],
							"pivot": [-0.69164, 1.575, -4.29441],
							"rotation": [13.7902, -11.6637, 87.1593],
							"uv": {
								"north": {"uv": [134, 4], "uv_size": [1, 1]},
								"east": {"uv": [74, 32], "uv_size": [5, 1]},
								"south": {"uv": [134, 8], "uv_size": [1, 1]},
								"west": {"uv": [34, 74], "uv_size": [5, 1]},
								"up": {"uv": [74, 36], "uv_size": [1, 5]},
								"down": {"uv": [56, 79], "uv_size": [1, -5]}
							}
						},
						{
							"origin": [0.69164, 1.575, -6.60691],
							"size": [0.5, 0.25, 2.3125],
							"pivot": [0.69164, 1.575, -4.29441],
							"rotation": [13.7902, 11.6637, -87.1593],
							"uv": {
								"north": {"uv": [134, 12], "uv_size": [1, 1]},
								"east": {"uv": [74, 44], "uv_size": [5, 1]},
								"south": {"uv": [134, 16], "uv_size": [1, 1]},
								"west": {"uv": [76, 0], "uv_size": [5, 1]},
								"up": {"uv": [4, 76], "uv_size": [1, 5]},
								"down": {"uv": [42, 81], "uv_size": [1, -5]}
							}
						},
						{
							"origin": [0.75, 1.825, -6.6625],
							"size": [0.5, 0.25, 2.375],
							"pivot": [0.75, 2.075, -4.5375],
							"rotation": [-13.5, 0, 90],
							"uv": {
								"north": {"uv": [134, 20], "uv_size": [1, 1]},
								"east": {"uv": [76, 4], "uv_size": [5, 1]},
								"south": {"uv": [134, 28], "uv_size": [1, 1]},
								"west": {"uv": [76, 48], "uv_size": [5, 1]},
								"up": {"uv": [52, 76], "uv_size": [1, 5]},
								"down": {"uv": [68, 81], "uv_size": [1, -5]}
							}
						},
						{
							"origin": [0.69164, 1.825, -6.60691],
							"size": [0.5, 0.25, 2.3125],
							"pivot": [0.69164, 2.075, -4.29441],
							"rotation": [-13.7902, 11.6637, 87.1593],
							"uv": {
								"north": {"uv": [134, 32], "uv_size": [1, 1]},
								"east": {"uv": [76, 72], "uv_size": [5, 1]},
								"south": {"uv": [36, 134], "uv_size": [1, 1]},
								"west": {"uv": [76, 76], "uv_size": [5, 1]},
								"up": {"uv": [0, 78], "uv_size": [1, 5]},
								"down": {"uv": [78, 13], "uv_size": [1, -5]}
							}
						},
						{
							"origin": [-1.19164, 1.825, -6.60691],
							"size": [0.5, 0.25, 2.3125],
							"pivot": [-0.69164, 2.075, -4.29441],
							"rotation": [-13.7902, -11.6637, -87.1593],
							"uv": {
								"north": {"uv": [134, 36], "uv_size": [1, 1]},
								"east": {"uv": [12, 78], "uv_size": [5, 1]},
								"south": {"uv": [134, 40], "uv_size": [1, 1]},
								"west": {"uv": [20, 78], "uv_size": [5, 1]},
								"up": {"uv": [78, 24], "uv_size": [1, 5]},
								"down": {"uv": [34, 83], "uv_size": [1, -5]}
							}
						},
						{
							"origin": [-1.25, 1.825, -6.6625],
							"size": [0.5, 0.25, 2.375],
							"pivot": [-0.75, 2.075, -4.5375],
							"rotation": [-13.5, 0, -90],
							"uv": {
								"north": {"uv": [134, 48], "uv_size": [1, 1]},
								"east": {"uv": [78, 36], "uv_size": [5, 1]},
								"south": {"uv": [134, 52], "uv_size": [1, 1]},
								"west": {"uv": [78, 40], "uv_size": [5, 1]},
								"up": {"uv": [38, 78], "uv_size": [1, 5]},
								"down": {"uv": [78, 61], "uv_size": [1, -5]}
							}
						},
						{
							"origin": [-0.25, 1.13336, -6.60691],
							"size": [0.5, 0.25, 2.3125],
							"pivot": [0.25, 1.13336, -4.29441],
							"rotation": [13.7902, -11.6637, -2.8407],
							"uv": {
								"north": {"uv": [72, 134], "uv_size": [1, 1]},
								"east": {"uv": [78, 64], "uv_size": [5, 1]},
								"south": {"uv": [134, 76], "uv_size": [1, 1]},
								"west": {"uv": [80, 16], "uv_size": [5, 1]},
								"up": {"uv": [8, 80], "uv_size": [1, 5]},
								"down": {"uv": [46, 85], "uv_size": [1, -5]}
							}
						},
						{
							"origin": [0.25, 2.51664, -6.60691],
							"size": [0.5, 0.25, 2.3125],
							"pivot": [0.25, 2.51664, -4.29441],
							"rotation": [13.7902, 11.6637, -177.1593],
							"uv": {
								"north": {"uv": [80, 134], "uv_size": [1, 1]},
								"east": {"uv": [80, 52], "uv_size": [5, 1]},
								"south": {"uv": [84, 134], "uv_size": [1, 1]},
								"west": {"uv": [60, 80], "uv_size": [5, 1]},
								"up": {"uv": [72, 80], "uv_size": [1, 5]},
								"down": {"uv": [76, 85], "uv_size": [1, -5]}
							}
						},
						{
							"origin": [-0.25, 2.325, -6.6625],
							"size": [0.5, 0.25, 2.375],
							"pivot": [-0.25, 2.575, -4.5375],
							"rotation": [-13.5, 0, 0],
							"uv": {
								"north": {"uv": [88, 134], "uv_size": [1, 1]},
								"east": {"uv": [80, 68], "uv_size": [5, 1]},
								"south": {"uv": [92, 134], "uv_size": [1, 1]},
								"west": {"uv": [80, 80], "uv_size": [5, 1]},
								"up": {"uv": [82, 8], "uv_size": [1, 5]},
								"down": {"uv": [12, 87], "uv_size": [1, -5]}
							}
						},
						{
							"origin": [-0.25, 2.26664, -6.60691],
							"size": [0.5, 0.25, 2.3125],
							"pivot": [-0.25, 2.51664, -4.29441],
							"rotation": [-13.7902, 11.6637, -2.8407],
							"uv": {
								"north": {"uv": [96, 134], "uv_size": [1, 1]},
								"east": {"uv": [16, 82], "uv_size": [5, 1]},
								"south": {"uv": [100, 134], "uv_size": [1, 1]},
								"west": {"uv": [82, 20], "uv_size": [5, 1]},
								"up": {"uv": [24, 82], "uv_size": [1, 5]},
								"down": {"uv": [82, 29], "uv_size": [1, -5]}
							}
						},
						{
							"origin": [-0.75, 0.88336, -6.60691],
							"size": [0.5, 0.25, 2.3125],
							"pivot": [-0.25, 1.13336, -4.29441],
							"rotation": [-13.7902, -11.6637, -177.1593],
							"uv": {
								"north": {"uv": [134, 100], "uv_size": [1, 1]},
								"east": {"uv": [82, 32], "uv_size": [5, 1]},
								"south": {"uv": [104, 134], "uv_size": [1, 1]},
								"west": {"uv": [82, 44], "uv_size": [5, 1]},
								"up": {"uv": [28, 82], "uv_size": [1, 5]},
								"down": {"uv": [56, 87], "uv_size": [1, -5]}
							}
						},
						{
							"origin": [-0.75, 0.825, -6.6625],
							"size": [0.5, 0.25, 2.375],
							"pivot": [-0.25, 1.075, -4.5375],
							"rotation": [-13.5, 0, -180],
							"uv": {
								"north": {"uv": [108, 134], "uv_size": [1, 1]},
								"east": {"uv": [82, 56], "uv_size": [5, 1]},
								"south": {"uv": [112, 134], "uv_size": [1, 1]},
								"west": {"uv": [82, 60], "uv_size": [5, 1]},
								"up": {"uv": [84, 0], "uv_size": [1, 5]},
								"down": {"uv": [4, 89], "uv_size": [1, -5]}
							}
						}
					]
				},
				{
					"name": "octagon4",
					"parent": "scope_head",
					"pivot": [0, -5.925, 1.875],
					"cubes": [
						{
							"origin": [-0.28477, 1.1375, -4.35],
							"size": [0.56954, 0.125, 7.1875],
							"pivot": [0, 1.825, 2.3375],
							"rotation": [0, 0, 45],
							"uv": {
								"north": {"uv": [134, 112], "uv_size": [1, 1]},
								"south": {"uv": [116, 134], "uv_size": [1, 1]},
								"up": {"uv": [18, 24], "uv_size": [1, 12]},
								"down": {"uv": [22, 36], "uv_size": [1, -12]}
							}
						},
						{
							"origin": [-0.28477, 1.1375, -4.35],
							"size": [0.56954, 0.125, 7.1875],
							"uv": {
								"north": {"uv": [0, 136], "uv_size": [1, 1]},
								"south": {"uv": [8, 136], "uv_size": [1, 1]},
								"up": {"uv": [0, 26], "uv_size": [1, 12]},
								"down": {"uv": [4, 38], "uv_size": [1, -12]}
							}
						},
						{
							"origin": [-0.28477, 2.3875, -4.35],
							"size": [0.56954, 0.125, 7.1875],
							"pivot": [0, 1.825, 2.3375],
							"rotation": [0, 0, 45],
							"uv": {
								"north": {"uv": [12, 136], "uv_size": [1, 1]},
								"south": {"uv": [16, 136], "uv_size": [1, 1]},
								"up": {"uv": [26, 24], "uv_size": [1, 12]},
								"down": {"uv": [30, 12], "uv_size": [1, -12]}
							}
						},
						{
							"origin": [-0.28477, 2.3875, -4.35],
							"size": [0.56954, 0.125, 7.1875],
							"uv": {
								"north": {"uv": [20, 136], "uv_size": [1, 1]},
								"south": {"uv": [24, 136], "uv_size": [1, 1]},
								"up": {"uv": [30, 14], "uv_size": [1, 12]},
								"down": {"uv": [30, 40], "uv_size": [1, -12]}
							}
						},
						{
							"origin": [0.5625, 1.54023, -4.35],
							"size": [0.125, 0.56954, 7.1875],
							"pivot": [0, 1.825, 2.3375],
							"rotation": [0, 0, 45],
							"uv": {
								"north": {"uv": [136, 24], "uv_size": [1, 1]},
								"east": {"uv": [34, 0], "uv_size": [12, 1]},
								"south": {"uv": [28, 136], "uv_size": [1, 1]},
								"west": {"uv": [34, 4], "uv_size": [12, 1]}
							}
						},
						{
							"origin": [0.5625, 1.54023, -4.35],
							"size": [0.125, 0.56954, 7.1875],
							"uv": {
								"north": {"uv": [32, 136], "uv_size": [1, 1]},
								"east": {"uv": [34, 8], "uv_size": [12, 1]},
								"south": {"uv": [40, 136], "uv_size": [1, 1]},
								"west": {"uv": [34, 12], "uv_size": [12, 1]}
							}
						},
						{
							"origin": [-0.6875, 1.54023, -4.35],
							"size": [0.125, 0.56954, 7.1875],
							"pivot": [0, 1.825, 2.3375],
							"rotation": [0, 0, 45],
							"uv": {
								"north": {"uv": [44, 136], "uv_size": [1, 1]},
								"east": {"uv": [34, 16], "uv_size": [12, 1]},
								"south": {"uv": [136, 44], "uv_size": [1, 1]},
								"west": {"uv": [34, 20], "uv_size": [12, 1]}
							}
						},
						{
							"origin": [-0.6875, 1.54023, -4.35],
							"size": [0.125, 0.56954, 7.1875],
							"uv": {
								"north": {"uv": [48, 136], "uv_size": [1, 1]},
								"east": {"uv": [34, 24], "uv_size": [12, 1]},
								"south": {"uv": [52, 136], "uv_size": [1, 1]},
								"west": {"uv": [34, 28], "uv_size": [12, 1]}
							}
						}
					]
				},
				{
					"name": "lens_illuminated",
					"parent": "ads_hide",
					"pivot": [0, 1.075, -6.875],
					"cubes": [
						{
							"origin": [-1, 0.825, -8.0375],
							"size": [2, 2, 0.001],
							"uv": {
								"north": {"uv": [16, 0], "uv_size": [4, 4]},
								"east": {"uv": [22, 6], "uv_size": [0, 4]},
								"west": {"uv": [28, 14], "uv_size": [0, 4]},
								"down": {"uv": [8, 32], "uv_size": [4, 0]}
							}
						}
					]
				},
				{
					"name": "knob",
					"parent": "scope_body",
					"pivot": [0, 0.575, 0.875]
				},
				{
					"name": "octagon8",
					"parent": "knob",
					"pivot": [0, 0.575, 0.875],
					"cubes": [
						{
							"origin": [-0.625, 2.45, -0.79638],
							"size": [1.25, 0.25, 0.51776],
							"uv": {
								"east": {"uv": [136, 108], "uv_size": [1, 1]},
								"west": {"uv": [136, 116], "uv_size": [1, 1]},
								"up": {"uv": [4, 96], "uv_size": [3, 1]},
								"down": {"uv": [96, 9], "uv_size": [3, -1]}
							}
						},
						{
							"origin": [-0.25888, 2.45, -1.1625],
							"size": [0.51776, 0.25, 1.25],
							"pivot": [0, 3.2, -0.5375],
							"rotation": [0, -45, 0],
							"uv": {
								"north": {"uv": [120, 136], "uv_size": [1, 1]},
								"south": {"uv": [136, 120], "uv_size": [1, 1]},
								"up": {"uv": [22, 96], "uv_size": [1, 3]},
								"down": {"uv": [96, 31], "uv_size": [1, -3]}
							}
						},
						{
							"origin": [-0.25888, 2.45, -1.1625],
							"size": [0.51776, 0.25, 1.25],
							"uv": {
								"north": {"uv": [124, 136], "uv_size": [1, 1]},
								"south": {"uv": [136, 124], "uv_size": [1, 1]},
								"up": {"uv": [96, 34], "uv_size": [1, 3]},
								"down": {"uv": [96, 43], "uv_size": [1, -3]}
							}
						},
						{
							"origin": [-0.625, 2.45, -0.79638],
							"size": [1.25, 0.25, 0.51776],
							"pivot": [0, 3.2, -0.5375],
							"rotation": [0, -45, 0],
							"uv": {
								"east": {"uv": [128, 136], "uv_size": [1, 1]},
								"west": {"uv": [136, 128], "uv_size": [1, 1]},
								"up": {"uv": [96, 46], "uv_size": [3, 1]},
								"down": {"uv": [50, 97], "uv_size": [3, -1]}
							}
						}
					]
				},
				{
					"name": "octagon11",
					"parent": "knob",
					"pivot": [1.625, 0.575, 0.875],
					"cubes": [
						{
							"origin": [-0.5625, 2.7, -0.82227],
							"size": [1.125, 0.375, 0.56954],
							"pivot": [0, 2.95, -0.5375],
							"rotation": [0, 45, 0],
							"uv": {
								"north": {"uv": [76, 98], "uv_size": [3, 1]},
								"east": {"uv": [138, 52], "uv_size": [1, 1]},
								"south": {"uv": [98, 82], "uv_size": [3, 1]},
								"west": {"uv": [72, 138], "uv_size": [1, 1]},
								"up": {"uv": [98, 86], "uv_size": [3, 1]},
								"down": {"uv": [98, 91], "uv_size": [3, -1]}
							}
						},
						{
							"origin": [-0.28477, 2.7, -1.1],
							"size": [0.56954, 0.375, 1.125],
							"uv": {
								"north": {"uv": [138, 76], "uv_size": [1, 1]},
								"south": {"uv": [80, 138], "uv_size": [1, 1]},
								"up": {"uv": [106, 78], "uv_size": [1, 2]},
								"down": {"uv": [84, 108], "uv_size": [1, -2]}
							}
						},
						{
							"origin": [-0.28477, 2.7, -1.1],
							"size": [0.56954, 0.375, 1.125],
							"pivot": [0, 2.95, -0.5375],
							"rotation": [0, 45, 0],
							"uv": {
								"north": {"uv": [84, 138], "uv_size": [1, 1]},
								"east": {"uv": [98, 94], "uv_size": [3, 1]},
								"south": {"uv": [88, 138], "uv_size": [1, 1]},
								"west": {"uv": [98, 98], "uv_size": [3, 1]},
								"up": {"uv": [82, 98], "uv_size": [1, 3]},
								"down": {"uv": [4, 103], "uv_size": [1, -3]}
							}
						},
						{
							"origin": [-0.5625, 2.7, -0.82227],
							"size": [1.125, 0.375, 0.56954],
							"uv": {
								"east": {"uv": [92, 138], "uv_size": [1, 1]},
								"west": {"uv": [96, 138], "uv_size": [1, 1]},
								"up": {"uv": [88, 106], "uv_size": [2, 1]},
								"down": {"uv": [92, 107], "uv_size": [2, -1]}
							}
						}
					]
				},
				{
					"name": "mount",
					"parent": "scope_body",
					"pivot": [0, 0.575, 0.875]
				},
				{
					"name": "group7",
					"parent": "mount",
					"pivot": [0.16854, -0.45024, 7.125]
				},
				{
					"name": "group8",
					"parent": "group7",
					"pivot": [-0.16096, -1.56896, 7.125]
				},
				{
					"name": "group9",
					"parent": "mount",
					"pivot": [-0.16096, -1.56896, 7.125]
				},
				{
					"name": "clip",
					"parent": "scope_body",
					"pivot": [0.63563, 2.95, 7.9433]
				},
				{
					"name": "group",
					"parent": "clip",
					"pivot": [0.76777, -0.425, 1.66668]
				},
				{
					"name": "rear_scope",
					"parent": "scope_body",
					"pivot": [0, 0.575, 0.875]
				},
				{
					"name": "ocular",
					"pivot": [0, 2.075, 6.225],
					"cubes": [
						{
							"origin": [-0.75, 1.65408, 3.025],
							"size": [1.5, 0.3481, 0],
							"pivot": [0, 1.82813, 2.525],
							"rotation": [0, 0, 22.5],
							"uv": {
								"south": {"uv": [148, 6], "uv_size": [2, 1]}
							}
						},
						{
							"origin": [-0.75, 1.65408, 3.025],
							"size": [1.5, 0.3481, 0],
							"pivot": [0, 1.82813, 2.525],
							"rotation": [0, 0, 40],
							"uv": {
								"south": {"uv": [148, 6], "uv_size": [2, 1]}
							}
						},
						{
							"origin": [-0.75, 1.65408, 3.025],
							"size": [1.5, 0.3481, 0],
							"uv": {
								"south": {"uv": [149, 5], "uv_size": [2, 1]}
							}
						},
						{
							"origin": [-0.75, 1.65408, 3.025],
							"size": [1.5, 0.3481, 0],
							"pivot": [0, 1.82813, 2.525],
							"rotation": [0, 0, -22.5],
							"uv": {
								"south": {"uv": [149, 4], "uv_size": [2, 1]}
							}
						},
						{
							"origin": [-0.17405, 1.07813, 3.025],
							"size": [0.3481, 1.5, 0],
							"pivot": [0, 1.82813, 2.525],
							"rotation": [0, 0, 45],
							"uv": {
								"south": {"uv": [148, 4], "uv_size": [1, 2]}
							}
						},
						{
							"origin": [-0.17405, 1.07813, 3.025],
							"size": [0.3481, 1.5, 0],
							"pivot": [0, 1.82813, 2.525],
							"rotation": [0, 0, 22.5],
							"uv": {
								"south": {"uv": [149, 2], "uv_size": [1, 2]}
							}
						},
						{
							"origin": [-0.17405, 1.07813, 3.025],
							"size": [0.3481, 1.5, 0],
							"uv": {
								"south": {"uv": [149, 0], "uv_size": [1, 2]}
							}
						},
						{
							"origin": [-0.17405, 1.07813, 3.025],
							"size": [0.3481, 1.5, 0],
							"pivot": [0, 1.82813, 2.525],
							"rotation": [0, 0, -22.5],
							"uv": {
								"south": {"uv": [148, 2], "uv_size": [1, 2]}
							}
						}
					]
				},
				{
					"name": "hexadecagon6",
					"parent": "ocular",
					"pivot": [0, 5.575, 0.875],
					"cubes": [
						{
							"origin": [-0.1396, 1.1375, 2.8375],
							"size": [0.27921, 0.0625, 0.1875],
							"pivot": [0, 1.825, 2.525],
							"rotation": [0, 0, -45],
							"uv": {
								"up": {"uv": [60, 140], "uv_size": [1, 1]},
								"down": {"uv": [140, 61], "uv_size": [1, -1]}
							}
						},
						{
							"origin": [-0.1396, 1.1375, 2.8375],
							"size": [0.27921, 0.0625, 0.1875],
							"pivot": [0, 1.825, 2.525],
							"rotation": [0, 0, -22.5],
							"uv": {
								"up": {"uv": [64, 140], "uv_size": [1, 1]},
								"down": {"uv": [140, 65], "uv_size": [1, -1]}
							}
						},
						{
							"origin": [-0.1396, 1.1375, 2.8375],
							"size": [0.27921, 0.0625, 0.1875],
							"uv": {
								"up": {"uv": [68, 140], "uv_size": [1, 1]},
								"down": {"uv": [140, 69], "uv_size": [1, -1]}
							}
						},
						{
							"origin": [-0.1396, 1.1375, 2.8375],
							"size": [0.27921, 0.0625, 0.1875],
							"pivot": [0, 1.825, 2.525],
							"rotation": [0, 0, 22.5],
							"uv": {
								"up": {"uv": [140, 72], "uv_size": [1, 1]},
								"down": {"uv": [76, 141], "uv_size": [1, -1]}
							}
						},
						{
							"origin": [-0.1396, 1.1375, 2.8375],
							"size": [0.27921, 0.0625, 0.1875],
							"pivot": [0, 1.825, 2.525],
							"rotation": [0, 0, 45],
							"uv": {
								"up": {"uv": [140, 80], "uv_size": [1, 1]},
								"down": {"uv": [140, 85], "uv_size": [1, -1]}
							}
						},
						{
							"origin": [-0.1396, 2.45, 2.8375],
							"size": [0.27921, 0.0625, 0.1875],
							"pivot": [0, 1.825, 2.525],
							"rotation": [0, 0, -45],
							"uv": {
								"up": {"uv": [140, 88], "uv_size": [1, 1]},
								"down": {"uv": [140, 93], "uv_size": [1, -1]}
							}
						},
						{
							"origin": [-0.1396, 2.45, 2.8375],
							"size": [0.27921, 0.0625, 0.1875],
							"pivot": [0, 1.825, 2.525],
							"rotation": [0, 0, -22.5],
							"uv": {
								"up": {"uv": [140, 96], "uv_size": [1, 1]},
								"down": {"uv": [140, 105], "uv_size": [1, -1]}
							}
						},
						{
							"origin": [-0.1396, 2.45, 2.8375],
							"size": [0.27921, 0.0625, 0.1875],
							"uv": {
								"up": {"uv": [140, 108], "uv_size": [1, 1]},
								"down": {"uv": [140, 117], "uv_size": [1, -1]}
							}
						},
						{
							"origin": [-0.1396, 2.45, 2.8375],
							"size": [0.27921, 0.0625, 0.1875],
							"pivot": [0, 1.825, 2.525],
							"rotation": [0, 0, 22.5],
							"uv": {
								"up": {"uv": [120, 140], "uv_size": [1, 1]},
								"down": {"uv": [140, 121], "uv_size": [1, -1]}
							}
						},
						{
							"origin": [-0.1396, 2.45, 2.8375],
							"size": [0.27921, 0.0625, 0.1875],
							"pivot": [0, 1.825, 2.525],
							"rotation": [0, 0, 45],
							"uv": {
								"up": {"uv": [124, 140], "uv_size": [1, 1]},
								"down": {"uv": [140, 125], "uv_size": [1, -1]}
							}
						},
						{
							"origin": [0.625, 1.68539, 2.8375],
							"size": [0.0625, 0.27921, 0.1875],
							"pivot": [0, 1.825, 2.525],
							"rotation": [0, 0, -22.5],
							"uv": {
								"east": {"uv": [128, 140], "uv_size": [1, 1]},
								"west": {"uv": [140, 128], "uv_size": [1, 1]}
							}
						},
						{
							"origin": [0.625, 1.68539, 2.8375],
							"size": [0.0625, 0.27921, 0.1875],
							"uv": {
								"east": {"uv": [132, 140], "uv_size": [1, 1]},
								"west": {"uv": [140, 132], "uv_size": [1, 1]}
							}
						},
						{
							"origin": [0.625, 1.68539, 2.8375],
							"size": [0.0625, 0.27921, 0.1875],
							"pivot": [0, 1.825, 2.525],
							"rotation": [0, 0, 22.5],
							"uv": {
								"east": {"uv": [136, 140], "uv_size": [1, 1]},
								"west": {"uv": [140, 136], "uv_size": [1, 1]}
							}
						},
						{
							"origin": [-0.6875, 1.68539, 2.8375],
							"size": [0.0625, 0.27921, 0.1875],
							"pivot": [0, 1.825, 2.525],
							"rotation": [0, 0, -22.5],
							"uv": {
								"east": {"uv": [140, 140], "uv_size": [1, 1]},
								"west": {"uv": [142, 0], "uv_size": [1, 1]}
							}
						},
						{
							"origin": [-0.6875, 1.68539, 2.8375],
							"size": [0.0625, 0.27921, 0.1875],
							"uv": {
								"east": {"uv": [4, 142], "uv_size": [1, 1]},
								"west": {"uv": [142, 4], "uv_size": [1, 1]}
							}
						},
						{
							"origin": [-0.6875, 1.68539, 2.8375],
							"size": [0.0625, 0.27921, 0.1875],
							"pivot": [0, 1.825, 2.525],
							"rotation": [0, 0, 22.5],
							"uv": {
								"east": {"uv": [142, 8], "uv_size": [1, 1]},
								"west": {"uv": [142, 12], "uv_size": [1, 1]}
							}
						}
					]
				},
				{
					"name": "ocular_ring",
					"pivot": [0, 5, 0]
				},
				{
					"name": "hexadecagon7",
					"parent": "ocular_ring",
					"pivot": [0, 5.575, 0.875],
					"cubes": [
						{
							"origin": [-0.16446, 1.04375, 3.025],
							"size": [0.32893, 0.04688, 0.25],
							"pivot": [0, 1.825, 2.775],
							"rotation": [0, 0, -45],
							"uv": {
								"north": {"uv": [142, 16], "uv_size": [1, 1]},
								"east": {"uv": [142, 20], "uv_size": [1, 1]},
								"south": {"uv": [142, 28], "uv_size": [1, 1]},
								"west": {"uv": [142, 32], "uv_size": [1, 1]},
								"up": {"uv": [36, 142], "uv_size": [1, 1]},
								"down": {"uv": [142, 37], "uv_size": [1, -1]}
							}
						},
						{
							"origin": [-0.16446, 1.04375, 3.025],
							"size": [0.32893, 0.04688, 0.25],
							"pivot": [0, 1.825, 2.775],
							"rotation": [0, 0, -22.5],
							"uv": {
								"north": {"uv": [142, 40], "uv_size": [1, 1]},
								"east": {"uv": [142, 48], "uv_size": [1, 1]},
								"south": {"uv": [142, 52], "uv_size": [1, 1]},
								"west": {"uv": [72, 142], "uv_size": [1, 1]},
								"up": {"uv": [142, 76], "uv_size": [1, 1]},
								"down": {"uv": [80, 143], "uv_size": [1, -1]}
							}
						},
						{
							"origin": [-0.16446, 1.04375, 3.025],
							"size": [0.32893, 0.04688, 0.25],
							"uv": {
								"north": {"uv": [84, 142], "uv_size": [1, 1]},
								"east": {"uv": [88, 142], "uv_size": [1, 1]},
								"south": {"uv": [92, 142], "uv_size": [1, 1]},
								"west": {"uv": [96, 142], "uv_size": [1, 1]},
								"up": {"uv": [100, 142], "uv_size": [1, 1]},
								"down": {"uv": [142, 101], "uv_size": [1, -1]}
							}
						},
						{
							"origin": [-0.16446, 1.04375, 3.025],
							"size": [0.32893, 0.04688, 0.25],
							"pivot": [0, 1.825, 2.775],
							"rotation": [0, 0, 22.5],
							"uv": {
								"north": {"uv": [104, 142], "uv_size": [1, 1]},
								"east": {"uv": [108, 142], "uv_size": [1, 1]},
								"south": {"uv": [112, 142], "uv_size": [1, 1]},
								"west": {"uv": [142, 112], "uv_size": [1, 1]},
								"up": {"uv": [116, 142], "uv_size": [1, 1]},
								"down": {"uv": [0, 145], "uv_size": [1, -1]}
							}
						},
						{
							"origin": [-0.16446, 1.04375, 3.025],
							"size": [0.32893, 0.04688, 0.25],
							"pivot": [0, 1.825, 2.775],
							"rotation": [0, 0, 45],
							"uv": {
								"north": {"uv": [8, 144], "uv_size": [1, 1]},
								"east": {"uv": [12, 144], "uv_size": [1, 1]},
								"south": {"uv": [16, 144], "uv_size": [1, 1]},
								"west": {"uv": [20, 144], "uv_size": [1, 1]},
								"up": {"uv": [24, 144], "uv_size": [1, 1]},
								"down": {"uv": [144, 25], "uv_size": [1, -1]}
							}
						},
						{
							"origin": [-0.16446, 2.54375, 3.025],
							"size": [0.32893, 0.0625, 0.25],
							"pivot": [0, 1.825, 2.775],
							"rotation": [0, 0, -45],
							"uv": {
								"north": {"uv": [28, 144], "uv_size": [1, 1]},
								"east": {"uv": [32, 144], "uv_size": [1, 1]},
								"south": {"uv": [40, 144], "uv_size": [1, 1]},
								"west": {"uv": [44, 144], "uv_size": [1, 1]},
								"up": {"uv": [144, 44], "uv_size": [1, 1]},
								"down": {"uv": [48, 145], "uv_size": [1, -1]}
							}
						},
						{
							"origin": [-0.16446, 2.54375, 3.025],
							"size": [0.32893, 0.0625, 0.25],
							"pivot": [0, 1.825, 2.775],
							"rotation": [0, 0, -22.5],
							"uv": {
								"north": {"uv": [52, 144], "uv_size": [1, 1]},
								"east": {"uv": [56, 144], "uv_size": [1, 1]},
								"south": {"uv": [144, 56], "uv_size": [1, 1]},
								"west": {"uv": [60, 144], "uv_size": [1, 1]},
								"up": {"uv": [144, 60], "uv_size": [1, 1]},
								"down": {"uv": [64, 145], "uv_size": [1, -1]}
							}
						},
						{
							"origin": [-0.16446, 2.54375, 3.025],
							"size": [0.32893, 0.0625, 0.25],
							"uv": {
								"north": {"uv": [144, 64], "uv_size": [1, 1]},
								"east": {"uv": [68, 144], "uv_size": [1, 1]},
								"south": {"uv": [144, 68], "uv_size": [1, 1]},
								"west": {"uv": [144, 72], "uv_size": [1, 1]},
								"up": {"uv": [76, 144], "uv_size": [1, 1]},
								"down": {"uv": [144, 81], "uv_size": [1, -1]}
							}
						},
						{
							"origin": [-0.16446, 2.54375, 3.025],
							"size": [0.32893, 0.0625, 0.25],
							"pivot": [0, 1.825, 2.775],
							"rotation": [0, 0, 22.5],
							"uv": {
								"north": {"uv": [144, 84], "uv_size": [1, 1]},
								"east": {"uv": [144, 88], "uv_size": [1, 1]},
								"south": {"uv": [144, 92], "uv_size": [1, 1]},
								"west": {"uv": [144, 96], "uv_size": [1, 1]},
								"up": {"uv": [144, 104], "uv_size": [1, 1]},
								"down": {"uv": [144, 109], "uv_size": [1, -1]}
							}
						},
						{
							"origin": [-0.16446, 2.54375, 3.025],
							"size": [0.32893, 0.0625, 0.25],
							"pivot": [0, 1.825, 2.775],
							"rotation": [0, 0, 45],
							"uv": {
								"north": {"uv": [144, 116], "uv_size": [1, 1]},
								"east": {"uv": [120, 144], "uv_size": [1, 1]},
								"south": {"uv": [144, 120], "uv_size": [1, 1]},
								"west": {"uv": [124, 144], "uv_size": [1, 1]},
								"up": {"uv": [144, 124], "uv_size": [1, 1]},
								"down": {"uv": [128, 145], "uv_size": [1, -1]}
							}
						},
						{
							"origin": [0.73438, 1.66054, 3.025],
							"size": [0.04688, 0.32893, 0.25],
							"pivot": [0, 1.825, 2.775],
							"rotation": [0, 0, -22.5],
							"uv": {
								"north": {"uv": [144, 128], "uv_size": [1, 1]},
								"east": {"uv": [132, 144], "uv_size": [1, 1]},
								"south": {"uv": [144, 132], "uv_size": [1, 1]},
								"west": {"uv": [136, 144], "uv_size": [1, 1]},
								"up": {"uv": [144, 136], "uv_size": [1, 1]},
								"down": {"uv": [140, 145], "uv_size": [1, -1]}
							}
						},
						{
							"origin": [0.73438, 1.66054, 3.025],
							"size": [0.04688, 0.32893, 0.25],
							"uv": {
								"north": {"uv": [144, 140], "uv_size": [1, 1]},
								"east": {"uv": [144, 144], "uv_size": [1, 1]},
								"south": {"uv": [146, 0], "uv_size": [1, 1]},
								"west": {"uv": [4, 146], "uv_size": [1, 1]},
								"up": {"uv": [146, 4], "uv_size": [1, 1]},
								"down": {"uv": [146, 9], "uv_size": [1, -1]}
							}
						},
						{
							"origin": [0.73438, 1.66054, 3.025],
							"size": [0.04688, 0.32893, 0.25],
							"pivot": [0, 1.825, 2.775],
							"rotation": [0, 0, 22.5],
							"uv": {
								"north": {"uv": [146, 12], "uv_size": [1, 1]},
								"east": {"uv": [146, 16], "uv_size": [1, 1]},
								"south": {"uv": [146, 20], "uv_size": [1, 1]},
								"west": {"uv": [146, 28], "uv_size": [1, 1]},
								"up": {"uv": [146, 32], "uv_size": [1, 1]},
								"down": {"uv": [36, 147], "uv_size": [1, -1]}
							}
						},
						{
							"origin": [-0.78125, 1.66054, 3.025],
							"size": [0.0625, 0.3133, 0.25],
							"pivot": [0, 1.825, 2.775],
							"rotation": [0, 0, -22.5],
							"uv": {
								"north": {"uv": [146, 36], "uv_size": [1, 1]},
								"east": {"uv": [146, 40], "uv_size": [1, 1]},
								"south": {"uv": [146, 48], "uv_size": [1, 1]},
								"west": {"uv": [146, 52], "uv_size": [1, 1]},
								"up": {"uv": [72, 146], "uv_size": [1, 1]},
								"down": {"uv": [146, 77], "uv_size": [1, -1]}
							}
						},
						{
							"origin": [-0.78125, 1.66054, 3.025],
							"size": [0.0625, 0.3133, 0.25],
							"uv": {
								"north": {"uv": [80, 146], "uv_size": [1, 1]},
								"east": {"uv": [84, 146], "uv_size": [1, 1]},
								"south": {"uv": [88, 146], "uv_size": [1, 1]},
								"west": {"uv": [92, 146], "uv_size": [1, 1]},
								"up": {"uv": [96, 146], "uv_size": [1, 1]},
								"down": {"uv": [100, 147], "uv_size": [1, -1]}
							}
						},
						{
							"origin": [-0.78125, 1.66054, 3.025],
							"size": [0.0625, 0.3133, 0.25],
							"pivot": [0, 1.825, 2.775],
							"rotation": [0, 0, 22.5],
							"uv": {
								"north": {"uv": [146, 100], "uv_size": [1, 1]},
								"east": {"uv": [104, 146], "uv_size": [1, 1]},
								"south": {"uv": [108, 146], "uv_size": [1, 1]},
								"west": {"uv": [112, 146], "uv_size": [1, 1]},
								"up": {"uv": [146, 112], "uv_size": [1, 1]},
								"down": {"uv": [116, 147], "uv_size": [1, -1]}
							}
						}
					]
				},
				{
					"name": "division",
					"pivot": [0, 1.8125, -119.875],
					"cubes": [
						{
							"origin": [-27.1875, -25.375, -118],
							"size": [54.375, 54.375, -3.75],
							"uv": {
								"south": {"uv": [256, 0], "uv_size": [256, 256]}
							}
						},
						{
							"origin": [-90.1875, -69.375, -120],
							"size": [64, 142.375, 0.25],
							"uv": {
								"south": {"uv": [475, 219], "uv_size": [37, 37]}
							}
						},
						{
							"origin": [26.1875, -69.375, -120],
							"size": [64, 142.375, 0.25],
							"uv": {
								"south": {"uv": [512, 219], "uv_size": [-37, 37]}
							}
						},
						{
							"origin": [-26.1875, 28, -120],
							"size": [52.375, 45, 0.25],
							"uv": {
								"south": {"uv": [475, 219], "uv_size": [37, 37]}
							}
						},
						{
							"origin": [-26.1875, -69.375, -120],
							"size": [52.375, 45, 0.25],
							"uv": {
								"south": {"uv": [475, 219], "uv_size": [37, 37]}
							}
						},
						{
							"origin": [-3.78125, 3.57812, -119.625],
							"size": [0.0625, 1, 0],
							"pivot": [0, 4.07813, -119.625],
							"rotation": [0, 0, -90],
							"uv": {
								"south": {"uv": [148, 0], "uv_size": [1, 1]}
							}
						},
						{
							"origin": [-3.15625, 3.82813, -119.625],
							"size": [0.0625, 0.5, 0],
							"pivot": [0, 4.07813, -119.625],
							"rotation": [0, 0, -90],
							"uv": {
								"south": {"uv": [148, 0], "uv_size": [1, 1]}
							}
						},
						{
							"origin": [-4.40625, 3.82812, -119.625],
							"size": [0.0625, 0.5, 0],
							"pivot": [0, 4.07813, -119.625],
							"rotation": [0, 0, -90],
							"uv": {
								"south": {"uv": [148, 0], "uv_size": [1, 1]}
							}
						},
						{
							"origin": [-5.03125, 3.57812, -119.625],
							"size": [0.0625, 1, 0],
							"pivot": [0, 4.07813, -119.625],
							"rotation": [0, 0, -90],
							"uv": {
								"south": {"uv": [148, 0], "uv_size": [1, 1]}
							}
						},
						{
							"origin": [-5.65625, 3.82812, -119.625],
							"size": [0.0625, 0.5, 0],
							"pivot": [0, 4.07813, -119.625],
							"rotation": [0, 0, -90],
							"uv": {
								"south": {"uv": [148, 0], "uv_size": [1, 1]}
							}
						},
						{
							"origin": [-6.28125, 3.57812, -119.625],
							"size": [0.0625, 1, 0],
							"pivot": [0, 4.07813, -119.625],
							"rotation": [0, 0, -90],
							"uv": {
								"south": {"uv": [148, 0], "uv_size": [1, 1]}
							}
						},
						{
							"origin": [-7.53125, 3.57812, -119.625],
							"size": [0.0625, 1, 0],
							"pivot": [0, 4.07813, -119.625],
							"rotation": [0, 0, -90],
							"uv": {
								"south": {"uv": [148, 0], "uv_size": [1, 1]}
							}
						},
						{
							"origin": [-6.90625, 3.82812, -119.625],
							"size": [0.0625, 0.5, 0],
							"pivot": [0, 4.07813, -119.625],
							"rotation": [0, 0, -90],
							"uv": {
								"south": {"uv": [148, 0], "uv_size": [1, 1]}
							}
						},
						{
							"origin": [-3.15625, -1.17187, -119.625],
							"size": [0.0625, 0.5, 0],
							"pivot": [0, -0.92187, -119.625],
							"rotation": [0, 0, -90],
							"uv": {
								"south": {"uv": [148, 0], "uv_size": [1, 1]}
							}
						},
						{
							"origin": [-3.78125, -1.42188, -119.625],
							"size": [0.0625, 1, 0],
							"pivot": [0, -0.92187, -119.625],
							"rotation": [0, 0, -90],
							"uv": {
								"south": {"uv": [148, 0], "uv_size": [1, 1]}
							}
						},
						{
							"origin": [-5.03125, -1.42188, -119.625],
							"size": [0.0625, 1, 0],
							"pivot": [0, -0.92187, -119.625],
							"rotation": [0, 0, -90],
							"uv": {
								"south": {"uv": [148, 0], "uv_size": [1, 1]}
							}
						},
						{
							"origin": [-4.40625, -1.17188, -119.625],
							"size": [0.0625, 0.5, 0],
							"pivot": [0, -0.92187, -119.625],
							"rotation": [0, 0, -90],
							"uv": {
								"south": {"uv": [148, 0], "uv_size": [1, 1]}
							}
						},
						{
							"origin": [-6.90625, -1.17188, -119.625],
							"size": [0.0625, 0.5, 0],
							"pivot": [0, -0.92187, -119.625],
							"rotation": [0, 0, -90],
							"uv": {
								"south": {"uv": [148, 0], "uv_size": [1, 1]}
							}
						},
						{
							"origin": [-7.53125, -1.42188, -119.625],
							"size": [0.0625, 1, 0],
							"pivot": [0, -0.92187, -119.625],
							"rotation": [0, 0, -90],
							"uv": {
								"south": {"uv": [148, 0], "uv_size": [1, 1]}
							}
						},
						{
							"origin": [-6.28125, -1.42188, -119.625],
							"size": [0.0625, 1, 0],
							"pivot": [0, -0.92187, -119.625],
							"rotation": [0, 0, -90],
							"uv": {
								"south": {"uv": [148, 0], "uv_size": [1, 1]}
							}
						},
						{
							"origin": [-5.65625, -1.17188, -119.625],
							"size": [0.0625, 0.5, 0],
							"pivot": [0, -0.92187, -119.625],
							"rotation": [0, 0, -90],
							"uv": {
								"south": {"uv": [148, 0], "uv_size": [1, 1]}
							}
						},
						{
							"origin": [-3.15625, -6.17187, -119.625],
							"size": [0.0625, 0.5, 0],
							"pivot": [0, -5.92187, -119.625],
							"rotation": [0, 0, -90],
							"uv": {
								"south": {"uv": [148, 0], "uv_size": [1, 1]}
							}
						},
						{
							"origin": [-3.78125, -6.42187, -119.625],
							"size": [0.0625, 1, 0],
							"pivot": [0, -5.92187, -119.625],
							"rotation": [0, 0, -90],
							"uv": {
								"south": {"uv": [148, 0], "uv_size": [1, 1]}
							}
						},
						{
							"origin": [-5.03125, -6.42187, -119.625],
							"size": [0.0625, 1, 0],
							"pivot": [0, -5.92187, -119.625],
							"rotation": [0, 0, -90],
							"uv": {
								"south": {"uv": [148, 0], "uv_size": [1, 1]}
							}
						},
						{
							"origin": [-4.40625, -6.17187, -119.625],
							"size": [0.0625, 0.5, 0],
							"pivot": [0, -5.92187, -119.625],
							"rotation": [0, 0, -90],
							"uv": {
								"south": {"uv": [148, 0], "uv_size": [1, 1]}
							}
						},
						{
							"origin": [-5.65625, -6.17187, -119.625],
							"size": [0.0625, 0.5, 0],
							"pivot": [0, -5.92187, -119.625],
							"rotation": [0, 0, -90],
							"uv": {
								"south": {"uv": [148, 0], "uv_size": [1, 1]}
							}
						},
						{
							"origin": [-0.90625, 6.20313, -119.625],
							"size": [0.0625, 0.25, 0],
							"pivot": [0, 4.07813, -119.625],
							"rotation": [0, 0, -180],
							"uv": {
								"south": {"uv": [148, 0], "uv_size": [1, 1]}
							}
						},
						{
							"origin": [-2.40625, 6.20313, -119.625],
							"size": [0.0625, 0.25, 0],
							"pivot": [0, 4.07813, -119.625],
							"rotation": [0, 0, -180],
							"uv": {
								"south": {"uv": [148, 0], "uv_size": [1, 1]}
							}
						},
						{
							"origin": [-1.65625, 6.07813, -119.625],
							"size": [0.0625, 0.5, 0],
							"pivot": [0, 4.07813, -119.625],
							"rotation": [0, 0, -180],
							"uv": {
								"south": {"uv": [148, 0], "uv_size": [1, 1]}
							}
						},
						{
							"origin": [-3.15625, 6.07813, -119.625],
							"size": [0.0625, 0.5, 0],
							"pivot": [0, 4.07813, -119.625],
							"rotation": [0, 0, -180],
							"uv": {
								"south": {"uv": [148, 0], "uv_size": [1, 1]}
							}
						},
						{
							"origin": [-3.90625, 6.20313, -119.625],
							"size": [0.0625, 0.25, 0],
							"pivot": [0, 4.07813, -119.625],
							"rotation": [0, 0, -180],
							"uv": {
								"south": {"uv": [148, 0], "uv_size": [1, 1]}
							}
						},
						{
							"origin": [-4.65625, 6.07813, -119.625],
							"size": [0.0625, 0.5, 0],
							"pivot": [0, 4.07813, -119.625],
							"rotation": [0, 0, -180],
							"uv": {
								"south": {"uv": [148, 0], "uv_size": [1, 1]}
							}
						},
						{
							"origin": [-5.40625, 6.20313, -119.625],
							"size": [0.0625, 0.25, 0],
							"pivot": [0, 4.07813, -119.625],
							"rotation": [0, 0, -180],
							"uv": {
								"south": {"uv": [148, 0], "uv_size": [1, 1]}
							}
						},
						{
							"origin": [-6.15625, 6.07813, -119.625],
							"size": [0.0625, 0.5, 0],
							"pivot": [0, 4.07813, -119.625],
							"rotation": [0, 0, -180],
							"uv": {
								"south": {"uv": [148, 0], "uv_size": [1, 1]}
							}
						},
						{
							"origin": [-6.90625, 6.20313, -119.625],
							"size": [0.0625, 0.25, 0],
							"pivot": [0, 4.07813, -119.625],
							"rotation": [0, 0, -180],
							"uv": {
								"south": {"uv": [148, 0], "uv_size": [1, 1]}
							}
						},
						{
							"origin": [-7.65625, 6.07813, -119.625],
							"size": [0.0625, 0.5, 0],
							"pivot": [0, 4.07813, -119.625],
							"rotation": [0, 0, -180],
							"uv": {
								"south": {"uv": [148, 0], "uv_size": [1, 1]}
							}
						},
						{
							"origin": [-8.40625, 6.20313, -119.625],
							"size": [0.0625, 0.25, 0],
							"pivot": [0, 4.07813, -119.625],
							"rotation": [0, 0, -180],
							"uv": {
								"south": {"uv": [148, 0], "uv_size": [1, 1]}
							}
						},
						{
							"origin": [-9.15625, 6.07813, -119.625],
							"size": [0.0625, 0.5, 0],
							"pivot": [0, 4.07813, -119.625],
							"rotation": [0, 0, -180],
							"uv": {
								"south": {"uv": [148, 0], "uv_size": [1, 1]}
							}
						},
						{
							"origin": [-12.15625, 6.07812, -119.625],
							"size": [0.0625, 0.5, 0],
							"pivot": [0, 4.07813, -119.625],
							"rotation": [0, 0, -180],
							"uv": {
								"south": {"uv": [148, 0], "uv_size": [1, 1]}
							}
						},
						{
							"origin": [-11.40625, 6.20313, -119.625],
							"size": [0.0625, 0.25, 0],
							"pivot": [0, 4.07813, -119.625],
							"rotation": [0, 0, -180],
							"uv": {
								"south": {"uv": [148, 0], "uv_size": [1, 1]}
							}
						},
						{
							"origin": [-10.65625, 6.07813, -119.625],
							"size": [0.0625, 0.5, 0],
							"pivot": [0, 4.07813, -119.625],
							"rotation": [0, 0, -180],
							"uv": {
								"south": {"uv": [148, 0], "uv_size": [1, 1]}
							}
						},
						{
							"origin": [-9.90625, 6.20313, -119.625],
							"size": [0.0625, 0.25, 0],
							"pivot": [0, 4.07813, -119.625],
							"rotation": [0, 0, -180],
							"uv": {
								"south": {"uv": [148, 0], "uv_size": [1, 1]}
							}
						},
						{
							"origin": [-16.25, 4.04688, -119.625],
							"size": [13.5, 0.0625, 0],
							"pivot": [0, 4.07813, -119.625],
							"rotation": [0, 0, -90],
							"uv": {
								"south": {"uv": [148, 0], "uv_size": [1, 1]}
							}
						},
						{
							"origin": [14, 1.45313, -119.625],
							"size": [13, 0.75, 0],
							"uv": {
								"south": {"uv": [148, 0], "uv_size": [1, 1]}
							}
						},
						{
							"origin": [14, 1.45313, -119.625],
							"size": [13, 0.75, 0],
							"pivot": [0, 1.82813, -119.625],
							"rotation": [0, 0, 90],
							"uv": {
								"south": {"uv": [148, 0], "uv_size": [1, 1]}
							}
						},
						{
							"origin": [0.5, 1.79688, -119.625],
							"size": [13.5, 0.0625, 0],
							"uv": {
								"south": {"uv": [148, 0], "uv_size": [1, 1]}
							}
						},
						{
							"origin": [-11.75565, -4.49554, -119.625],
							"size": [0.53033, 0.53033, 0],
							"pivot": [0, 4.07813, -119.625],
							"rotation": [0, 0, -135],
							"uv": {
								"south": {"uv": [148, 0], "uv_size": [1, 1]}
							}
						},
						{
							"origin": [-25.75565, -18.49554, -119.625],
							"size": [0.53033, 0.53033, 0],
							"pivot": [-14, -9.92188, -119.625],
							"rotation": [0, 0, -135],
							"uv": {
								"south": {"uv": [148, 0], "uv_size": [1, 1]}
							}
						},
						{
							"origin": [-3.78125, -0.82812, -119.625],
							"size": [0.0625, 1, 0],
							"pivot": [0, -0.32813, -119.625],
							"rotation": [0, 0, 90],
							"uv": {
								"south": {"uv": [148, 1], "uv_size": [1, -1]}
							}
						},
						{
							"origin": [-3.15625, -0.57813, -119.625],
							"size": [0.0625, 0.5, 0],
							"pivot": [0, -0.32813, -119.625],
							"rotation": [0, 0, 90],
							"uv": {
								"south": {"uv": [148, 1], "uv_size": [1, -1]}
							}
						},
						{
							"origin": [-4.40625, -0.57812, -119.625],
							"size": [0.0625, 0.5, 0],
							"pivot": [0, -0.32813, -119.625],
							"rotation": [0, 0, 90],
							"uv": {
								"south": {"uv": [148, 1], "uv_size": [1, -1]}
							}
						},
						{
							"origin": [-5.03125, -0.82812, -119.625],
							"size": [0.0625, 1, 0],
							"pivot": [0, -0.32813, -119.625],
							"rotation": [0, 0, 90],
							"uv": {
								"south": {"uv": [148, 1], "uv_size": [1, -1]}
							}
						},
						{
							"origin": [-5.65625, -0.57812, -119.625],
							"size": [0.0625, 0.5, 0],
							"pivot": [0, -0.32813, -119.625],
							"rotation": [0, 0, 90],
							"uv": {
								"south": {"uv": [148, 1], "uv_size": [1, -1]}
							}
						},
						{
							"origin": [-6.28125, -0.82812, -119.625],
							"size": [0.0625, 1, 0],
							"pivot": [0, -0.32813, -119.625],
							"rotation": [0, 0, 90],
							"uv": {
								"south": {"uv": [148, 1], "uv_size": [1, -1]}
							}
						},
						{
							"origin": [-7.53125, -0.82812, -119.625],
							"size": [0.0625, 1, 0],
							"pivot": [0, -0.32813, -119.625],
							"rotation": [0, 0, 90],
							"uv": {
								"south": {"uv": [148, 1], "uv_size": [1, -1]}
							}
						},
						{
							"origin": [-6.90625, -0.57812, -119.625],
							"size": [0.0625, 0.5, 0],
							"pivot": [0, -0.32813, -119.625],
							"rotation": [0, 0, 90],
							"uv": {
								"south": {"uv": [148, 1], "uv_size": [1, -1]}
							}
						},
						{
							"origin": [-3.15625, 4.42187, -119.625],
							"size": [0.0625, 0.5, 0],
							"pivot": [0, 4.67187, -119.625],
							"rotation": [0, 0, 90],
							"uv": {
								"south": {"uv": [148, 1], "uv_size": [1, -1]}
							}
						},
						{
							"origin": [-3.78125, 4.17188, -119.625],
							"size": [0.0625, 1, 0],
							"pivot": [0, 4.67187, -119.625],
							"rotation": [0, 0, 90],
							"uv": {
								"south": {"uv": [148, 1], "uv_size": [1, -1]}
							}
						},
						{
							"origin": [-5.03125, 4.17188, -119.625],
							"size": [0.0625, 1, 0],
							"pivot": [0, 4.67187, -119.625],
							"rotation": [0, 0, 90],
							"uv": {
								"south": {"uv": [148, 1], "uv_size": [1, -1]}
							}
						},
						{
							"origin": [-4.40625, 4.42188, -119.625],
							"size": [0.0625, 0.5, 0],
							"pivot": [0, 4.67187, -119.625],
							"rotation": [0, 0, 90],
							"uv": {
								"south": {"uv": [148, 1], "uv_size": [1, -1]}
							}
						},
						{
							"origin": [-6.90625, 4.42188, -119.625],
							"size": [0.0625, 0.5, 0],
							"pivot": [0, 4.67187, -119.625],
							"rotation": [0, 0, 90],
							"uv": {
								"south": {"uv": [148, 1], "uv_size": [1, -1]}
							}
						},
						{
							"origin": [-7.53125, 4.17188, -119.625],
							"size": [0.0625, 1, 0],
							"pivot": [0, 4.67187, -119.625],
							"rotation": [0, 0, 90],
							"uv": {
								"south": {"uv": [148, 1], "uv_size": [1, -1]}
							}
						},
						{
							"origin": [-6.28125, 4.17188, -119.625],
							"size": [0.0625, 1, 0],
							"pivot": [0, 4.67187, -119.625],
							"rotation": [0, 0, 90],
							"uv": {
								"south": {"uv": [148, 1], "uv_size": [1, -1]}
							}
						},
						{
							"origin": [-5.65625, 4.42188, -119.625],
							"size": [0.0625, 0.5, 0],
							"pivot": [0, 4.67187, -119.625],
							"rotation": [0, 0, 90],
							"uv": {
								"south": {"uv": [148, 1], "uv_size": [1, -1]}
							}
						},
						{
							"origin": [-3.15625, 9.42187, -119.625],
							"size": [0.0625, 0.5, 0],
							"pivot": [0, 9.67187, -119.625],
							"rotation": [0, 0, 90],
							"uv": {
								"south": {"uv": [148, 1], "uv_size": [1, -1]}
							}
						},
						{
							"origin": [-3.78125, 9.17187, -119.625],
							"size": [0.0625, 1, 0],
							"pivot": [0, 9.67187, -119.625],
							"rotation": [0, 0, 90],
							"uv": {
								"south": {"uv": [148, 1], "uv_size": [1, -1]}
							}
						},
						{
							"origin": [-5.03125, 9.17187, -119.625],
							"size": [0.0625, 1, 0],
							"pivot": [0, 9.67187, -119.625],
							"rotation": [0, 0, 90],
							"uv": {
								"south": {"uv": [148, 1], "uv_size": [1, -1]}
							}
						},
						{
							"origin": [-4.40625, 9.42187, -119.625],
							"size": [0.0625, 0.5, 0],
							"pivot": [0, 9.67187, -119.625],
							"rotation": [0, 0, 90],
							"uv": {
								"south": {"uv": [148, 1], "uv_size": [1, -1]}
							}
						},
						{
							"origin": [-5.65625, 9.42187, -119.625],
							"size": [0.0625, 0.5, 0],
							"pivot": [0, 9.67187, -119.625],
							"rotation": [0, 0, 90],
							"uv": {
								"south": {"uv": [148, 1], "uv_size": [1, -1]}
							}
						},
						{
							"origin": [-16.25, -0.35938, -119.625],
							"size": [13.5, 0.0625, 0],
							"pivot": [0, -0.32813, -119.625],
							"rotation": [0, 0, 90],
							"uv": {
								"south": {"uv": [148, 1], "uv_size": [1, -1]}
							}
						},
						{
							"origin": [14, 1.54687, -119.625],
							"size": [13, 0.75, 0],
							"pivot": [0, 1.92187, -119.625],
							"rotation": [0, 0, -90],
							"uv": {
								"south": {"uv": [148, 1], "uv_size": [1, -1]}
							}
						},
						{
							"origin": [-25.75565, 21.71521, -119.625],
							"size": [0.53033, 0.53033, 0],
							"pivot": [-14, 13.67188, -119.625],
							"rotation": [0, 0, 135],
							"uv": {
								"south": {"uv": [148, 1], "uv_size": [1, -1]}
							}
						},
						{
							"origin": [11.22532, -4.49554, -119.625],
							"size": [0.53033, 0.53033, 0],
							"pivot": [0, 4.07813, -119.625],
							"rotation": [0, 0, 135],
							"uv": {
								"south": {"uv": [149, 0], "uv_size": [-1, 1]}
							}
						},
						{
							"origin": [-14, 1.79688, -119.625],
							"size": [13.5, 0.0625, 0],
							"uv": {
								"south": {"uv": [149, 0], "uv_size": [-1, 1]}
							}
						},
						{
							"origin": [-27, 1.45313, -119.625],
							"size": [13, 0.75, 0],
							"uv": {
								"south": {"uv": [149, 0], "uv_size": [-1, 1]}
							}
						},
						{
							"origin": [0.84375, 6.20313, -119.625],
							"size": [0.0625, 0.25, 0],
							"pivot": [0, 4.07813, -119.625],
							"rotation": [0, 0, 180],
							"uv": {
								"south": {"uv": [149, 0], "uv_size": [-1, 1]}
							}
						},
						{
							"origin": [1.59375, 6.07813, -119.625],
							"size": [0.0625, 0.5, 0],
							"pivot": [0, 4.07813, -119.625],
							"rotation": [0, 0, 180],
							"uv": {
								"south": {"uv": [149, 0], "uv_size": [-1, 1]}
							}
						},
						{
							"origin": [2.34375, 6.20313, -119.625],
							"size": [0.0625, 0.25, 0],
							"pivot": [0, 4.07813, -119.625],
							"rotation": [0, 0, 180],
							"uv": {
								"south": {"uv": [149, 0], "uv_size": [-1, 1]}
							}
						},
						{
							"origin": [3.09375, 6.07813, -119.625],
							"size": [0.0625, 0.5, 0],
							"pivot": [0, 4.07813, -119.625],
							"rotation": [0, 0, 180],
							"uv": {
								"south": {"uv": [149, 0], "uv_size": [-1, 1]}
							}
						},
						{
							"origin": [6.09375, 6.07813, -119.625],
							"size": [0.0625, 0.5, 0],
							"pivot": [0, 4.07813, -119.625],
							"rotation": [0, 0, 180],
							"uv": {
								"south": {"uv": [149, 0], "uv_size": [-1, 1]}
							}
						},
						{
							"origin": [5.34375, 6.20313, -119.625],
							"size": [0.0625, 0.25, 0],
							"pivot": [0, 4.07813, -119.625],
							"rotation": [0, 0, 180],
							"uv": {
								"south": {"uv": [149, 0], "uv_size": [-1, 1]}
							}
						},
						{
							"origin": [4.59375, 6.07813, -119.625],
							"size": [0.0625, 0.5, 0],
							"pivot": [0, 4.07813, -119.625],
							"rotation": [0, 0, 180],
							"uv": {
								"south": {"uv": [149, 0], "uv_size": [-1, 1]}
							}
						},
						{
							"origin": [3.84375, 6.20313, -119.625],
							"size": [0.0625, 0.25, 0],
							"pivot": [0, 4.07813, -119.625],
							"rotation": [0, 0, 180],
							"uv": {
								"south": {"uv": [149, 0], "uv_size": [-1, 1]}
							}
						},
						{
							"origin": [9.84375, 6.20313, -119.625],
							"size": [0.0625, 0.25, 0],
							"pivot": [0, 4.07813, -119.625],
							"rotation": [0, 0, 180],
							"uv": {
								"south": {"uv": [149, 0], "uv_size": [-1, 1]}
							}
						},
						{
							"origin": [10.59375, 6.07813, -119.625],
							"size": [0.0625, 0.5, 0],
							"pivot": [0, 4.07813, -119.625],
							"rotation": [0, 0, 180],
							"uv": {
								"south": {"uv": [149, 0], "uv_size": [-1, 1]}
							}
						},
						{
							"origin": [11.34375, 6.20313, -119.625],
							"size": [0.0625, 0.25, 0],
							"pivot": [0, 4.07813, -119.625],
							"rotation": [0, 0, 180],
							"uv": {
								"south": {"uv": [149, 0], "uv_size": [-1, 1]}
							}
						},
						{
							"origin": [12.09375, 6.07812, -119.625],
							"size": [0.0625, 0.5, 0],
							"pivot": [0, 4.07813, -119.625],
							"rotation": [0, 0, 180],
							"uv": {
								"south": {"uv": [149, 0], "uv_size": [-1, 1]}
							}
						},
						{
							"origin": [9.09375, 6.07813, -119.625],
							"size": [0.0625, 0.5, 0],
							"pivot": [0, 4.07813, -119.625],
							"rotation": [0, 0, 180],
							"uv": {
								"south": {"uv": [149, 0], "uv_size": [-1, 1]}
							}
						},
						{
							"origin": [8.34375, 6.20313, -119.625],
							"size": [0.0625, 0.25, 0],
							"pivot": [0, 4.07813, -119.625],
							"rotation": [0, 0, 180],
							"uv": {
								"south": {"uv": [149, 0], "uv_size": [-1, 1]}
							}
						},
						{
							"origin": [7.59375, 6.07813, -119.625],
							"size": [0.0625, 0.5, 0],
							"pivot": [0, 4.07813, -119.625],
							"rotation": [0, 0, 180],
							"uv": {
								"south": {"uv": [149, 0], "uv_size": [-1, 1]}
							}
						},
						{
							"origin": [6.84375, 6.20313, -119.625],
							"size": [0.0625, 0.25, 0],
							"pivot": [0, 4.07813, -119.625],
							"rotation": [0, 0, 180],
							"uv": {
								"south": {"uv": [149, 0], "uv_size": [-1, 1]}
							}
						}
					]
				},
				{
					"name": "dot_illuminated",
					"parent": "division",
					"pivot": [0, 1.82813, -118.0625],
					"cubes": [
						{
							"origin": [-0.25, 1.57813, -119.6875],
							"size": [0.5, 0.5, 0],
							"pivot": [0, 1.82813, -119.6875],
							"rotation": [0, 0, -45],
							"uv": {
								"south": {"uv": [149, 7], "uv_size": [3, 3]}
							}
						}
					]
				},
				{
					"name": "scope_view",
					"pivot": [0, 2.82813, 7.0875]
				}
			]
		}
	]
}