{
	"format_version": "1.12.0",
	"minecraft:geometry": [
		{
			"description": {
				"identifier": "geometry.sight_sro_dot - Converted",
				"texture_width": 128,
				"texture_height": 128,
				"visible_bounds_width": 11,
				"visible_bounds_height": 1.5,
				"visible_bounds_offset": [0, 0.25, 0]
			},
			"bones": [
				{
					"name": "scope_view",
					"pivot": [0, 1.25, 7]
				},
				{
					"name": "scope_body",
					"pivot": [0, 19.45, 0],
					"cubes": [
						{
							"origin": [-0.62184, -0.00483, -0.92667],
							"size": [1.24055, 0.79225, 0.68378],
							"uv": {
								"north": {"uv": [6, 14], "uv_size": [-2, 1]},
								"east": {"uv": [21, 32], "uv_size": [-1, 1]},
								"south": {"uv": [2, 14], "uv_size": [-2, 1]},
								"west": {"uv": [33, 20], "uv_size": [-1, 1]},
								"up": {"uv": [14, 5], "uv_size": [2, -1]},
								"down": {"uv": [14, 8], "uv_size": [2, 1]}
							}
						},
						{
							"origin": [-0.62184, -0.00483, 0.37873],
							"size": [1.24055, 0.72975, 0.68378],
							"uv": {
								"north": {"uv": [18, 12], "uv_size": [-2, 1]},
								"east": {"uv": [25, 32], "uv_size": [-1, 1]},
								"south": {"uv": [18, 0], "uv_size": [-2, 1]},
								"west": {"uv": [33, 24], "uv_size": [-1, 1]},
								"up": {"uv": [16, 17], "uv_size": [2, -1]},
								"down": {"uv": [0, 18], "uv_size": [2, 1]}
							}
						},
						{
							"origin": [-0.09059, 0.66705, -0.05877],
							"size": [0.17805, 0.1985, 1.18378],
							"uv": {
								"north": {"uv": [18, 12], "uv_size": [-2, 1]},
								"east": {"uv": [25, 32], "uv_size": [-1, 1]},
								"south": {"uv": [18, 0], "uv_size": [-2, 1]},
								"west": {"uv": [33, 24], "uv_size": [-1, 1]},
								"up": {"uv": [16, 17], "uv_size": [2, -1]},
								"down": {"uv": [0, 18], "uv_size": [2, 1]}
							}
						},
						{
							"origin": [-0.55967, -0.00483, -0.24289],
							"size": [1.11622, 0.56217, 0.62162],
							"uv": {
								"north": {"uv": [20, 4], "uv_size": [-2, 1]},
								"east": {"uv": [29, 32], "uv_size": [-1, 1]},
								"south": {"uv": [6, 18], "uv_size": [-2, 1]},
								"west": {"uv": [33, 28], "uv_size": [-1, 1]},
								"up": {"uv": [8, 19], "uv_size": [2, -1]},
								"down": {"uv": [18, 8], "uv_size": [2, 1]}
							}
						},
						{
							"origin": [-0.20628, -0.31057, -0.24289],
							"size": [0.08792, 0.06216, 0.62162],
							"pivot": [0.03005, 0.375, 0.22477],
							"rotation": [0, 0, 45],
							"uv": {
								"north": {"uv": [5, 34], "uv_size": [-1, 1]},
								"east": {"uv": [1, 34], "uv_size": [-1, 1]},
								"south": {"uv": [33, 32], "uv_size": [-1, 1]},
								"west": {"uv": [35, 4], "uv_size": [-1, 1]},
								"up": {"uv": [8, 35], "uv_size": [1, -1]},
								"down": {"uv": [34, 8], "uv_size": [1, 1]}
							}
						},
						{
							"origin": [-0.62184, 0.55734, -0.24289],
							"size": [1.24055, 0.23008, 0.62162],
							"uv": {
								"north": {"uv": [22, 0], "uv_size": [-2, 1]},
								"east": {"uv": [13, 34], "uv_size": [-1, 1]},
								"south": {"uv": [14, 18], "uv_size": [-2, 1]},
								"west": {"uv": [37, 0], "uv_size": [-1, 1]},
								"up": {"uv": [20, 13], "uv_size": [2, -1]},
								"down": {"uv": [16, 20], "uv_size": [2, 1]}
							}
						},
						{
							"origin": [0.13376, -0.26587, -0.24289],
							"size": [0.08791, 0.06216, 0.62162],
							"pivot": [0.03005, 0.375, 0.22477],
							"rotation": [0, 0, -45],
							"uv": {
								"north": {"uv": [37, 16], "uv_size": [-1, 1]},
								"east": {"uv": [17, 36], "uv_size": [-1, 1]},
								"south": {"uv": [37, 12], "uv_size": [-1, 1]},
								"west": {"uv": [21, 36], "uv_size": [-1, 1]},
								"up": {"uv": [36, 21], "uv_size": [1, -1]},
								"down": {"uv": [24, 36], "uv_size": [1, 1]}
							}
						},
						{
							"origin": [-0.55966, 0.72491, 0.00576],
							"size": [0.42871, 0.12467, 1.05675],
							"uv": {
								"north": {"uv": [2, 22], "uv_size": [-2, 1]},
								"east": {"uv": [22, 20], "uv_size": [-2, 1]},
								"south": {"uv": [22, 16], "uv_size": [-2, 1]},
								"west": {"uv": [6, 22], "uv_size": [-2, 1]},
								"up": {"uv": [12, 14], "uv_size": [2, -2]},
								"down": {"uv": [0, 4], "uv_size": [2, 2]}
							}
						},
						{
							"origin": [0.12784, 0.72491, 0.00576],
							"size": [0.42871, 0.12467, 1.05675],
							"uv": {
								"north": {"uv": [2, 22], "uv_size": [-2, 1]},
								"east": {"uv": [22, 20], "uv_size": [-2, 1]},
								"south": {"uv": [22, 16], "uv_size": [-2, 1]},
								"west": {"uv": [6, 22], "uv_size": [-2, 1]},
								"up": {"uv": [12, 14], "uv_size": [2, -2]},
								"down": {"uv": [0, 4], "uv_size": [2, 2]}
							}
						},
						{
							"origin": [-0.43804, 0.94972, -0.0724],
							"size": [0.87297, 0.06216, 0.12432],
							"pivot": [0.03005, 0.875, 0.22477],
							"rotation": [45, 0, 0],
							"uv": {
								"north": {"uv": [10, 22], "uv_size": [-2, 1]},
								"east": {"uv": [37, 24], "uv_size": [-1, 1]},
								"south": {"uv": [24, 4], "uv_size": [-2, 1]},
								"west": {"uv": [29, 36], "uv_size": [-1, 1]},
								"up": {"uv": [22, 9], "uv_size": [2, -1]},
								"down": {"uv": [12, 22], "uv_size": [2, 1]}
							}
						},
						{
							"origin": [-0.43804, 0.56281, -0.31243],
							"size": [0.87296, 0.06216, 0.18649],
							"pivot": [0.03005, 0.875, 0.22477],
							"rotation": [-22.5, 0, 0],
							"uv": {
								"north": {"uv": [26, 12], "uv_size": [-2, 1]},
								"east": {"uv": [37, 28], "uv_size": [-1, 1]},
								"south": {"uv": [26, 0], "uv_size": [-2, 1]},
								"west": {"uv": [33, 36], "uv_size": [-1, 1]},
								"up": {"uv": [16, 25], "uv_size": [2, -1]},
								"down": {"uv": [24, 16], "uv_size": [2, 1]}
							}
						},
						{
							"origin": [0.43493, 0.78741, -0.36722],
							"size": [0.12162, 0.06217, 0.37298],
							"uv": {
								"north": {"uv": [1, 38], "uv_size": [-1, 1]},
								"east": {"uv": [37, 36], "uv_size": [-1, 1]},
								"south": {"uv": [37, 32], "uv_size": [-1, 1]},
								"west": {"uv": [5, 38], "uv_size": [-1, 1]},
								"up": {"uv": [38, 5], "uv_size": [1, -1]},
								"down": {"uv": [8, 38], "uv_size": [1, 1]}
							}
						},
						{
							"origin": [-0.55967, 0.78741, -0.36722],
							"size": [0.12163, 0.06217, 0.37298],
							"uv": {
								"north": {"uv": [41, 0], "uv_size": [-1, 1]},
								"east": {"uv": [13, 38], "uv_size": [-1, 1]},
								"south": {"uv": [39, 8], "uv_size": [-1, 1]},
								"west": {"uv": [41, 12], "uv_size": [-1, 1]},
								"up": {"uv": [16, 41], "uv_size": [1, -1]},
								"down": {"uv": [40, 16], "uv_size": [1, 1]}
							}
						},
						{
							"origin": [-0.55966, 0.78741, -0.92667],
							"size": [1.11621, 0.06217, 0.55945],
							"uv": {
								"north": {"uv": [26, 20], "uv_size": [-2, 1]},
								"east": {"uv": [21, 40], "uv_size": [-1, 1]},
								"south": {"uv": [22, 24], "uv_size": [-2, 1]},
								"west": {"uv": [41, 20], "uv_size": [-1, 1]},
								"up": {"uv": [24, 25], "uv_size": [2, -1]},
								"down": {"uv": [0, 26], "uv_size": [2, 1]}
							}
						},
						{
							"origin": [-0.49284, 1.21488, -0.92667],
							"size": [0.08792, 0.05913, 1.98918],
							"pivot": [0.03005, 0.875, 0.22477],
							"rotation": [0, 0, -45],
							"uv": {
								"north": {"uv": [41, 24], "uv_size": [-1, 1]},
								"east": {"uv": [8, 0], "uv_size": [-4, 1]},
								"south": {"uv": [25, 40], "uv_size": [-1, 1]},
								"west": {"uv": [8, 4], "uv_size": [-4, 1]},
								"up": {"uv": [0, 12], "uv_size": [1, -4]},
								"down": {"uv": [4, 8], "uv_size": [1, 4]}
							}
						},
						{
							"origin": [0.42032, 1.17018, -0.92667],
							"size": [0.08791, 0.05913, 1.98918],
							"pivot": [0.03005, 0.875, 0.22477],
							"rotation": [0, 0, 45],
							"uv": {
								"north": {"uv": [41, 28], "uv_size": [-1, 1]},
								"east": {"uv": [12, 8], "uv_size": [-4, 1]},
								"south": {"uv": [29, 40], "uv_size": [-1, 1]},
								"west": {"uv": [14, 0], "uv_size": [-4, 1]},
								"up": {"uv": [8, 16], "uv_size": [1, -4]},
								"down": {"uv": [12, 12], "uv_size": [1, 4]}
							}
						},
						{
							"origin": [-0.62183, 1.09992, 0.85371],
							"size": [0.12163, 0.61993, 0.66521],
							"uv": {
								"north": {"uv": [9, 26], "uv_size": [-1, 2]},
								"east": {"uv": [27, 4], "uv_size": [-1, 2]},
								"south": {"uv": [5, 26], "uv_size": [-1, 2]},
								"west": {"uv": [27, 8], "uv_size": [-1, 2]},
								"up": {"uv": [32, 41], "uv_size": [1, -1]},
								"down": {"uv": [40, 32], "uv_size": [1, 1]}
							}
						},
						{
							"origin": [-1.0283, 1.01145, 0.85371],
							"size": [0.12892, 0.17702, 0.66521],
							"pivot": [0.03005, 0.875, 0.72477],
							"rotation": [0, 0, 45],
							"uv": {
								"north": {"uv": [13, 42], "uv_size": [-1, 1]},
								"east": {"uv": [43, 8], "uv_size": [-1, 1]},
								"south": {"uv": [9, 42], "uv_size": [-1, 1]},
								"west": {"uv": [45, 0], "uv_size": [-1, 1]},
								"up": {"uv": [44, 13], "uv_size": [1, -1]},
								"down": {"uv": [16, 44], "uv_size": [1, 1]}
							}
						},
						{
							"origin": [-0.49666, 1.68622, 0.85371],
							"size": [0.12433, 0.1588, 0.66521],
							"uv": {
								"north": {"uv": [45, 32], "uv_size": [-1, 1]},
								"east": {"uv": [33, 44], "uv_size": [-1, 1]},
								"south": {"uv": [45, 28], "uv_size": [-1, 1]},
								"west": {"uv": [37, 44], "uv_size": [-1, 1]},
								"up": {"uv": [44, 37], "uv_size": [1, -1]},
								"down": {"uv": [40, 44], "uv_size": [1, 1]}
							}
						},
						{
							"origin": [0.36922, 1.68622, 0.85371],
							"size": [0.12432, 0.1588, 0.66521],
							"uv": {
								"north": {"uv": [1, 46], "uv_size": [-1, 1]},
								"east": {"uv": [45, 44], "uv_size": [-1, 1]},
								"south": {"uv": [45, 40], "uv_size": [-1, 1]},
								"west": {"uv": [5, 46], "uv_size": [-1, 1]},
								"up": {"uv": [46, 5], "uv_size": [1, -1]},
								"down": {"uv": [8, 46], "uv_size": [1, 1]}
							}
						},
						{
							"origin": [-0.27284, 1.67995, 0.85371],
							"size": [0.54257, 0.11674, 0.66521],
							"uv": {
								"north": {"uv": [49, 0], "uv_size": [-1, 1]},
								"east": {"uv": [13, 46], "uv_size": [-1, 1]},
								"south": {"uv": [47, 8], "uv_size": [-1, 1]},
								"west": {"uv": [49, 12], "uv_size": [-1, 1]},
								"up": {"uv": [16, 49], "uv_size": [1, -1]},
								"down": {"uv": [48, 16], "uv_size": [1, 1]}
							}
						},
						{
							"origin": [-0.38378, 1.71412, 0.85371],
							"size": [0.35845, 0.106, 0.66521],
							"pivot": [-0.23581, 1.76713, 1.18632],
							"rotation": [0, 0, 10],
							"uv": {
								"north": {"uv": [37, 48], "uv_size": [-1, 1]},
								"east": {"uv": [49, 32], "uv_size": [-1, 1]},
								"south": {"uv": [33, 48], "uv_size": [-1, 1]},
								"west": {"uv": [49, 36], "uv_size": [-1, 1]},
								"up": {"uv": [40, 49], "uv_size": [1, -1]},
								"down": {"uv": [48, 40], "uv_size": [1, 1]}
							}
						},
						{
							"origin": [0.02533, 1.71412, 0.85371],
							"size": [0.35845, 0.106, 0.66521],
							"pivot": [0.23581, 1.76713, 1.18632],
							"rotation": [0, 0, -10],
							"uv": {
								"north": {"uv": [36, 48], "uv_size": [1, 1]},
								"east": {"uv": [48, 36], "uv_size": [1, 1]},
								"south": {"uv": [32, 48], "uv_size": [1, 1]},
								"west": {"uv": [48, 32], "uv_size": [1, 1]},
								"up": {"uv": [41, 49], "uv_size": [-1, -1]},
								"down": {"uv": [49, 40], "uv_size": [-1, 1]}
							}
						},
						{
							"origin": [0.91478, 1.05615, 0.85371],
							"size": [0.12891, 0.17702, 0.66521],
							"pivot": [0.03005, 0.875, 0.72477],
							"rotation": [0, 0, -45],
							"uv": {
								"north": {"uv": [13, 50], "uv_size": [-1, 1]},
								"east": {"uv": [51, 8], "uv_size": [-1, 1]},
								"south": {"uv": [9, 50], "uv_size": [-1, 1]},
								"west": {"uv": [53, 0], "uv_size": [-1, 1]},
								"up": {"uv": [52, 13], "uv_size": [1, -1]},
								"down": {"uv": [16, 52], "uv_size": [1, 1]}
							}
						},
						{
							"origin": [-0.62183, 0.6941, 0.55954],
							"size": [0.12163, 0.93253, 0.47957],
							"pivot": [0.03005, 0.875, 0.72477],
							"rotation": [-22.5, 0, 0],
							"uv": {
								"north": {"uv": [29, 12], "uv_size": [-1, 2]},
								"east": {"uv": [29, 0], "uv_size": [-1, 2]},
								"south": {"uv": [13, 26], "uv_size": [-1, 2]},
								"west": {"uv": [17, 28], "uv_size": [-1, 2]},
								"up": {"uv": [52, 29], "uv_size": [1, -1]},
								"down": {"uv": [32, 52], "uv_size": [1, 1]}
							}
						},
						{
							"origin": [-0.62183, 0.57271, 0.5525],
							"size": [0.12163, 0.29527, 0.09022],
							"pivot": [0.03005, 0.875, 0.72477],
							"rotation": [-45, 0, 0],
							"uv": {
								"north": {"uv": [53, 36], "uv_size": [-1, 1]},
								"east": {"uv": [37, 52], "uv_size": [-1, 1]},
								"south": {"uv": [53, 32], "uv_size": [-1, 1]},
								"west": {"uv": [41, 52], "uv_size": [-1, 1]},
								"up": {"uv": [52, 41], "uv_size": [1, -1]},
								"down": {"uv": [44, 52], "uv_size": [1, 1]}
							}
						},
						{
							"origin": [0.49708, 0.57271, 0.5525],
							"size": [0.12163, 0.29527, 0.09022],
							"pivot": [0.03005, 0.875, 0.72477],
							"rotation": [-45, 0, 0],
							"uv": {
								"north": {"uv": [53, 48], "uv_size": [-1, 1]},
								"east": {"uv": [49, 52], "uv_size": [-1, 1]},
								"south": {"uv": [53, 44], "uv_size": [-1, 1]},
								"west": {"uv": [53, 52], "uv_size": [-1, 1]},
								"up": {"uv": [0, 55], "uv_size": [1, -1]},
								"down": {"uv": [4, 54], "uv_size": [1, 1]}
							}
						},
						{
							"origin": [0.49708, 1.09992, 0.85371],
							"size": [0.12163, 0.61993, 0.66521],
							"uv": {
								"north": {"uv": [29, 20], "uv_size": [-1, 2]},
								"east": {"uv": [21, 28], "uv_size": [-1, 2]},
								"south": {"uv": [29, 16], "uv_size": [-1, 2]},
								"west": {"uv": [25, 28], "uv_size": [-1, 2]},
								"up": {"uv": [16, 57], "uv_size": [1, -1]},
								"down": {"uv": [56, 16], "uv_size": [1, 1]}
							}
						},
						{
							"origin": [0.49708, -0.00945, 0.97871],
							"size": [0.12163, 0.97931, 0.16521],
							"uv": {
								"north": {"uv": [29, 20], "uv_size": [-1, 2]},
								"east": {"uv": [21, 28], "uv_size": [-1, 2]},
								"south": {"uv": [29, 16], "uv_size": [-1, 2]},
								"west": {"uv": [25, 28], "uv_size": [-1, 2]},
								"up": {"uv": [16, 57], "uv_size": [1, -1]},
								"down": {"uv": [56, 16], "uv_size": [1, 1]}
							}
						},
						{
							"origin": [-0.62183, -0.00945, 0.97871],
							"size": [0.12163, 0.97931, 0.16521],
							"uv": {
								"north": {"uv": [9, 26], "uv_size": [-1, 2]},
								"east": {"uv": [27, 4], "uv_size": [-1, 2]},
								"south": {"uv": [5, 26], "uv_size": [-1, 2]},
								"west": {"uv": [27, 8], "uv_size": [-1, 2]},
								"up": {"uv": [32, 41], "uv_size": [1, -1]},
								"down": {"uv": [40, 32], "uv_size": [1, 1]}
							}
						},
						{
							"origin": [-0.11787, 1.68848, 0.85371],
							"size": [0.31081, 0.11126, 0.66521],
							"pivot": [0.03005, 0.875, 0.72477],
							"rotation": [0, 0, 22.5],
							"uv": {
								"north": {"uv": [25, 56], "uv_size": [-1, 1]},
								"east": {"uv": [57, 20], "uv_size": [-1, 1]},
								"south": {"uv": [21, 56], "uv_size": [-1, 1]},
								"west": {"uv": [57, 24], "uv_size": [-1, 1]},
								"up": {"uv": [28, 57], "uv_size": [1, -1]},
								"down": {"uv": [56, 28], "uv_size": [1, 1]}
							}
						},
						{
							"origin": [0.6666, 1.12514, 0.85371],
							"size": [0.08019, 0.29502, 0.66521],
							"pivot": [0.03005, 0.875, 0.72477],
							"rotation": [0, 0, -22.5],
							"uv": {
								"north": {"uv": [37, 56], "uv_size": [-1, 1]},
								"east": {"uv": [57, 32], "uv_size": [-1, 1]},
								"south": {"uv": [33, 56], "uv_size": [-1, 1]},
								"west": {"uv": [57, 36], "uv_size": [-1, 1]},
								"up": {"uv": [40, 57], "uv_size": [1, -1]},
								"down": {"uv": [56, 40], "uv_size": [1, 1]}
							}
						},
						{
							"origin": [-0.74509, 1.10094, 0.85371],
							"size": [0.08019, 0.29502, 0.66521],
							"pivot": [0.03005, 0.875, 0.72477],
							"rotation": [0, 0, 22.5],
							"uv": {
								"north": {"uv": [57, 56], "uv_size": [-1, 1]},
								"east": {"uv": [57, 52], "uv_size": [-1, 1]},
								"south": {"uv": [53, 56], "uv_size": [-1, 1]},
								"west": {"uv": [1, 58], "uv_size": [-1, 1]},
								"up": {"uv": [4, 59], "uv_size": [1, -1]},
								"down": {"uv": [58, 4], "uv_size": [1, 1]}
							}
						},
						{
							"origin": [-0.19124, 1.71266, 0.85371],
							"size": [0.31081, 0.11127, 0.66521],
							"pivot": [0.03005, 0.875, 0.72477],
							"rotation": [0, 0, -22.5],
							"uv": {
								"north": {"uv": [13, 58], "uv_size": [-1, 1]},
								"east": {"uv": [59, 8], "uv_size": [-1, 1]},
								"south": {"uv": [9, 58], "uv_size": [-1, 1]},
								"west": {"uv": [61, 0], "uv_size": [-1, 1]},
								"up": {"uv": [60, 13], "uv_size": [1, -1]},
								"down": {"uv": [16, 60], "uv_size": [1, 1]}
							}
						},
						{
							"origin": [0.49708, 0.6941, 0.55954],
							"size": [0.12163, 0.93253, 0.47957],
							"pivot": [0.03005, 0.875, 0.72477],
							"rotation": [-22.5, 0, 0],
							"uv": {
								"north": {"uv": [17, 32], "uv_size": [-1, 2]},
								"east": {"uv": [33, 12], "uv_size": [-1, 2]},
								"south": {"uv": [33, 0], "uv_size": [-1, 2]},
								"west": {"uv": [33, 16], "uv_size": [-1, 2]},
								"up": {"uv": [60, 53], "uv_size": [1, -1]},
								"down": {"uv": [56, 60], "uv_size": [1, 1]}
							}
						},
						{
							"origin": [0.49708, 1.09278, 0.84776],
							"size": [0.12163, 0.62003, 0.1827],
							"pivot": [0.03005, 0.96118, 0.71611],
							"rotation": [-57.5, 0, 0],
							"uv": {
								"north": {"uv": [17, 32], "uv_size": [-1, 2]},
								"east": {"uv": [33, 12], "uv_size": [-1, 2]},
								"south": {"uv": [33, 0], "uv_size": [-1, 2]},
								"west": {"uv": [33, 16], "uv_size": [-1, 2]},
								"up": {"uv": [60, 53], "uv_size": [1, -1]},
								"down": {"uv": [56, 60], "uv_size": [1, 1]}
							}
						},
						{
							"origin": [-0.62183, 1.09278, 0.80088],
							"size": [0.12163, 0.62003, 0.22957],
							"pivot": [0.03005, 0.96118, 0.71611],
							"rotation": [-57.5, 0, 0],
							"uv": {
								"north": {"uv": [29, 12], "uv_size": [-1, 2]},
								"east": {"uv": [29, 0], "uv_size": [-1, 2]},
								"south": {"uv": [13, 26], "uv_size": [-1, 2]},
								"west": {"uv": [17, 28], "uv_size": [-1, 2]},
								"up": {"uv": [52, 29], "uv_size": [1, -1]},
								"down": {"uv": [32, 52], "uv_size": [1, 1]}
							}
						},
						{
							"origin": [0.42218, 0.89535, -0.57967],
							"size": [0.24554, 0.08239, 0.19892],
							"pivot": [0.03005, 0.875, 0.22477],
							"rotation": [22.5, 0, 0],
							"uv": {
								"north": {"uv": [1, 62], "uv_size": [-1, 1]},
								"east": {"uv": [61, 60], "uv_size": [-1, 1]},
								"south": {"uv": [61, 56], "uv_size": [-1, 1]},
								"west": {"uv": [5, 62], "uv_size": [-1, 1]},
								"up": {"uv": [62, 5], "uv_size": [1, -1]},
								"down": {"uv": [8, 62], "uv_size": [1, 1]}
							}
						},
						{
							"origin": [0.42218, 0.37883, -0.41671],
							"size": [0.24554, 0.08239, 0.19892],
							"pivot": [0.03005, 0.875, 0.22477],
							"rotation": [-22.5, 0, 0],
							"uv": {
								"north": {"uv": [65, 0], "uv_size": [-1, 1]},
								"east": {"uv": [13, 62], "uv_size": [-1, 1]},
								"south": {"uv": [63, 8], "uv_size": [-1, 1]},
								"west": {"uv": [65, 12], "uv_size": [-1, 1]},
								"up": {"uv": [16, 65], "uv_size": [1, -1]},
								"down": {"uv": [64, 16], "uv_size": [1, 1]}
							}
						},
						{
							"origin": [0.42218, 0.83709, -0.5214],
							"size": [0.24554, 0.19892, 0.08239],
							"pivot": [0.03005, 0.875, 0.22477],
							"rotation": [22.5, 0, 0],
							"uv": {
								"north": {"uv": [25, 64], "uv_size": [-1, 1]},
								"east": {"uv": [65, 20], "uv_size": [-1, 1]},
								"south": {"uv": [21, 64], "uv_size": [-1, 1]},
								"west": {"uv": [65, 24], "uv_size": [-1, 1]},
								"up": {"uv": [28, 65], "uv_size": [1, -1]},
								"down": {"uv": [64, 28], "uv_size": [1, 1]}
							}
						},
						{
							"origin": [0.42218, 0.32057, -0.35844],
							"size": [0.24554, 0.19892, 0.08239],
							"pivot": [0.03005, 0.875, 0.22477],
							"rotation": [-22.5, 0, 0],
							"uv": {
								"north": {"uv": [37, 64], "uv_size": [-1, 1]},
								"east": {"uv": [65, 32], "uv_size": [-1, 1]},
								"south": {"uv": [33, 64], "uv_size": [-1, 1]},
								"west": {"uv": [65, 36], "uv_size": [-1, 1]},
								"up": {"uv": [40, 65], "uv_size": [1, -1]},
								"down": {"uv": [64, 40], "uv_size": [1, 1]}
							}
						},
						{
							"origin": [0.42218, 0.06633, 0.09891],
							"size": [0.24554, 0.08239, 0.19892],
							"pivot": [0.03005, 0.5625, 0.74039],
							"rotation": [-22.5, 0, 0],
							"uv": {
								"north": {"uv": [65, 0], "uv_size": [-1, 1]},
								"east": {"uv": [13, 62], "uv_size": [-1, 1]},
								"south": {"uv": [63, 8], "uv_size": [-1, 1]},
								"west": {"uv": [65, 12], "uv_size": [-1, 1]},
								"up": {"uv": [16, 65], "uv_size": [1, -1]},
								"down": {"uv": [64, 16], "uv_size": [1, 1]}
							}
						},
						{
							"origin": [0.42218, 0.52459, -0.00578],
							"size": [0.24554, 0.19892, 0.08239],
							"pivot": [0.03005, 0.5625, 0.74039],
							"rotation": [22.5, 0, 0],
							"uv": {
								"north": {"uv": [25, 64], "uv_size": [-1, 1]},
								"east": {"uv": [65, 20], "uv_size": [-1, 1]},
								"south": {"uv": [21, 64], "uv_size": [-1, 1]},
								"west": {"uv": [65, 24], "uv_size": [-1, 1]},
								"up": {"uv": [28, 65], "uv_size": [1, -1]},
								"down": {"uv": [64, 28], "uv_size": [1, 1]}
							}
						},
						{
							"origin": [0.42218, 0.00807, 0.15719],
							"size": [0.24554, 0.19892, 0.08239],
							"pivot": [0.03005, 0.5625, 0.74039],
							"rotation": [-22.5, 0, 0],
							"uv": {
								"north": {"uv": [37, 64], "uv_size": [-1, 1]},
								"east": {"uv": [65, 32], "uv_size": [-1, 1]},
								"south": {"uv": [33, 64], "uv_size": [-1, 1]},
								"west": {"uv": [65, 36], "uv_size": [-1, 1]},
								"up": {"uv": [40, 65], "uv_size": [1, -1]},
								"down": {"uv": [64, 40], "uv_size": [1, 1]}
							}
						},
						{
							"origin": [0.42218, 0.58285, -0.06405],
							"size": [0.24554, 0.08239, 0.19892],
							"pivot": [0.03005, 0.5625, 0.74039],
							"rotation": [22.5, 0, 0],
							"uv": {
								"north": {"uv": [1, 62], "uv_size": [-1, 1]},
								"east": {"uv": [61, 60], "uv_size": [-1, 1]},
								"south": {"uv": [61, 56], "uv_size": [-1, 1]},
								"west": {"uv": [5, 62], "uv_size": [-1, 1]},
								"up": {"uv": [62, 5], "uv_size": [1, -1]},
								"down": {"uv": [8, 62], "uv_size": [1, 1]}
							}
						},
						{
							"origin": [-0.64032, 0.06633, 0.09891],
							"size": [0.24554, 0.08239, 0.19892],
							"pivot": [-1.03245, 0.5625, 0.74039],
							"rotation": [-22.5, 0, 0],
							"uv": {
								"north": {"uv": [65, 0], "uv_size": [-1, 1]},
								"east": {"uv": [13, 62], "uv_size": [-1, 1]},
								"south": {"uv": [63, 8], "uv_size": [-1, 1]},
								"west": {"uv": [65, 12], "uv_size": [-1, 1]},
								"up": {"uv": [16, 65], "uv_size": [1, -1]},
								"down": {"uv": [64, 16], "uv_size": [1, 1]}
							}
						},
						{
							"origin": [-0.64032, 0.52459, -0.00578],
							"size": [0.24554, 0.19892, 0.08239],
							"pivot": [-1.03245, 0.5625, 0.74039],
							"rotation": [22.5, 0, 0],
							"uv": {
								"north": {"uv": [25, 64], "uv_size": [-1, 1]},
								"east": {"uv": [65, 20], "uv_size": [-1, 1]},
								"south": {"uv": [21, 64], "uv_size": [-1, 1]},
								"west": {"uv": [65, 24], "uv_size": [-1, 1]},
								"up": {"uv": [28, 65], "uv_size": [1, -1]},
								"down": {"uv": [64, 28], "uv_size": [1, 1]}
							}
						},
						{
							"origin": [-0.64032, 0.00807, 0.15719],
							"size": [0.24554, 0.19892, 0.08239],
							"pivot": [-1.03245, 0.5625, 0.74039],
							"rotation": [-22.5, 0, 0],
							"uv": {
								"north": {"uv": [37, 64], "uv_size": [-1, 1]},
								"east": {"uv": [65, 32], "uv_size": [-1, 1]},
								"south": {"uv": [33, 64], "uv_size": [-1, 1]},
								"west": {"uv": [65, 36], "uv_size": [-1, 1]},
								"up": {"uv": [40, 65], "uv_size": [1, -1]},
								"down": {"uv": [64, 40], "uv_size": [1, 1]}
							}
						},
						{
							"origin": [-0.64032, 0.58285, -0.06405],
							"size": [0.24554, 0.08239, 0.19892],
							"pivot": [-1.03245, 0.5625, 0.74039],
							"rotation": [22.5, 0, 0],
							"uv": {
								"north": {"uv": [1, 62], "uv_size": [-1, 1]},
								"east": {"uv": [61, 60], "uv_size": [-1, 1]},
								"south": {"uv": [61, 56], "uv_size": [-1, 1]},
								"west": {"uv": [5, 62], "uv_size": [-1, 1]},
								"up": {"uv": [62, 5], "uv_size": [1, -1]},
								"down": {"uv": [8, 62], "uv_size": [1, 1]}
							}
						},
						{
							"origin": [0.26075, 0.75618, -0.71316],
							"size": [0.12359, 0.13675, 0.29838],
							"pivot": [0.03005, 0.875, 0.22477],
							"rotation": [0, 22.5, 0],
							"uv": {
								"north": {"uv": [49, 64], "uv_size": [-1, 1]},
								"east": {"uv": [65, 44], "uv_size": [-1, 1]},
								"south": {"uv": [45, 64], "uv_size": [-1, 1]},
								"west": {"uv": [65, 48], "uv_size": [-1, 1]},
								"up": {"uv": [52, 65], "uv_size": [1, -1]},
								"down": {"uv": [64, 52], "uv_size": [1, 1]}
							}
						},
						{
							"origin": [-0.38264, 0.75618, -0.68897],
							"size": [0.12359, 0.13675, 0.29838],
							"pivot": [0.03005, 0.875, 0.22477],
							"rotation": [0, -22.5, 0],
							"uv": {
								"north": {"uv": [61, 64], "uv_size": [-1, 1]},
								"east": {"uv": [65, 56], "uv_size": [-1, 1]},
								"south": {"uv": [57, 64], "uv_size": [-1, 1]},
								"west": {"uv": [65, 60], "uv_size": [-1, 1]},
								"up": {"uv": [64, 65], "uv_size": [1, -1]},
								"down": {"uv": [0, 66], "uv_size": [1, 1]}
							}
						},
						{
							"origin": [0.17335, 0.75618, -0.62576],
							"size": [0.29838, 0.13675, 0.12358],
							"pivot": [0.03005, 0.875, 0.22477],
							"rotation": [0, 22.5, 0],
							"uv": {
								"north": {"uv": [9, 66], "uv_size": [-1, 1]},
								"east": {"uv": [67, 4], "uv_size": [-1, 1]},
								"south": {"uv": [5, 66], "uv_size": [-1, 1]},
								"west": {"uv": [67, 8], "uv_size": [-1, 1]},
								"up": {"uv": [12, 67], "uv_size": [1, -1]},
								"down": {"uv": [68, 0], "uv_size": [1, 1]}
							}
						},
						{
							"origin": [-0.47004, 0.75618, -0.60158],
							"size": [0.29838, 0.13675, 0.12359],
							"pivot": [0.03005, 0.875, 0.22477],
							"rotation": [0, -22.5, 0],
							"uv": {
								"north": {"uv": [69, 16], "uv_size": [-1, 1]},
								"east": {"uv": [17, 68], "uv_size": [-1, 1]},
								"south": {"uv": [69, 12], "uv_size": [-1, 1]},
								"west": {"uv": [21, 68], "uv_size": [-1, 1]},
								"up": {"uv": [68, 21], "uv_size": [1, -1]},
								"down": {"uv": [24, 68], "uv_size": [1, 1]}
							}
						}
					]
				},
				{
					"name": "bone_illuminated",
					"parent": "scope_body",
					"pivot": [0.95559, 0.25, -1],
					"cubes": [
						{
							"origin": [-0.0225, 0.68267, 0.94123],
							"size": [0.045, 0.136, 0.23066],
							"uv": {
								"north": {"uv": [1, 2], "uv_size": [-1, 1]},
								"east": {"uv": [3, 1], "uv_size": [-1, 1]},
								"south": {"uv": [2, 2], "uv_size": [-1, 1]},
								"west": {"uv": [3, 0], "uv_size": [-1, 1]},
								"up": {"uv": [3, 2], "uv_size": [-1, 1]},
								"down": {"uv": [1, 4], "uv_size": [-1, -1]}
							}
						}
					]
				},
				{
					"name": "knobs",
					"parent": "scope_body",
					"pivot": [0, 19.45, 0]
				},
				{
					"name": "octagon3",
					"parent": "knobs",
					"pivot": [0, 19.45, 0]
				},
				{
					"name": "octagon",
					"parent": "knobs",
					"pivot": [0, 19.45, 0]
				},
				{
					"name": "screws",
					"parent": "scope_body",
					"pivot": [0, 19.40581, -1.25]
				},
				{
					"name": "division",
					"pivot": [0, 0.5, -0.5]
				},
				{
					"name": "division_illuminated",
					"parent": "division",
					"pivot": [0, 1.25125, -55.8],
					"cubes": [
						{
							"origin": [0.46071, 0.4353, -0.55877],
							"size": [0.0407, 0.011, 0.10565],
							"pivot": [-0.63486, 0.28547, -0.50594],
							"rotation": [0, 0, -45],
							"uv": {
								"north": {"uv": [3, 0], "uv_size": [1, 1]},
								"east": {"uv": [1, 3], "uv_size": [1, 1]},
								"south": {"uv": [3, 1], "uv_size": [1, 1]},
								"west": {"uv": [2, 3], "uv_size": [1, 1]}
							}
						},
						{
							"origin": [0.46071, 0.4978, -0.55877],
							"size": [0.0407, 0.011, 0.10565],
							"pivot": [-0.63486, 0.28547, -0.50594],
							"rotation": [0, 0, -45],
							"uv": {
								"south": {"uv": [3, 1], "uv_size": [1, 1]},
								"west": {"uv": [2, 3], "uv_size": [1, 1]}
							}
						},
						{
							"origin": [0.47633, 0.48218, -0.55877],
							"size": [0.00945, 0.011, 0.10565],
							"pivot": [-0.63486, 0.28547, -0.50594],
							"rotation": [0, 0, -45],
							"uv": {
								"north": {"uv": [3, 0], "uv_size": [1, 1]},
								"east": {"uv": [1, 3], "uv_size": [1, 1]},
								"south": {"uv": [3, 1], "uv_size": [1, 1]},
								"west": {"uv": [2, 3], "uv_size": [1, 1]}
							}
						},
						{
							"origin": [0.46071, 0.46655, -0.55877],
							"size": [0.0407, 0.011, 0.10565],
							"pivot": [-0.63486, 0.28547, -0.50594],
							"rotation": [0, 0, -45],
							"uv": {
								"north": {"uv": [3, 0], "uv_size": [1, 1]},
								"east": {"uv": [1, 3], "uv_size": [1, 1]},
								"south": {"uv": [3, 1], "uv_size": [1, 1]},
								"west": {"uv": [2, 3], "uv_size": [1, 1]}
							}
						},
						{
							"origin": [0.46071, 0.20093, -0.55877],
							"size": [0.0407, 0.011, 0.10565],
							"pivot": [-0.63486, 0.28547, -0.50594],
							"rotation": [0, 0, -45],
							"uv": {
								"north": {"uv": [3, 0], "uv_size": [1, 1]},
								"east": {"uv": [1, 3], "uv_size": [1, 1]},
								"south": {"uv": [3, 1], "uv_size": [1, 1]},
								"west": {"uv": [2, 3], "uv_size": [1, 1]}
							}
						},
						{
							"origin": [0.46071, 0.2478, -0.55877],
							"size": [0.0407, 0.04225, 0.10565],
							"pivot": [-0.63486, 0.28547, -0.50594],
							"rotation": [0, 0, -45],
							"uv": {
								"north": {"uv": [3, 0], "uv_size": [1, 1]},
								"east": {"uv": [1, 3], "uv_size": [1, 1]},
								"south": {"uv": [3, 1], "uv_size": [1, 1]},
								"west": {"uv": [2, 3], "uv_size": [1, 1]}
							}
						},
						{
							"origin": [0.46071, 0.35718, -0.55877],
							"size": [0.0407, 0.011, 0.10565],
							"pivot": [-0.63486, 0.28547, -0.50594],
							"rotation": [0, 0, -45],
							"uv": {
								"north": {"uv": [3, 0], "uv_size": [1, 1]},
								"east": {"uv": [1, 3], "uv_size": [1, 1]},
								"south": {"uv": [3, 1], "uv_size": [1, 1]},
								"west": {"uv": [2, 3], "uv_size": [1, 1]}
							}
						},
						{
							"origin": [0.46071, 0.3103, -0.55877],
							"size": [0.0407, 0.04225, 0.10565],
							"pivot": [-0.63486, 0.28547, -0.50594],
							"rotation": [0, 0, -45],
							"uv": {
								"north": {"uv": [3, 0], "uv_size": [1, 1]},
								"east": {"uv": [1, 3], "uv_size": [1, 1]},
								"south": {"uv": [3, 1], "uv_size": [1, 1]},
								"west": {"uv": [2, 3], "uv_size": [1, 1]}
							}
						},
						{
							"origin": [0.46071, 0.38843, -0.55877],
							"size": [0.0407, 0.02662, 0.10565],
							"pivot": [-0.63486, 0.28547, -0.50594],
							"rotation": [0, 0, -45],
							"uv": {
								"north": {"uv": [3, 0], "uv_size": [1, 1]}
							}
						},
						{
							"origin": [-0.39342, 1.31503, -0.55877],
							"size": [0.0407, 0.011, 0.10565],
							"pivot": [-0.37307, 0.85568, -0.50594],
							"rotation": [0, 0, 45],
							"uv": {
								"north": {"uv": [4, 0], "uv_size": [-1, 1]},
								"east": {"uv": [3, 3], "uv_size": [-1, 1]},
								"south": {"uv": [4, 1], "uv_size": [-1, 1]},
								"west": {"uv": [2, 3], "uv_size": [-1, 1]}
							}
						},
						{
							"origin": [-0.50141, 0.48218, -0.55877],
							"size": [0.0407, 0.04225, 0.10565],
							"pivot": [0.63486, 0.28547, -0.50594],
							"rotation": [0, 0, 45],
							"uv": {
								"south": {"uv": [4, 1], "uv_size": [-1, 1]},
								"west": {"uv": [2, 3], "uv_size": [-1, 1]}
							}
						},
						{
							"origin": [-0.39342, 0.9244, -0.55877],
							"size": [0.0407, 0.02662, 0.10565],
							"pivot": [-0.37307, 0.85568, -0.50594],
							"rotation": [0, 0, 45],
							"uv": {
								"north": {"uv": [4, 0], "uv_size": [-1, 1]},
								"east": {"uv": [3, 3], "uv_size": [-1, 1]},
								"south": {"uv": [4, 1], "uv_size": [-1, 1]},
								"west": {"uv": [2, 3], "uv_size": [-1, 1]}
							}
						},
						{
							"origin": [-0.39342, 0.8619, -0.55877],
							"size": [0.0407, 0.02662, 0.10565],
							"pivot": [-0.37307, 0.85568, -0.50594],
							"rotation": [0, 0, 45],
							"uv": {
								"north": {"uv": [4, 0], "uv_size": [-1, 1]},
								"east": {"uv": [3, 3], "uv_size": [-1, 1]},
								"south": {"uv": [4, 1], "uv_size": [-1, 1]},
								"west": {"uv": [2, 3], "uv_size": [-1, 1]}
							}
						},
						{
							"origin": [-0.39342, 1.20565, -0.55877],
							"size": [0.0407, 0.011, 0.10565],
							"pivot": [-0.37307, 0.85568, -0.50594],
							"rotation": [0, 0, 45],
							"uv": {
								"north": {"uv": [4, 0], "uv_size": [-1, 1]},
								"east": {"uv": [3, 3], "uv_size": [-1, 1]},
								"south": {"uv": [4, 1], "uv_size": [-1, 1]},
								"west": {"uv": [2, 3], "uv_size": [-1, 1]}
							}
						},
						{
							"origin": [-0.39342, 1.02887, -0.55877],
							"size": [0.0407, 0.011, 0.10565],
							"pivot": [-0.37307, 0.85568, -0.50594],
							"rotation": [0, 0, 45],
							"uv": {
								"north": {"uv": [4, 0], "uv_size": [-1, 1]},
								"east": {"uv": [3, 3], "uv_size": [-1, 1]},
								"south": {"uv": [4, 1], "uv_size": [-1, 1]},
								"west": {"uv": [2, 3], "uv_size": [-1, 1]}
							}
						},
						{
							"origin": [-0.39342, 1.2369, -0.55877],
							"size": [0.0407, 0.011, 0.10565],
							"pivot": [-0.37307, 0.85568, -0.50594],
							"rotation": [0, 0, 45],
							"uv": {
								"north": {"uv": [4, 0], "uv_size": [-1, 1]},
								"east": {"uv": [3, 3], "uv_size": [-1, 1]},
								"south": {"uv": [4, 1], "uv_size": [-1, 1]},
								"west": {"uv": [2, 3], "uv_size": [-1, 1]}
							}
						}
					]
				},
				{
					"name": "light1",
					"parent": "division_illuminated",
					"pivot": [-0.78125, 1.8164, -20.25594],
					"cubes": [
						{
							"origin": [0.3919, 0.92038, -0.55877],
							"size": [0.0407, 0.011, 0.10565],
							"pivot": [0.41225, 0.8165, -0.50594],
							"rotation": [0, 0, -45],
							"uv": {
								"north": {"uv": [3, 0], "uv_size": [1, 1]},
								"east": {"uv": [1, 3], "uv_size": [1, 1]},
								"south": {"uv": [3, 1], "uv_size": [1, 1]},
								"west": {"uv": [2, 3], "uv_size": [1, 1]}
							}
						},
						{
							"origin": [0.3919, 0.9985, -0.55877],
							"size": [0.0407, 0.04225, 0.10565],
							"pivot": [0.41225, 0.8165, -0.50594],
							"rotation": [0, 0, -45],
							"uv": {
								"north": {"uv": [3, 0], "uv_size": [1, 1]},
								"east": {"uv": [1, 3], "uv_size": [1, 1]},
								"south": {"uv": [3, 1], "uv_size": [1, 1]},
								"west": {"uv": [2, 3], "uv_size": [1, 1]}
							}
						},
						{
							"origin": [0.3919, 0.98288, -0.55877],
							"size": [0.0407, 0.011, 0.10565],
							"pivot": [0.41225, 0.8165, -0.50594],
							"rotation": [0, 0, -45],
							"uv": {
								"north": {"uv": [3, 0], "uv_size": [1, 1]},
								"east": {"uv": [1, 3], "uv_size": [1, 1]},
								"south": {"uv": [3, 1], "uv_size": [1, 1]},
								"west": {"uv": [2, 3], "uv_size": [1, 1]}
							}
						},
						{
							"origin": [0.3919, 0.936, -0.55877],
							"size": [0.0407, 0.011, 0.10565],
							"pivot": [0.41225, 0.8165, -0.50594],
							"rotation": [0, 0, -45],
							"uv": {
								"north": {"uv": [3, 0], "uv_size": [1, 1]},
								"east": {"uv": [1, 3], "uv_size": [1, 1]},
								"south": {"uv": [3, 1], "uv_size": [1, 1]},
								"west": {"uv": [2, 3], "uv_size": [1, 1]}
							}
						},
						{
							"origin": [0.3919, 0.88913, -0.55877],
							"size": [0.0407, 0.011, 0.10565],
							"pivot": [0.41225, 0.8165, -0.50594],
							"rotation": [0, 0, -45],
							"uv": {
								"north": {"uv": [3, 0], "uv_size": [1, 1]},
								"east": {"uv": [1, 3], "uv_size": [1, 1]},
								"south": {"uv": [3, 1], "uv_size": [1, 1]},
								"west": {"uv": [2, 3], "uv_size": [1, 1]}
							}
						},
						{
							"origin": [0.3919, 1.07663, -0.55877],
							"size": [0.0407, 0.011, 0.10565],
							"pivot": [0.41225, 0.8165, -0.50594],
							"rotation": [0, 0, -45],
							"uv": {
								"north": {"uv": [3, 0], "uv_size": [1, 1]},
								"east": {"uv": [1, 3], "uv_size": [1, 1]},
								"south": {"uv": [3, 1], "uv_size": [1, 1]},
								"west": {"uv": [2, 3], "uv_size": [1, 1]}
							}
						},
						{
							"origin": [-0.39342, 1.16978, -0.55877],
							"size": [0.0407, 0.005, 0.10565],
							"pivot": [-0.37307, 0.85568, -0.50594],
							"rotation": [0, 0, 45],
							"uv": {
								"north": {"uv": [4, 0], "uv_size": [-1, 1]},
								"east": {"uv": [3, 3], "uv_size": [-1, 1]},
								"south": {"uv": [4, 1], "uv_size": [-1, 1]},
								"west": {"uv": [2, 3], "uv_size": [-1, 1]}
							}
						},
						{
							"origin": [-0.39342, 0.993, -0.55877],
							"size": [0.0407, 0.005, 0.10565],
							"pivot": [-0.37307, 0.85568, -0.50594],
							"rotation": [0, 0, 45],
							"uv": {
								"north": {"uv": [4, 0], "uv_size": [-1, 1]},
								"east": {"uv": [3, 3], "uv_size": [-1, 1]},
								"south": {"uv": [4, 1], "uv_size": [-1, 1]},
								"west": {"uv": [2, 3], "uv_size": [-1, 1]}
							}
						},
						{
							"origin": [-0.39342, 1.1854, -0.55877],
							"size": [0.0407, 0.005, 0.10565],
							"pivot": [-0.37307, 0.85568, -0.50594],
							"rotation": [0, 0, 45],
							"uv": {
								"north": {"uv": [4, 0], "uv_size": [-1, 1]},
								"east": {"uv": [3, 3], "uv_size": [-1, 1]},
								"south": {"uv": [4, 1], "uv_size": [-1, 1]},
								"west": {"uv": [2, 3], "uv_size": [-1, 1]}
							}
						},
						{
							"origin": [-0.39342, 1.04478, -0.55877],
							"size": [0.0407, 0.02662, 0.10565],
							"pivot": [-0.37307, 0.85568, -0.50594],
							"rotation": [0, 0, 45],
							"uv": {
								"north": {"uv": [4, 0], "uv_size": [-1, 1]},
								"east": {"uv": [3, 3], "uv_size": [-1, 1]},
								"south": {"uv": [4, 1], "uv_size": [-1, 1]},
								"west": {"uv": [2, 3], "uv_size": [-1, 1]}
							}
						},
						{
							"origin": [-0.39342, 1.07603, -0.55877],
							"size": [0.0407, 0.02662, 0.10565],
							"pivot": [-0.37307, 0.85568, -0.50594],
							"rotation": [0, 0, 45],
							"uv": {
								"north": {"uv": [4, 0], "uv_size": [-1, 1]},
								"east": {"uv": [3, 3], "uv_size": [-1, 1]}
							}
						},
						{
							"origin": [-0.39342, 0.41659, -0.55877],
							"size": [0.0407, 0.011, 0.10565],
							"pivot": [-0.37307, 0.85568, -0.50594],
							"rotation": [0, 0, -135],
							"uv": {
								"north": {"uv": [4, 0], "uv_size": [-1, 1]},
								"east": {"uv": [3, 3], "uv_size": [-1, 1]},
								"south": {"uv": [4, 1], "uv_size": [-1, 1]},
								"west": {"uv": [2, 3], "uv_size": [-1, 1]}
							}
						},
						{
							"origin": [-0.39342, 1.1229, -0.55877],
							"size": [0.0407, 0.02662, 0.10565],
							"pivot": [-0.37307, 0.85568, -0.50594],
							"rotation": [0, 0, 45],
							"uv": {
								"north": {"uv": [4, 0], "uv_size": [-1, 1]},
								"east": {"uv": [3, 3], "uv_size": [-1, 1]},
								"south": {"uv": [4, 1], "uv_size": [-1, 1]},
								"west": {"uv": [2, 3], "uv_size": [-1, 1]}
							}
						},
						{
							"origin": [-0.39342, 1.32603, -0.55877],
							"size": [0.0407, 0.02662, 0.10565],
							"pivot": [-0.37307, 0.85568, -0.50594],
							"rotation": [0, 0, 45],
							"uv": {
								"north": {"uv": [4, 0], "uv_size": [-1, 1]},
								"east": {"uv": [3, 3], "uv_size": [-1, 1]},
								"south": {"uv": [4, 1], "uv_size": [-1, 1]},
								"west": {"uv": [2, 3], "uv_size": [-1, 1]}
							}
						},
						{
							"origin": [-0.3778, 1.3729, -0.55877],
							"size": [0.00945, 0.005, 0.10565],
							"pivot": [-0.37307, 0.85568, -0.50594],
							"rotation": [0, 0, 45],
							"uv": {
								"north": {"uv": [4, 0], "uv_size": [-1, 1]},
								"east": {"uv": [3, 3], "uv_size": [-1, 1]},
								"south": {"uv": [4, 1], "uv_size": [-1, 1]},
								"west": {"uv": [2, 3], "uv_size": [-1, 1]}
							}
						}
					]
				},
				{
					"name": "light2",
					"parent": "division_illuminated",
					"pivot": [0.78125, 1.8164, -20.25594],
					"cubes": [
						{
							"origin": [-0.48746, 1.95159, -0.55877],
							"size": [0.0407, 0.02662, 0.10565],
							"pivot": [0, 1.7539, -0.50594],
							"rotation": [0, 0, -90],
							"uv": {
								"north": {"uv": [4, 0], "uv_size": [-1, 1]},
								"east": {"uv": [3, 3], "uv_size": [-1, 1]},
								"south": {"uv": [4, 1], "uv_size": [-1, 1]},
								"west": {"uv": [2, 3], "uv_size": [-1, 1]}
							}
						},
						{
							"origin": [0.16879, 2.98284, -0.55877],
							"size": [0.0407, 0.02663, 0.10565],
							"pivot": [0.65625, 1.7539, -0.50594],
							"rotation": [0, 0, -90],
							"uv": {
								"north": {"uv": [4, 0], "uv_size": [-1, 1]},
								"west": {"uv": [2, 3], "uv_size": [-1, 1]}
							}
						},
						{
							"origin": [-0.61246, 1.98284, -0.55877],
							"size": [0.0407, 0.02662, 0.10565],
							"pivot": [-0.125, 1.7539, -0.50594],
							"rotation": [0, 0, -90],
							"uv": {
								"north": {"uv": [4, 0], "uv_size": [-1, 1]},
								"east": {"uv": [3, 3], "uv_size": [-1, 1]},
								"south": {"uv": [4, 1], "uv_size": [-1, 1]},
								"west": {"uv": [2, 3], "uv_size": [-1, 1]}
							}
						},
						{
							"origin": [0.20004, 2.96721, -0.55877],
							"size": [0.0407, 0.04225, 0.10565],
							"pivot": [0.6875, 1.7539, -0.50594],
							"rotation": [0, 0, -90],
							"uv": {
								"north": {"uv": [4, 0], "uv_size": [-1, 1]},
								"east": {"uv": [3, 3], "uv_size": [-1, 1]},
								"south": {"uv": [4, 1], "uv_size": [-1, 1]},
								"west": {"uv": [2, 3], "uv_size": [-1, 1]}
							}
						},
						{
							"origin": [-0.14371, 2.98284, -0.55877],
							"size": [0.0407, 0.02662, 0.10565],
							"pivot": [0.34375, 1.7539, -0.50594],
							"rotation": [0, 0, -90],
							"uv": {
								"north": {"uv": [4, 0], "uv_size": [-1, 1]},
								"east": {"uv": [3, 3], "uv_size": [-1, 1]}
							}
						},
						{
							"origin": [-0.19059, 2.99846, -0.55877],
							"size": [0.0407, 0.011, 0.10565],
							"pivot": [0.29688, 1.7539, -0.50594],
							"rotation": [0, 0, -90],
							"uv": {
								"north": {"uv": [4, 0], "uv_size": [-1, 1]},
								"east": {"uv": [3, 3], "uv_size": [-1, 1]},
								"south": {"uv": [4, 1], "uv_size": [-1, 1]},
								"west": {"uv": [2, 3], "uv_size": [-1, 1]}
							}
						},
						{
							"origin": [0.26254, 2.98284, -0.55877],
							"size": [0.0407, 0.02663, 0.10565],
							"pivot": [0.75, 1.7539, -0.50594],
							"rotation": [0, 0, -90],
							"uv": {
								"north": {"uv": [4, 0], "uv_size": [-1, 1]},
								"east": {"uv": [3, 3], "uv_size": [-1, 1]},
								"south": {"uv": [4, 1], "uv_size": [-1, 1]},
								"west": {"uv": [2, 3], "uv_size": [-1, 1]}
							}
						},
						{
							"origin": [-0.08121, 2.99846, -0.55877],
							"size": [0.0407, 0.011, 0.10565],
							"pivot": [0.40625, 1.7539, -0.50594],
							"rotation": [0, 0, -90],
							"uv": {
								"north": {"uv": [4, 0], "uv_size": [-1, 1]},
								"east": {"uv": [3, 3], "uv_size": [-1, 1]},
								"south": {"uv": [4, 1], "uv_size": [-1, 1]},
								"west": {"uv": [2, 3], "uv_size": [-1, 1]}
							}
						},
						{
							"origin": [-1.14371, 1.99846, -0.55877],
							"size": [0.0407, 0.011, 0.10565],
							"pivot": [-0.65625, 1.7539, -0.50594],
							"rotation": [0, 0, -90],
							"uv": {
								"north": {"uv": [4, 0], "uv_size": [-1, 1]},
								"east": {"uv": [3, 3], "uv_size": [-1, 1]},
								"south": {"uv": [4, 1], "uv_size": [-1, 1]},
								"west": {"uv": [2, 3], "uv_size": [-1, 1]}
							}
						},
						{
							"origin": [-0.04996, 2.98284, -0.55877],
							"size": [0.0407, 0.02662, 0.10565],
							"pivot": [0.4375, 1.7539, -0.50594],
							"rotation": [0, 0, -90],
							"uv": {
								"north": {"uv": [4, 0], "uv_size": [-1, 1]},
								"east": {"uv": [3, 3], "uv_size": [-1, 1]},
								"south": {"uv": [4, 1], "uv_size": [-1, 1]},
								"west": {"uv": [2, 3], "uv_size": [-1, 1]}
							}
						},
						{
							"origin": [-0.56559, 1.93596, -0.55877],
							"size": [0.0407, 0.0735, 0.10565],
							"pivot": [-0.07812, 1.7539, -0.50594],
							"rotation": [0, 0, -90],
							"uv": {
								"south": {"uv": [4, 1], "uv_size": [-1, 1]},
								"west": {"uv": [2, 3], "uv_size": [-1, 1]}
							}
						},
						{
							"origin": [0.29379, 2.99846, -0.55877],
							"size": [0.0407, 0.011, 0.10565],
							"pivot": [0.78125, 1.7539, -0.50594],
							"rotation": [0, 0, -90],
							"uv": {
								"north": {"uv": [4, 0], "uv_size": [-1, 1]},
								"east": {"uv": [3, 3], "uv_size": [-1, 1]},
								"south": {"uv": [4, 1], "uv_size": [-1, 1]},
								"west": {"uv": [2, 3], "uv_size": [-1, 1]}
							}
						},
						{
							"origin": [0.30941, 2.99846, -0.55877],
							"size": [0.0407, 0.011, 0.10565],
							"pivot": [0.79688, 1.7539, -0.50594],
							"rotation": [0, 0, -90],
							"uv": {
								"north": {"uv": [4, 0], "uv_size": [-1, 1]},
								"east": {"uv": [3, 3], "uv_size": [-1, 1]},
								"south": {"uv": [4, 1], "uv_size": [-1, 1]},
								"west": {"uv": [2, 3], "uv_size": [-1, 1]}
							}
						},
						{
							"origin": [0.34066, 2.99846, -0.55877],
							"size": [0.0407, 0.011, 0.10565],
							"pivot": [0.82813, 1.7539, -0.50594],
							"rotation": [0, 0, -90],
							"uv": {
								"north": {"uv": [4, 0], "uv_size": [-1, 1]},
								"east": {"uv": [3, 3], "uv_size": [-1, 1]},
								"south": {"uv": [4, 1], "uv_size": [-1, 1]},
								"west": {"uv": [2, 3], "uv_size": [-1, 1]}
							}
						},
						{
							"origin": [-0.26871, 2.96721, -0.55877],
							"size": [0.0407, 0.04225, 0.10565],
							"pivot": [0.21875, 1.7539, -0.50594],
							"rotation": [0, 0, -90],
							"uv": {
								"north": {"uv": [4, 0], "uv_size": [-1, 1]},
								"east": {"uv": [3, 3], "uv_size": [-1, 1]},
								"south": {"uv": [4, 1], "uv_size": [-1, 1]},
								"west": {"uv": [2, 3], "uv_size": [-1, 1]}
							}
						},
						{
							"origin": [-0.12809, 2.98284, -0.55877],
							"size": [0.0407, 0.011, 0.10565],
							"pivot": [0.35938, 1.7539, -0.50594],
							"rotation": [0, 0, -90],
							"uv": {
								"north": {"uv": [4, 0], "uv_size": [-1, 1]},
								"east": {"uv": [3, 3], "uv_size": [-1, 1]},
								"south": {"uv": [4, 1], "uv_size": [-1, 1]},
								"west": {"uv": [2, 3], "uv_size": [-1, 1]}
							}
						},
						{
							"origin": [-0.22184, 2.99846, -0.55877],
							"size": [0.0407, 0.011, 0.10565],
							"pivot": [0.26563, 1.7539, -0.50594],
							"rotation": [0, 0, -90],
							"uv": {
								"north": {"uv": [4, 0], "uv_size": [-1, 1]},
								"east": {"uv": [3, 3], "uv_size": [-1, 1]},
								"south": {"uv": [4, 1], "uv_size": [-1, 1]},
								"west": {"uv": [2, 3], "uv_size": [-1, 1]}
							}
						},
						{
							"origin": [-0.20621, 2.99846, -0.55877],
							"size": [0.0407, 0.011, 0.10565],
							"pivot": [0.28125, 1.7539, -0.50594],
							"rotation": [0, 0, -90],
							"uv": {
								"north": {"uv": [4, 0], "uv_size": [-1, 1]},
								"east": {"uv": [3, 3], "uv_size": [-1, 1]},
								"south": {"uv": [4, 1], "uv_size": [-1, 1]},
								"west": {"uv": [2, 3], "uv_size": [-1, 1]}
							}
						},
						{
							"origin": [-0.15934, 2.99846, -0.55877],
							"size": [0.0407, 0.011, 0.10565],
							"pivot": [0.32813, 1.7539, -0.50594],
							"rotation": [0, 0, -90],
							"uv": {
								"north": {"uv": [4, 0], "uv_size": [-1, 1]},
								"east": {"uv": [3, 3], "uv_size": [-1, 1]},
								"south": {"uv": [4, 1], "uv_size": [-1, 1]},
								"west": {"uv": [2, 3], "uv_size": [-1, 1]}
							}
						},
						{
							"origin": [0.12191, 2.98284, -0.55877],
							"size": [0.0407, 0.02662, 0.10565],
							"pivot": [0.60938, 1.7539, -0.50594],
							"rotation": [0, 0, -90],
							"uv": {
								"north": {"uv": [4, 0], "uv_size": [-1, 1]},
								"east": {"uv": [3, 3], "uv_size": [-1, 1]},
								"south": {"uv": [4, 1], "uv_size": [-1, 1]},
								"west": {"uv": [2, 3], "uv_size": [-1, 1]}
							}
						},
						{
							"origin": [0.07504, 2.99846, -0.55877],
							"size": [0.0407, 0.011, 0.10565],
							"pivot": [0.5625, 1.7539, -0.50594],
							"rotation": [0, 0, -90],
							"uv": {
								"north": {"uv": [4, 0], "uv_size": [-1, 1]},
								"east": {"uv": [3, 3], "uv_size": [-1, 1]},
								"south": {"uv": [4, 1], "uv_size": [-1, 1]},
								"west": {"uv": [2, 3], "uv_size": [-1, 1]}
							}
						},
						{
							"origin": [-0.87809, 1.99846, -0.55877],
							"size": [0.0407, 0.011, 0.10565],
							"pivot": [-0.39062, 1.7539, -0.50594],
							"rotation": [0, 0, -90],
							"uv": {
								"north": {"uv": [4, 0], "uv_size": [-1, 1]},
								"east": {"uv": [3, 3], "uv_size": [-1, 1]},
								"south": {"uv": [4, 1], "uv_size": [-1, 1]},
								"west": {"uv": [2, 3], "uv_size": [-1, 1]}
							}
						},
						{
							"origin": [-0.00309, 2.96721, -0.55877],
							"size": [0.0407, 0.04225, 0.10565],
							"pivot": [0.48438, 1.7539, -0.50594],
							"rotation": [0, 0, -90],
							"uv": {
								"north": {"uv": [4, 0], "uv_size": [-1, 1]},
								"east": {"uv": [3, 3], "uv_size": [-1, 1]},
								"south": {"uv": [4, 1], "uv_size": [-1, 1]},
								"west": {"uv": [2, 3], "uv_size": [-1, 1]}
							}
						},
						{
							"origin": [0.04379, 2.99846, -0.55877],
							"size": [0.0407, 0.011, 0.10565],
							"pivot": [0.53125, 1.7539, -0.50594],
							"rotation": [0, 0, -90],
							"uv": {
								"north": {"uv": [4, 0], "uv_size": [-1, 1]},
								"east": {"uv": [3, 3], "uv_size": [-1, 1]},
								"south": {"uv": [4, 1], "uv_size": [-1, 1]},
								"west": {"uv": [2, 3], "uv_size": [-1, 1]}
							}
						},
						{
							"origin": [0.05941, 2.99846, -0.55877],
							"size": [0.0407, 0.011, 0.10565],
							"pivot": [0.54688, 1.7539, -0.50594],
							"rotation": [0, 0, -90],
							"uv": {
								"north": {"uv": [4, 0], "uv_size": [-1, 1]},
								"east": {"uv": [3, 3], "uv_size": [-1, 1]},
								"south": {"uv": [4, 1], "uv_size": [-1, 1]},
								"west": {"uv": [2, 3], "uv_size": [-1, 1]}
							}
						},
						{
							"origin": [0.10629, 2.99846, -0.55877],
							"size": [0.0407, 0.011, 0.10565],
							"pivot": [0.59375, 1.7539, -0.50594],
							"rotation": [0, 0, -90],
							"uv": {
								"north": {"uv": [4, 0], "uv_size": [-1, 1]},
								"east": {"uv": [3, 3], "uv_size": [-1, 1]},
								"south": {"uv": [4, 1], "uv_size": [-1, 1]},
								"west": {"uv": [2, 3], "uv_size": [-1, 1]}
							}
						},
						{
							"origin": [-0.40934, 2.98284, -0.55877],
							"size": [0.0407, 0.02662, 0.10565],
							"pivot": [0.07813, 1.7539, -0.50594],
							"rotation": [0, 0, -90],
							"uv": {
								"east": {"uv": [3, 3], "uv_size": [-1, 1]},
								"south": {"uv": [4, 1], "uv_size": [-1, 1]},
								"west": {"uv": [2, 3], "uv_size": [-1, 1]}
							}
						},
						{
							"origin": [-0.29996, 2.99846, -0.55877],
							"size": [0.0407, 0.011, 0.10565],
							"pivot": [0.1875, 1.7539, -0.50594],
							"rotation": [0, 0, -90],
							"uv": {
								"north": {"uv": [4, 0], "uv_size": [-1, 1]},
								"east": {"uv": [3, 3], "uv_size": [-1, 1]},
								"south": {"uv": [4, 1], "uv_size": [-1, 1]},
								"west": {"uv": [2, 3], "uv_size": [-1, 1]}
							}
						},
						{
							"origin": [-0.33121, 2.99846, -0.55877],
							"size": [0.0407, 0.011, 0.10565],
							"pivot": [0.15625, 1.7539, -0.50594],
							"rotation": [0, 0, -90],
							"uv": {
								"north": {"uv": [4, 0], "uv_size": [-1, 1]},
								"east": {"uv": [3, 3], "uv_size": [-1, 1]},
								"south": {"uv": [4, 1], "uv_size": [-1, 1]},
								"west": {"uv": [2, 3], "uv_size": [-1, 1]}
							}
						},
						{
							"origin": [-0.34684, 2.99846, -0.55877],
							"size": [0.0407, 0.011, 0.10565],
							"pivot": [0.14063, 1.7539, -0.50594],
							"rotation": [0, 0, -90],
							"uv": {
								"north": {"uv": [4, 0], "uv_size": [-1, 1]},
								"east": {"uv": [3, 3], "uv_size": [-1, 1]},
								"south": {"uv": [4, 1], "uv_size": [-1, 1]},
								"west": {"uv": [2, 3], "uv_size": [-1, 1]}
							}
						},
						{
							"origin": [-0.37809, 2.98284, -0.55877],
							"size": [0.0407, 0.02662, 0.10565],
							"pivot": [0.10938, 1.7539, -0.50594],
							"rotation": [0, 0, -90],
							"uv": {
								"north": {"uv": [4, 0], "uv_size": [-1, 1]},
								"east": {"uv": [3, 3], "uv_size": [-1, 1]},
								"south": {"uv": [4, 1], "uv_size": [-1, 1]},
								"west": {"uv": [2, 3], "uv_size": [-1, 1]}
							}
						},
						{
							"origin": [0.51254, 2.99846, -0.55877],
							"size": [0.0407, 0.005, 0.10565],
							"pivot": [1, 1.7539, -0.50594],
							"rotation": [0, 0, -90],
							"uv": {
								"north": {"uv": [4, 0], "uv_size": [-1, 1]},
								"east": {"uv": [3, 3], "uv_size": [-1, 1]},
								"south": {"uv": [4, 1], "uv_size": [-1, 1]},
								"west": {"uv": [2, 3], "uv_size": [-1, 1]}
							}
						},
						{
							"origin": [0.52816, 2.99846, -0.55877],
							"size": [0.0407, 0.005, 0.10565],
							"pivot": [1.01563, 1.7539, -0.50594],
							"rotation": [0, 0, -90],
							"uv": {
								"north": {"uv": [4, 0], "uv_size": [-1, 1]},
								"east": {"uv": [3, 3], "uv_size": [-1, 1]},
								"south": {"uv": [4, 1], "uv_size": [-1, 1]},
								"west": {"uv": [2, 3], "uv_size": [-1, 1]}
							}
						},
						{
							"origin": [0.44676, 1.95159, -0.55877],
							"size": [0.0407, 0.02662, 0.10565],
							"pivot": [0, 1.7539, -0.50594],
							"rotation": [0, 0, 90],
							"uv": {
								"north": {"uv": [3, 0], "uv_size": [1, 1]},
								"east": {"uv": [1, 3], "uv_size": [1, 1]},
								"south": {"uv": [3, 1], "uv_size": [1, 1]},
								"west": {"uv": [2, 3], "uv_size": [1, 1]}
							}
						},
						{
							"origin": [-0.20949, 2.98284, -0.55877],
							"size": [0.0407, 0.02663, 0.10565],
							"pivot": [-0.65625, 1.7539, -0.50594],
							"rotation": [0, 0, 90],
							"uv": {
								"north": {"uv": [3, 0], "uv_size": [1, 1]},
								"east": {"uv": [1, 3], "uv_size": [1, 1]},
								"south": {"uv": [3, 1], "uv_size": [1, 1]},
								"west": {"uv": [2, 3], "uv_size": [1, 1]}
							}
						},
						{
							"origin": [0.57176, 1.98284, -0.55877],
							"size": [0.0407, 0.02662, 0.10565],
							"pivot": [0.125, 1.7539, -0.50594],
							"rotation": [0, 0, 90],
							"uv": {
								"north": {"uv": [3, 0], "uv_size": [1, 1]},
								"east": {"uv": [1, 3], "uv_size": [1, 1]},
								"south": {"uv": [3, 1], "uv_size": [1, 1]},
								"west": {"uv": [2, 3], "uv_size": [1, 1]}
							}
						},
						{
							"origin": [-0.24074, 2.96721, -0.55877],
							"size": [0.0407, 0.04225, 0.10565],
							"pivot": [-0.6875, 1.7539, -0.50594],
							"rotation": [0, 0, 90],
							"uv": {
								"north": {"uv": [3, 0], "uv_size": [1, 1]},
								"east": {"uv": [1, 3], "uv_size": [1, 1]},
								"south": {"uv": [3, 1], "uv_size": [1, 1]},
								"west": {"uv": [2, 3], "uv_size": [1, 1]}
							}
						},
						{
							"origin": [0.10301, 2.98284, -0.55877],
							"size": [0.0407, 0.02662, 0.10565],
							"pivot": [-0.34375, 1.7539, -0.50594],
							"rotation": [0, 0, 90],
							"uv": {
								"north": {"uv": [3, 0], "uv_size": [1, 1]},
								"east": {"uv": [1, 3], "uv_size": [1, 1]},
								"south": {"uv": [3, 1], "uv_size": [1, 1]},
								"west": {"uv": [2, 3], "uv_size": [1, 1]}
							}
						},
						{
							"origin": [0.14989, 2.99846, -0.55877],
							"size": [0.0407, 0.011, 0.10565],
							"pivot": [-0.29688, 1.7539, -0.50594],
							"rotation": [0, 0, 90],
							"uv": {
								"north": {"uv": [3, 0], "uv_size": [1, 1]},
								"east": {"uv": [1, 3], "uv_size": [1, 1]},
								"south": {"uv": [3, 1], "uv_size": [1, 1]},
								"west": {"uv": [2, 3], "uv_size": [1, 1]}
							}
						},
						{
							"origin": [-0.30324, 2.98284, -0.55877],
							"size": [0.0407, 0.02663, 0.10565],
							"pivot": [-0.75, 1.7539, -0.50594],
							"rotation": [0, 0, 90],
							"uv": {
								"north": {"uv": [3, 0], "uv_size": [1, 1]}
							}
						},
						{
							"origin": [1.10301, 1.99846, -0.55877],
							"size": [0.0407, 0.011, 0.10565],
							"pivot": [0.65625, 1.7539, -0.50594],
							"rotation": [0, 0, 90],
							"uv": {
								"north": {"uv": [3, 0], "uv_size": [1, 1]},
								"east": {"uv": [1, 3], "uv_size": [1, 1]},
								"south": {"uv": [3, 1], "uv_size": [1, 1]},
								"west": {"uv": [2, 3], "uv_size": [1, 1]}
							}
						},
						{
							"origin": [0.00926, 2.98284, -0.55877],
							"size": [0.0407, 0.02662, 0.10565],
							"pivot": [-0.4375, 1.7539, -0.50594],
							"rotation": [0, 0, 90],
							"uv": {
								"north": {"uv": [3, 0], "uv_size": [1, 1]},
								"east": {"uv": [1, 3], "uv_size": [1, 1]},
								"south": {"uv": [3, 1], "uv_size": [1, 1]},
								"west": {"uv": [2, 3], "uv_size": [1, 1]}
							}
						},
						{
							"origin": [0.52489, 1.93596, -0.55877],
							"size": [0.0407, 0.0735, 0.10565],
							"pivot": [0.07812, 1.7539, -0.50594],
							"rotation": [0, 0, 90],
							"uv": {
								"north": {"uv": [3, 0], "uv_size": [1, 1]},
								"east": {"uv": [1, 3], "uv_size": [1, 1]},
								"south": {"uv": [3, 1], "uv_size": [1, 1]},
								"west": {"uv": [2, 3], "uv_size": [1, 1]}
							}
						},
						{
							"origin": [-0.33449, 2.99846, -0.55877],
							"size": [0.0407, 0.011, 0.10565],
							"pivot": [-0.78125, 1.7539, -0.50594],
							"rotation": [0, 0, 90],
							"uv": {
								"north": {"uv": [3, 0], "uv_size": [1, 1]},
								"east": {"uv": [1, 3], "uv_size": [1, 1]},
								"south": {"uv": [3, 1], "uv_size": [1, 1]},
								"west": {"uv": [2, 3], "uv_size": [1, 1]}
							}
						},
						{
							"origin": [-0.35011, 2.99846, -0.55877],
							"size": [0.0407, 0.011, 0.10565],
							"pivot": [-0.79688, 1.7539, -0.50594],
							"rotation": [0, 0, 90],
							"uv": {
								"north": {"uv": [3, 0], "uv_size": [1, 1]},
								"east": {"uv": [1, 3], "uv_size": [1, 1]},
								"south": {"uv": [3, 1], "uv_size": [1, 1]},
								"west": {"uv": [2, 3], "uv_size": [1, 1]}
							}
						},
						{
							"origin": [-0.38136, 2.99846, -0.55877],
							"size": [0.0407, 0.011, 0.10565],
							"pivot": [-0.82813, 1.7539, -0.50594],
							"rotation": [0, 0, 90],
							"uv": {
								"north": {"uv": [3, 0], "uv_size": [1, 1]},
								"east": {"uv": [1, 3], "uv_size": [1, 1]},
								"south": {"uv": [3, 1], "uv_size": [1, 1]},
								"west": {"uv": [2, 3], "uv_size": [1, 1]}
							}
						},
						{
							"origin": [0.22801, 2.96721, -0.55877],
							"size": [0.0407, 0.04225, 0.10565],
							"pivot": [-0.21875, 1.7539, -0.50594],
							"rotation": [0, 0, 90],
							"uv": {
								"north": {"uv": [3, 0], "uv_size": [1, 1]},
								"east": {"uv": [1, 3], "uv_size": [1, 1]},
								"south": {"uv": [3, 1], "uv_size": [1, 1]},
								"west": {"uv": [2, 3], "uv_size": [1, 1]}
							}
						},
						{
							"origin": [0.08739, 2.98284, -0.55877],
							"size": [0.0407, 0.011, 0.10565],
							"pivot": [-0.35938, 1.7539, -0.50594],
							"rotation": [0, 0, 90],
							"uv": {
								"north": {"uv": [3, 0], "uv_size": [1, 1]},
								"east": {"uv": [1, 3], "uv_size": [1, 1]},
								"south": {"uv": [3, 1], "uv_size": [1, 1]},
								"west": {"uv": [2, 3], "uv_size": [1, 1]}
							}
						},
						{
							"origin": [0.18114, 2.99846, -0.55877],
							"size": [0.0407, 0.011, 0.10565],
							"pivot": [-0.26563, 1.7539, -0.50594],
							"rotation": [0, 0, 90],
							"uv": {
								"north": {"uv": [3, 0], "uv_size": [1, 1]},
								"east": {"uv": [1, 3], "uv_size": [1, 1]},
								"south": {"uv": [3, 1], "uv_size": [1, 1]},
								"west": {"uv": [2, 3], "uv_size": [1, 1]}
							}
						},
						{
							"origin": [0.16551, 2.99846, -0.55877],
							"size": [0.0407, 0.011, 0.10565],
							"pivot": [-0.28125, 1.7539, -0.50594],
							"rotation": [0, 0, 90],
							"uv": {
								"north": {"uv": [3, 0], "uv_size": [1, 1]},
								"east": {"uv": [1, 3], "uv_size": [1, 1]},
								"south": {"uv": [3, 1], "uv_size": [1, 1]},
								"west": {"uv": [2, 3], "uv_size": [1, 1]}
							}
						},
						{
							"origin": [0.11864, 2.99846, -0.55877],
							"size": [0.0407, 0.011, 0.10565],
							"pivot": [-0.32813, 1.7539, -0.50594],
							"rotation": [0, 0, 90],
							"uv": {
								"north": {"uv": [3, 0], "uv_size": [1, 1]},
								"east": {"uv": [1, 3], "uv_size": [1, 1]},
								"south": {"uv": [3, 1], "uv_size": [1, 1]},
								"west": {"uv": [2, 3], "uv_size": [1, 1]}
							}
						},
						{
							"origin": [0.36864, 2.98284, -0.55877],
							"size": [0.0407, 0.02662, 0.10565],
							"pivot": [-0.07813, 1.7539, -0.50594],
							"rotation": [0, 0, 90],
							"uv": {
								"north": {"uv": [3, 0], "uv_size": [1, 1]},
								"east": {"uv": [1, 3], "uv_size": [1, 1]},
								"south": {"uv": [3, 1], "uv_size": [1, 1]},
								"west": {"uv": [2, 3], "uv_size": [1, 1]}
							}
						},
						{
							"origin": [0.25926, 2.99846, -0.55877],
							"size": [0.0407, 0.011, 0.10565],
							"pivot": [-0.1875, 1.7539, -0.50594],
							"rotation": [0, 0, 90],
							"uv": {
								"north": {"uv": [3, 0], "uv_size": [1, 1]},
								"east": {"uv": [1, 3], "uv_size": [1, 1]},
								"south": {"uv": [3, 1], "uv_size": [1, 1]},
								"west": {"uv": [2, 3], "uv_size": [1, 1]}
							}
						},
						{
							"origin": [0.29051, 2.99846, -0.55877],
							"size": [0.0407, 0.011, 0.10565],
							"pivot": [-0.15625, 1.7539, -0.50594],
							"rotation": [0, 0, 90],
							"uv": {
								"north": {"uv": [3, 0], "uv_size": [1, 1]},
								"east": {"uv": [1, 3], "uv_size": [1, 1]},
								"south": {"uv": [3, 1], "uv_size": [1, 1]},
								"west": {"uv": [2, 3], "uv_size": [1, 1]}
							}
						},
						{
							"origin": [0.30614, 2.99846, -0.55877],
							"size": [0.0407, 0.011, 0.10565],
							"pivot": [-0.14063, 1.7539, -0.50594],
							"rotation": [0, 0, 90],
							"uv": {
								"north": {"uv": [3, 0], "uv_size": [1, 1]},
								"east": {"uv": [1, 3], "uv_size": [1, 1]},
								"south": {"uv": [3, 1], "uv_size": [1, 1]},
								"west": {"uv": [2, 3], "uv_size": [1, 1]}
							}
						},
						{
							"origin": [0.33739, 2.98284, -0.55877],
							"size": [0.0407, 0.02662, 0.10565],
							"pivot": [-0.10938, 1.7539, -0.50594],
							"rotation": [0, 0, 90],
							"uv": {
								"north": {"uv": [3, 0], "uv_size": [1, 1]},
								"east": {"uv": [1, 3], "uv_size": [1, 1]}
							}
						},
						{
							"origin": [-0.55324, 2.99846, -0.55877],
							"size": [0.0407, 0.005, 0.10565],
							"pivot": [-1, 1.7539, -0.50594],
							"rotation": [0, 0, 90],
							"uv": {
								"north": {"uv": [3, 0], "uv_size": [1, 1]},
								"east": {"uv": [1, 3], "uv_size": [1, 1]},
								"south": {"uv": [3, 1], "uv_size": [1, 1]},
								"west": {"uv": [2, 3], "uv_size": [1, 1]}
							}
						},
						{
							"origin": [-0.56886, 2.99846, -0.55877],
							"size": [0.0407, 0.005, 0.10565],
							"pivot": [-1.01563, 1.7539, -0.50594],
							"rotation": [0, 0, 90],
							"uv": {
								"north": {"uv": [3, 0], "uv_size": [1, 1]},
								"east": {"uv": [1, 3], "uv_size": [1, 1]},
								"south": {"uv": [3, 1], "uv_size": [1, 1]},
								"west": {"uv": [2, 3], "uv_size": [1, 1]}
							}
						},
						{
							"origin": [-0.14699, 2.99846, -0.55877],
							"size": [0.0407, 0.011, 0.10565],
							"pivot": [-0.59375, 1.7539, -0.50594],
							"rotation": [0, 0, 90],
							"uv": {
								"north": {"uv": [3, 0], "uv_size": [1, 1]},
								"east": {"uv": [1, 3], "uv_size": [1, 1]},
								"south": {"uv": [3, 1], "uv_size": [1, 1]},
								"west": {"uv": [2, 3], "uv_size": [1, 1]}
							}
						},
						{
							"origin": [-0.10011, 2.99846, -0.55877],
							"size": [0.0407, 0.011, 0.10565],
							"pivot": [-0.54688, 1.7539, -0.50594],
							"rotation": [0, 0, 90],
							"uv": {
								"north": {"uv": [3, 0], "uv_size": [1, 1]},
								"east": {"uv": [1, 3], "uv_size": [1, 1]},
								"south": {"uv": [3, 1], "uv_size": [1, 1]},
								"west": {"uv": [2, 3], "uv_size": [1, 1]}
							}
						},
						{
							"origin": [-0.08449, 2.99846, -0.55877],
							"size": [0.0407, 0.011, 0.10565],
							"pivot": [-0.53125, 1.7539, -0.50594],
							"rotation": [0, 0, 90],
							"uv": {
								"north": {"uv": [3, 0], "uv_size": [1, 1]},
								"east": {"uv": [1, 3], "uv_size": [1, 1]},
								"south": {"uv": [3, 1], "uv_size": [1, 1]},
								"west": {"uv": [2, 3], "uv_size": [1, 1]}
							}
						},
						{
							"origin": [-0.03761, 2.96721, -0.55877],
							"size": [0.0407, 0.04225, 0.10565],
							"pivot": [-0.48438, 1.7539, -0.50594],
							"rotation": [0, 0, 90],
							"uv": {
								"north": {"uv": [3, 0], "uv_size": [1, 1]},
								"south": {"uv": [3, 1], "uv_size": [1, 1]}
							}
						},
						{
							"origin": [0.83739, 1.99846, -0.55877],
							"size": [0.0407, 0.011, 0.10565],
							"pivot": [0.39062, 1.7539, -0.50594],
							"rotation": [0, 0, 90],
							"uv": {
								"north": {"uv": [3, 0], "uv_size": [1, 1]},
								"east": {"uv": [1, 3], "uv_size": [1, 1]},
								"south": {"uv": [3, 1], "uv_size": [1, 1]},
								"west": {"uv": [2, 3], "uv_size": [1, 1]}
							}
						},
						{
							"origin": [-0.11574, 2.99846, -0.55877],
							"size": [0.0407, 0.011, 0.10565],
							"pivot": [-0.5625, 1.7539, -0.50594],
							"rotation": [0, 0, 90],
							"uv": {
								"north": {"uv": [3, 0], "uv_size": [1, 1]},
								"east": {"uv": [1, 3], "uv_size": [1, 1]},
								"south": {"uv": [3, 1], "uv_size": [1, 1]},
								"west": {"uv": [2, 3], "uv_size": [1, 1]}
							}
						},
						{
							"origin": [-0.16261, 2.98284, -0.55877],
							"size": [0.0407, 0.02662, 0.10565],
							"pivot": [-0.60938, 1.7539, -0.50594],
							"rotation": [0, 0, 90],
							"uv": {
								"north": {"uv": [3, 0], "uv_size": [1, 1]},
								"east": {"uv": [1, 3], "uv_size": [1, 1]},
								"south": {"uv": [3, 1], "uv_size": [1, 1]},
								"west": {"uv": [2, 3], "uv_size": [1, 1]}
							}
						},
						{
							"origin": [0.04051, 2.99846, -0.55877],
							"size": [0.0407, 0.011, 0.10565],
							"pivot": [-0.40625, 1.7539, -0.50594],
							"rotation": [0, 0, 90],
							"uv": {
								"north": {"uv": [3, 0], "uv_size": [1, 1]},
								"east": {"uv": [1, 3], "uv_size": [1, 1]},
								"south": {"uv": [3, 1], "uv_size": [1, 1]},
								"west": {"uv": [2, 3], "uv_size": [1, 1]}
							}
						}
					]
				},
				{
					"name": "light",
					"parent": "light2",
					"pivot": [-0.03905, 0.91179, -0.25594],
					"cubes": [
						{
							"origin": [-0.02058, 0.52348, -0.55877],
							"size": [0.04105, 0.011, 0.10565],
							"uv": {
								"east": {"uv": [2, 4], "uv_size": [1, 1]},
								"south": {"uv": [4, 2], "uv_size": [1, 1]}
							}
						},
						{
							"origin": [-0.02048, 0.76567, -0.55877],
							"size": [0.04105, 0.02662, 0.10565],
							"uv": {
								"north": {"uv": [4, 0], "uv_size": [-1, 1]},
								"east": {"uv": [3, 3], "uv_size": [-1, 1]},
								"south": {"uv": [4, 1], "uv_size": [-1, 1]},
								"west": {"uv": [2, 3], "uv_size": [-1, 1]}
							}
						},
						{
							"origin": [-0.02048, 0.82817, -0.55877],
							"size": [0.04105, 0.011, 0.10565],
							"uv": {
								"north": {"uv": [4, 0], "uv_size": [-1, 1]},
								"east": {"uv": [3, 3], "uv_size": [-1, 1]},
								"south": {"uv": [4, 1], "uv_size": [-1, 1]},
								"west": {"uv": [2, 3], "uv_size": [-1, 1]}
							}
						},
						{
							"origin": [-0.02048, 0.78129, -0.55877],
							"size": [0.04105, 0.011, 0.10565],
							"uv": {
								"north": {"uv": [4, 0], "uv_size": [-1, 1]},
								"east": {"uv": [3, 3], "uv_size": [-1, 1]},
								"south": {"uv": [4, 1], "uv_size": [-1, 1]},
								"west": {"uv": [2, 3], "uv_size": [-1, 1]}
							}
						},
						{
							"origin": [-0.02048, 0.87504, -0.55877],
							"size": [0.04105, 0.04225, 0.10565],
							"uv": {
								"north": {"uv": [4, 0], "uv_size": [-1, 1]},
								"east": {"uv": [3, 3], "uv_size": [-1, 1]},
								"south": {"uv": [4, 1], "uv_size": [-1, 1]},
								"west": {"uv": [2, 3], "uv_size": [-1, 1]}
							}
						},
						{
							"origin": [-0.02048, 0.85942, -0.55877],
							"size": [0.04105, 0.011, 0.10565],
							"uv": {
								"north": {"uv": [4, 0], "uv_size": [-1, 1]},
								"east": {"uv": [3, 3], "uv_size": [-1, 1]},
								"south": {"uv": [4, 1], "uv_size": [-1, 1]},
								"west": {"uv": [2, 3], "uv_size": [-1, 1]}
							}
						},
						{
							"origin": [-0.02048, 0.84379, -0.55877],
							"size": [0.04105, 0.011, 0.10565],
							"uv": {
								"north": {"uv": [4, 0], "uv_size": [-1, 1]},
								"east": {"uv": [3, 3], "uv_size": [-1, 1]},
								"south": {"uv": [4, 1], "uv_size": [-1, 1]},
								"west": {"uv": [2, 3], "uv_size": [-1, 1]}
							}
						},
						{
							"origin": [-0.02048, 0.79692, -0.55877],
							"size": [0.04105, 0.011, 0.10565],
							"uv": {
								"north": {"uv": [4, 0], "uv_size": [-1, 1]},
								"east": {"uv": [3, 3], "uv_size": [-1, 1]},
								"south": {"uv": [4, 1], "uv_size": [-1, 1]},
								"west": {"uv": [2, 3], "uv_size": [-1, 1]}
							}
						},
						{
							"origin": [-0.02048, 0.93754, -0.55877],
							"size": [0.04105, 0.02662, 0.10565],
							"uv": {
								"north": {"uv": [4, 0], "uv_size": [-1, 1]},
								"east": {"uv": [3, 3], "uv_size": [-1, 1]},
								"south": {"uv": [4, 1], "uv_size": [-1, 1]},
								"west": {"uv": [2, 3], "uv_size": [-1, 1]}
							}
						},
						{
							"origin": [-0.02048, 0.67192, -0.55877],
							"size": [0.04105, 0.04225, 0.10565],
							"uv": {
								"north": {"uv": [4, 0], "uv_size": [-1, 1]},
								"east": {"uv": [3, 3], "uv_size": [-1, 1]},
								"south": {"uv": [4, 1], "uv_size": [-1, 1]},
								"west": {"uv": [2, 3], "uv_size": [-1, 1]}
							}
						},
						{
							"origin": [-0.02047, 0.71879, -0.55877],
							"size": [0.04105, 0.02663, 0.10565],
							"uv": {
								"north": {"uv": [4, 0], "uv_size": [-1, 1]},
								"east": {"uv": [3, 3], "uv_size": [-1, 1]},
								"south": {"uv": [4, 1], "uv_size": [-1, 1]},
								"west": {"uv": [2, 3], "uv_size": [-1, 1]}
							}
						},
						{
							"origin": [-0.02048, 0.65629, -0.55877],
							"size": [0.04105, 0.02662, 0.10565],
							"uv": {
								"north": {"uv": [4, 0], "uv_size": [-1, 1]},
								"east": {"uv": [3, 3], "uv_size": [-1, 1]},
								"south": {"uv": [4, 1], "uv_size": [-1, 1]},
								"west": {"uv": [2, 3], "uv_size": [-1, 1]}
							}
						},
						{
							"origin": [-0.02048, 0.56254, -0.55877],
							"size": [0.04105, 0.011, 0.10565],
							"uv": {
								"north": {"uv": [4, 0], "uv_size": [-1, 1]},
								"east": {"uv": [3, 3], "uv_size": [-1, 1]},
								"south": {"uv": [4, 1], "uv_size": [-1, 1]},
								"west": {"uv": [2, 3], "uv_size": [-1, 1]}
							}
						},
						{
							"origin": [-0.02048, 0.57817, -0.55877],
							"size": [0.04105, 0.011, 0.10565],
							"uv": {
								"north": {"uv": [4, 0], "uv_size": [-1, 1]},
								"east": {"uv": [3, 3], "uv_size": [-1, 1]},
								"south": {"uv": [4, 1], "uv_size": [-1, 1]},
								"west": {"uv": [2, 3], "uv_size": [-1, 1]}
							}
						},
						{
							"origin": [-0.02048, 0.59379, -0.55877],
							"size": [0.04105, 0.04225, 0.10565],
							"uv": {
								"north": {"uv": [4, 0], "uv_size": [-1, 1]},
								"east": {"uv": [3, 3], "uv_size": [-1, 1]},
								"south": {"uv": [4, 1], "uv_size": [-1, 1]},
								"west": {"uv": [2, 3], "uv_size": [-1, 1]}
							}
						}
					]
				},
				{
					"name": "ocular",
					"pivot": [0, 3.10938, -0.2875],
					"cubes": [
						{
							"origin": [-0.54826, 0.57114, 0.95687],
							"size": [1.10901, 1.21241, 0.02463],
							"uv": {
								"south": {"uv": [0, 0], "uv_size": [0, 0]}
							}
						}
					]
				}
			]
		}
	]
}